,모델,Recall,Precision
0,피크 직접분류,1.0,0.12197028928850664
1,피크 직접분류,1.0,0.12206572769953052
2,피크 직접분류,1.0,0.12216131558339859
3,피크 직접분류,1.0,0.12225705329153605
4,피크 직접분류,1.0,0.1223529411764706
5,피크 직접분류,1.0,0.12244897959183673
6,피크 직접분류,1.0,0.12254516889238021
7,피크 직접분류,1.0,0.12264150943396226
8,피크 직접분류,1.0,0.12273800157356413
9,피크 직접분류,1.0,0.12283464566929134
10,피크 직접분류,1.0,0.12293144208037825
11,피크 직접분류,1.0,0.12302839116719243
12,피크 직접분류,1.0,0.12312549329123915
13,피크 직접분류,1.0,0.12322274881516587
14,피크 직접분류,1.0,0.1233201581027668
15,피크 직접분류,1.0,0.12341772151898735
16,피크 직접분류,1.0,0.12351543942992874
17,피크 직접분류,1.0,0.12361331220285261
18,피크 직접분류,1.0,0.12371134020618557
19,피크 직접분류,1.0,0.12380952380952381
20,피크 직접분류,1.0,0.12390786338363781
21,피크 직접분류,1.0,0.12400635930047695
22,피크 직접분류,1.0,0.12410501193317422
23,피크 직접분류,1.0,0.12420382165605096
24,피크 직접분류,1.0,0.12430278884462151
25,피크 직접분류,1.0,0.12440191387559808
26,피크 직접분류,1.0,0.12450119712689545
27,피크 직접분류,1.0,0.12460063897763578
28,피크 직접분류,1.0,0.12470023980815348
29,피크 직접분류,1.0,0.1248
30,피크 직접분류,1.0,0.12489991993594876
31,피크 직접분류,1.0,0.125
32,피크 직접분류,1.0,0.12510024057738572
33,피크 직접분류,1.0,0.12520064205457465
34,피크 직접분류,1.0,0.12530120481927712
35,피크 직접분류,1.0,0.12540192926045016
36,피크 직접분류,1.0,0.1255028157683025
37,피크 직접분류,1.0,0.12560386473429952
38,피크 직접분류,1.0,0.12570507655116842
39,피크 직접분류,1.0,0.12580645161290321
40,피크 직접분류,1.0,0.12590799031476999
41,피크 직접분류,1.0,0.1260096930533118
42,피크 직접분류,1.0,0.12611156022635409
43,피크 직접분류,1.0,0.1262135922330097
44,피크 직접분류,1.0,0.12631578947368421
45,피크 직접분류,1.0,0.12641815235008103
46,피크 직접분류,1.0,0.12652068126520682
47,피크 직접분류,1.0,0.1266233766233766
48,피크 직접분류,1.0,0.12672623883021933
49,피크 직접분류,1.0,0.12682926829268293
50,피크 직접분류,1.0,0.12693246541903988
51,피크 직접분류,1.0,0.1270358306188925
52,피크 직접분류,1.0,0.1271393643031785
53,피크 직접분류,1.0,0.1272430668841762
54,피크 직접분류,1.0,0.1273469387755102
55,피크 직접분류,1.0,0.12745098039215685
56,피크 직접분류,1.0,0.12755519215044972
57,피크 직접분류,1.0,0.1276595744680851
58,피크 직접분류,1.0,0.12776412776412777
59,피크 직접분류,1.0,0.12786885245901639
60,피크 직접분류,1.0,0.1279737489745693
61,피크 직접분류,1.0,0.12807881773399016
62,피크 직접분류,1.0,0.12818405916187345
63,피크 직접분류,1.0,0.12828947368421054
64,피크 직접분류,1.0,0.12839506172839507
65,피크 직접분류,1.0,0.128500823723229
66,피크 직접분류,1.0,0.12860676009892827
67,피크 직접분류,1.0,0.12871287128712872
68,피크 직접분류,1.0,0.12881915772089184
69,피크 직접분류,1.0,0.12892561983471074
70,피크 직접분류,1.0,0.12903225806451613
71,피크 직접분류,1.0,0.1291390728476821
72,피크 직접분류,1.0,0.12924606462303231
73,피크 직접분류,1.0,0.12935323383084577
74,피크 직접분류,1.0,0.12946058091286308
75,피크 직접분류,1.0,0.12956810631229235
76,피크 직접분류,1.0,0.12967581047381546
77,피크 직접분류,1.0,0.129783693843594
78,피크 직접분류,1.0,0.1298917568692756
79,피크 직접분류,1.0,0.13
80,피크 직접분류,1.0,0.13010842368640535
81,피크 직접분류,1.0,0.1302170283806344
82,피크 직접분류,1.0,0.13032581453634084
83,피크 직접분류,1.0,0.13043478260869565
84,피크 직접분류,1.0,0.1305439330543933
85,피크 직접분류,1.0,0.1306532663316583
86,피크 직접분류,1.0,0.13076278290025148
87,피크 직접분류,1.0,0.13087248322147652
88,피크 직접분류,1.0,0.1309823677581864
89,피크 직접분류,1.0,0.13109243697478992
90,피크 직접분류,1.0,0.1312026913372582
91,피크 직접분류,1.0,0.13131313131313133
92,피크 직접분류,1.0,0.13142375737152484
93,피크 직접분류,1.0,0.1315345699831366
94,피크 직접분류,1.0,0.13164556962025317
95,피크 직접분류,1.0,0.13175675675675674
96,피크 직접분류,1.0,0.13186813186813187
97,피크 직접분류,1.0,0.1319796954314721
98,피크 직접분류,1.0,0.13209144792548688
99,피크 직접분류,1.0,0.13220338983050847
100,피크 직접분류,1.0,0.13231552162849872
101,피크 직접분류,1.0,0.13242784380305603
102,피크 직접분류,1.0,0.13254035683942225
103,피크 직접분류,1.0,0.1326530612244898
104,피크 직접분류,1.0,0.1327659574468085
105,피크 직접분류,1.0,0.13287904599659284
106,피크 직접분류,1.0,0.1329923273657289
107,피크 직접분류,1.0,0.13310580204778158
108,피크 직접분류,1.0,0.1332194705380017
109,피크 직접분류,1.0,0.13333333333333333
110,피크 직접분류,1.0,0.13344739093242086
111,피크 직접분류,1.0,0.13356164383561644
112,피크 직접분류,1.0,0.13367609254498714
113,피크 직접분류,1.0,0.13379073756432247
114,피크 직접분류,1.0,0.13390557939914163
115,피크 직접분류,1.0,0.13402061855670103
116,피크 직접분류,1.0,0.13413585554600171
117,피크 직접분류,1.0,0.1342512908777969
118,피크 직접분류,1.0,0.1343669250645995
119,피크 직접분류,1.0,0.13448275862068965
120,피크 직접분류,1.0,0.13459879206212252
121,피크 직접분류,1.0,0.13471502590673576
122,피크 직접분류,1.0,0.1348314606741573
123,피크 직접분류,1.0,0.13494809688581316
124,피크 직접분류,1.0,0.13506493506493505
125,피크 직접분류,1.0,0.13518197573656845
126,피크 직접분류,1.0,0.13529921942758022
127,피크 직접분류,1.0,0.13541666666666666
128,피크 직접분류,1.0,0.1355343179843614
129,피크 직접분류,1.0,0.1356521739130435
130,피크 직접분류,1.0,0.13577023498694518
131,피크 직접분류,1.0,0.13588850174216027
132,피크 직접분류,1.0,0.13600697471665213
133,피크 직접분류,1.0,0.13612565445026178
134,피크 직접분류,1.0,0.13624454148471615
135,피크 직접분류,1.0,0.13636363636363635
136,피크 직접분류,0.9935897435897436,0.13560804899387577
137,피크 직접분류,0.9935897435897436,0.13572679509632224
138,피크 직접분류,0.9935897435897436,0.13584574934268187
139,피크 직접분류,0.9935897435897436,0.13596491228070176
140,피크 직접분류,0.9935897435897436,0.1360842844600527
141,피크 직접분류,0.9935897435897436,0.13620386643233742
142,피크 직접분류,0.9935897435897436,0.1363236587510994
143,피크 직접분류,0.9935897435897436,0.136443661971831
144,피크 직접분류,0.9935897435897436,0.13656387665198239
145,피크 직접분류,0.9935897435897436,0.13668430335097
146,피크 직접분류,0.9935897435897436,0.13680494263018536
147,피크 직접분류,0.9935897435897436,0.13692579505300354
148,피크 직접분류,0.9935897435897436,0.13704686118479223
149,피크 직접분류,0.9935897435897436,0.13716814159292035
150,피크 직접분류,0.9935897435897436,0.13728963684676704
151,피크 직접분류,0.9935897435897436,0.1374113475177305
152,피크 직접분류,0.9935897435897436,0.13753327417923691
153,피크 직접분류,0.9935897435897436,0.13765541740674955
154,피크 직접분류,0.9935897435897436,0.13777777777777778
155,피크 직접분류,0.9935897435897436,0.13790035587188612
156,피크 직접분류,0.9935897435897436,0.13802315227070347
157,피크 직접분류,0.9935897435897436,0.13814616755793227
158,피크 직접분류,0.9935897435897436,0.13826940231935772
159,피크 직접분류,0.9935897435897436,0.13839285714285715
160,피크 직접분류,0.9935897435897436,0.1385165326184093
161,피크 직접분류,0.9935897435897436,0.13864042933810375
162,피크 직접분류,0.9935897435897436,0.1387645478961504
163,피크 직접분류,0.9935897435897436,0.1388888888888889
164,피크 직접분류,0.9935897435897436,0.13901345291479822
165,피크 직접분류,0.9935897435897436,0.13913824057450627
166,피크 직접분류,0.9935897435897436,0.13926325247079965
167,피크 직접분류,0.9935897435897436,0.1393884892086331
168,피크 직접분류,0.9935897435897436,0.1395139513951395
169,피크 직접분류,0.9935897435897436,0.13963963963963963
170,피크 직접분류,0.9935897435897436,0.13976555455365194
171,피크 직접분류,0.9935897435897436,0.13989169675090252
172,피크 직접분류,0.9935897435897436,0.14001806684733514
173,피크 직접분류,0.9935897435897436,0.14014466546112117
174,피크 직접분류,0.9935897435897436,0.14027149321266968
175,피크 직접분류,0.9935897435897436,0.1403985507246377
176,피크 직접분류,0.9935897435897436,0.14052583862194015
177,피크 직접분류,0.9935897435897436,0.14065335753176045
178,피크 직접분류,0.9935897435897436,0.1407811080835604
179,피크 직접분류,0.9935897435897436,0.1409090909090909
180,피크 직접분류,0.9935897435897436,0.1410373066424022
181,피크 직접분류,0.9935897435897436,0.14116575591985428
182,피크 직접분류,0.9935897435897436,0.14129443938012762
183,피크 직접분류,0.9935897435897436,0.14142335766423358
184,피크 직접분류,0.9935897435897436,0.1415525114155251
185,피크 직접분류,0.9935897435897436,0.1416819012797075
186,피크 직접분류,0.9935897435897436,0.14181152790484905
187,피크 직접분류,0.9935897435897436,0.14194139194139194
188,피크 직접분류,0.9935897435897436,0.14207149404216315
189,피크 직접분류,0.9935897435897436,0.14220183486238533
190,피크 직접분류,0.9935897435897436,0.1423324150596878
191,피크 직접분류,0.9935897435897436,0.14246323529411764
192,피크 직접분류,0.9935897435897436,0.14259429622815087
193,피크 직접분류,0.9935897435897436,0.1427255985267035
194,피크 직접분류,0.9935897435897436,0.14285714285714285
195,피크 직접분류,0.9935897435897436,0.1429889298892989
196,피크 직접분류,0.9935897435897436,0.14312096029547552
197,피크 직접분류,0.9935897435897436,0.14325323475046212
198,피크 직접분류,0.9935897435897436,0.14338575393154487
199,피크 직접분류,0.9935897435897436,0.14351851851851852
200,피크 직접분류,0.9935897435897436,0.1437847866419295
201,피크 직접분류,0.9935897435897436,0.14391829155060354
202,피크 직접분류,0.9935897435897436,0.14405204460966542
203,피크 직접분류,0.9935897435897436,0.14418604651162792
204,피크 직접분류,0.9935897435897436,0.14432029795158285
205,피크 직접분류,0.9935897435897436,0.14445479962721341
206,피크 직접분류,0.9935897435897436,0.14458955223880596
207,피크 직접분류,0.9935897435897436,0.14472455648926238
208,피크 직접분류,0.9935897435897436,0.14485981308411214
209,피크 직접분류,0.9935897435897436,0.1449953227315248
210,피크 직접분류,0.9935897435897436,0.1451310861423221
211,피크 직접분류,0.9935897435897436,0.14526710402999063
212,피크 직접분류,0.9935897435897436,0.14540337711069418
213,피크 직접분류,0.9935897435897436,0.14553990610328638
214,피크 직접분류,0.9935897435897436,0.14567669172932332
215,피크 직접분류,0.9935897435897436,0.1458137347130762
216,피크 직접분류,0.9935897435897436,0.14595103578154425
217,피크 직접분류,0.9935897435897436,0.1460885956644675
218,피크 직접분류,0.9935897435897436,0.14622641509433962
219,피크 직접분류,0.9935897435897436,0.14636449480642116
220,피크 직접분류,0.9935897435897436,0.14650283553875237
221,피크 직접분류,0.9935897435897436,0.1466414380321665
222,피크 직접분류,0.9935897435897436,0.14678030303030304
223,피크 직접분류,0.9935897435897436,0.14691943127962084
224,피크 직접분류,0.9935897435897436,0.14705882352941177
225,피크 직접분류,0.9935897435897436,0.14719848053181386
226,피크 직접분류,0.9935897435897436,0.1473384030418251
227,피크 직접분류,0.9935897435897436,0.14747859181731685
228,피크 직접분류,0.9935897435897436,0.14761904761904762
229,피크 직접분류,0.9935897435897436,0.14775977121067682
230,피크 직접분류,0.9935897435897436,0.14790076335877864
231,피크 직접분류,0.9935897435897436,0.14804202483285578
232,피크 직접분류,0.9935897435897436,0.14818355640535372
233,피크 직접분류,0.9935897435897436,0.14832535885167464
234,피크 직접분류,0.9935897435897436,0.14846743295019157
235,피크 직접분류,0.9935897435897436,0.1486097794822627
236,피크 직접분류,0.9935897435897436,0.14875239923224567
237,피크 직접분류,0.9935897435897436,0.148895292987512
238,피크 직접분류,0.9935897435897436,0.14903846153846154
239,피크 직접분류,0.9935897435897436,0.14918190567853706
240,피크 직접분류,0.9935897435897436,0.14932562620423892
241,피크 직접분류,0.9935897435897436,0.14946962391513982
242,피크 직접분류,0.9935897435897436,0.14961389961389962
243,피크 직접분류,0.9935897435897436,0.1497584541062802
244,피크 직접분류,0.9935897435897436,0.14990328820116053
245,피크 직접분류,0.9935897435897436,0.15004840271055178
246,피크 직접분류,0.9935897435897436,0.1501937984496124
247,피크 직접분류,0.9935897435897436,0.15033947623666344
248,피크 직접분류,0.9935897435897436,0.15048543689320387
249,피크 직접분류,0.9935897435897436,0.15063168124392615
250,피크 직접분류,0.9935897435897436,0.1507782101167315
251,피크 직접분류,0.9935897435897436,0.15092502434274585
252,피크 직접분류,0.9935897435897436,0.15107212475633527
253,피크 직접분류,0.9935897435897436,0.15121951219512195
254,피크 직접분류,0.9935897435897436,0.1513671875
255,피크 직접분류,0.9935897435897436,0.15151515151515152
256,피크 직접분류,0.9935897435897436,0.15166340508806261
257,피크 직접분류,0.9935897435897436,0.15181194906953965
258,피크 직접분류,0.9935897435897436,0.15196078431372548
259,피크 직접분류,0.9935897435897436,0.1521099116781158
260,피크 직접분류,0.9935897435897436,0.15225933202357564
261,피크 직접분류,0.9935897435897436,0.15240904621435594
262,피크 직접분류,0.9935897435897436,0.15255905511811024
263,피크 직접분류,0.9935897435897436,0.15270935960591134
264,피크 직접분류,0.9935897435897436,0.15285996055226825
265,피크 직접분류,0.9935897435897436,0.15301085883514315
266,피크 직접분류,0.9935897435897436,0.15316205533596838
267,피크 직접분류,0.9935897435897436,0.1533135509396637
268,피크 직접분류,0.9935897435897436,0.15346534653465346
269,피크 직접분류,0.9935897435897436,0.15361744301288405
270,피크 직접분류,0.9935897435897436,0.15376984126984128
271,피크 직접분류,0.9935897435897436,0.15392254220456802
272,피크 직접분류,0.9935897435897436,0.1540755467196819
273,피크 직접분류,0.9935897435897436,0.15422885572139303
274,피크 직접분류,0.9935897435897436,0.15438247011952191
275,피크 직접분류,0.9935897435897436,0.15453639082751744
276,피크 직접분류,0.9935897435897436,0.15469061876247506
277,피크 직접분류,0.9935897435897436,0.15484515484515485
278,피크 직접분류,0.9935897435897436,0.155
279,피크 직접분류,0.9935897435897436,0.15515515515515516
280,피크 직접분류,0.9935897435897436,0.15531062124248496
281,피크 직접분류,0.9935897435897436,0.15546639919759278
282,피크 직접분류,0.9935897435897436,0.15562248995983935
283,피크 직접분류,0.9935897435897436,0.15577889447236182
284,피크 직접분류,0.9935897435897436,0.15593561368209255
285,피크 직접분류,0.9935897435897436,0.15609264853977844
286,피크 직접분류,0.9935897435897436,0.15625
287,피크 직접분류,0.9935897435897436,0.15640766902119072
288,피크 직접분류,0.9935897435897436,0.15656565656565657
289,피크 직접분류,0.9935897435897436,0.15672396359959556
290,피크 직접분류,0.9935897435897436,0.15688259109311742
291,피크 직접분류,0.9935897435897436,0.15704154002026344
292,피크 직접분류,0.9935897435897436,0.15720081135902636
293,피크 직접분류,0.9935897435897436,0.15736040609137056
294,피크 직접분류,0.9935897435897436,0.15752032520325204
295,피크 직접분류,0.9935897435897436,0.15768056968463887
296,피크 직접분류,0.9935897435897436,0.15784114052953158
297,피크 직접분류,0.9935897435897436,0.1580020387359837
298,피크 직접분류,0.9935897435897436,0.15816326530612246
299,피크 직접분류,0.9935897435897436,0.15832482124616956
300,피크 직접분류,0.9935897435897436,0.15848670756646216
301,피크 직접분류,0.9935897435897436,0.1586489252814739
302,피크 직접분류,0.9935897435897436,0.15881147540983606
303,피크 직접분류,0.9935897435897436,0.15897435897435896
304,피크 직접분류,0.9935897435897436,0.1591375770020534
305,피크 직접분류,0.9935897435897436,0.1593011305241521
306,피크 직접분류,0.9935897435897436,0.15946502057613168
307,피크 직접분류,0.9935897435897436,0.1596292481977343
308,피크 직접분류,0.9935897435897436,0.15979381443298968
309,피크 직접분류,0.9935897435897436,0.15995872033023736
310,피크 직접분류,0.9935897435897436,0.16012396694214875
311,피크 직접분류,0.9935897435897436,0.16028955532574973
312,피크 직접분류,0.9935897435897436,0.16045548654244307
313,피크 직접분류,0.9935897435897436,0.16062176165803108
314,피크 직접분류,0.9935897435897436,0.1607883817427386
315,피크 직접분류,0.9935897435897436,0.16095534787123572
316,피크 직접분류,0.9935897435897436,0.16112266112266113
317,피크 직접분류,0.9935897435897436,0.16129032258064516
318,피크 직접분류,0.9935897435897436,0.16145833333333334
319,피크 직접분류,0.9935897435897436,0.1616266944734098
320,피크 직접분류,0.9935897435897436,0.1617954070981211
321,피크 직접분류,0.9935897435897436,0.1619644723092999
322,피크 직접분류,0.9935897435897436,0.16213389121338911
323,피크 직접분류,0.9935897435897436,0.16230366492146597
324,피크 직접분류,0.9935897435897436,0.16247379454926625
325,피크 직접분류,0.9935897435897436,0.1626442812172088
326,피크 직접분류,0.9935897435897436,0.16281512605042017
327,피크 직접분류,0.9935897435897436,0.16298633017875921
328,피크 직접분류,0.9935897435897436,0.1631578947368421
329,피크 직접분류,0.9935897435897436,0.16332982086406744
330,피크 직접분류,0.9935897435897436,0.16350210970464135
331,피크 직접분류,0.9935897435897436,0.16367476240760295
332,피크 직접분류,0.9935897435897436,0.1638477801268499
333,피크 직접분류,0.9935897435897436,0.164021164021164
334,피크 직접분류,0.9935897435897436,0.16436903499469777
335,피크 직접분류,0.9935897435897436,0.16454352441613587
336,피크 직접분류,0.9935897435897436,0.1647183846971307
337,피크 직접분류,0.9935897435897436,0.16489361702127658
338,피크 직접분류,0.9935897435897436,0.1650692225772098
339,피크 직접분류,0.9935897435897436,0.1652452025586354
340,피크 직접분류,0.9935897435897436,0.16542155816435433
341,피크 직접분류,0.9935897435897436,0.1655982905982906
342,피크 직접분류,0.9935897435897436,0.1657754010695187
343,피크 직접분류,0.9935897435897436,0.16595289079229122
344,피크 직접분류,0.9935897435897436,0.16613076098606644
345,피크 직접분류,0.9935897435897436,0.16630901287553648
346,피크 직접분류,0.9935897435897436,0.16648764769065522
347,피크 직접분류,0.9935897435897436,0.16666666666666666
348,피크 직접분류,0.9935897435897436,0.1668460710441335
349,피크 직접분류,0.9935897435897436,0.16702586206896552
350,피크 직접분류,0.9935897435897436,0.16720604099244876
351,피크 직접분류,0.9935897435897436,0.1673866090712743
352,피크 직접분류,0.9935897435897436,0.16756756756756758
353,피크 직접분류,0.9935897435897436,0.16774891774891776
354,피크 직접분류,0.9935897435897436,0.16793066088840736
355,피크 직접분류,0.9935897435897436,0.1681127982646421
356,피크 직접분류,0.9935897435897436,0.16829533116178066
357,피크 직접분류,0.9935897435897436,0.16847826086956522
358,피크 직접분류,0.9871794871794872,0.16757344940152338
359,피크 직접분류,0.9871794871794872,0.16775599128540306
360,피크 직접분류,0.9871794871794872,0.16793893129770993
361,피크 직접분류,0.9807692307692307,0.16703056768558952
362,피크 직접분류,0.9807692307692307,0.16721311475409836
363,피크 직접분류,0.9807692307692307,0.1673960612691466
364,피크 직접분류,0.9807692307692307,0.16757940854326397
365,피크 직접분류,0.9807692307692307,0.16776315789473684
366,피크 직접분류,0.9807692307692307,0.16794731064763996
367,피크 직접분류,0.9807692307692307,0.16813186813186815
368,피크 직접분류,0.9807692307692307,0.16831683168316833
369,피크 직접분류,0.9807692307692307,0.1685022026431718
370,피크 직접분류,0.9807692307692307,0.16868798235942667
371,피크 직접분류,0.9807692307692307,0.16887417218543047
372,피크 직접분류,0.9807692307692307,0.16906077348066298
373,피크 직접분류,0.9807692307692307,0.16924778761061948
374,피크 직접분류,0.9807692307692307,0.16943521594684385
375,피크 직접분류,0.9807692307692307,0.1696230598669623
376,피크 직접분류,0.9807692307692307,0.16981132075471697
377,피크 직접분류,0.9807692307692307,0.17
378,피크 직접분류,0.9807692307692307,0.17018909899888765
379,피크 직접분류,0.9807692307692307,0.17037861915367483
380,피크 직접분류,0.9807692307692307,0.1705685618729097
381,피크 직접분류,0.9807692307692307,0.17075892857142858
382,피크 직접분류,0.9807692307692307,0.17094972067039105
383,피크 직접분류,0.9807692307692307,0.17114093959731544
384,피크 직접분류,0.9807692307692307,0.1713325867861142
385,피크 직접분류,0.9807692307692307,0.17152466367713004
386,피크 직접분류,0.9807692307692307,0.1717171717171717
387,피크 직접분류,0.9807692307692307,0.17191011235955056
388,피크 직접분류,0.9807692307692307,0.172103487064117
389,피크 직접분류,0.9807692307692307,0.17229729729729729
390,피크 직접분류,0.9807692307692307,0.17249154453213078
391,피크 직접분류,0.9807692307692307,0.172686230248307
392,피크 직접분류,0.9807692307692307,0.17288135593220338
393,피크 직접분류,0.9807692307692307,0.17307692307692307
394,피크 직접분류,0.9807692307692307,0.17327293318233294
395,피크 직접분류,0.9807692307692307,0.17346938775510204
396,피크 직접분류,0.9807692307692307,0.17366628830874006
397,피크 직접분류,0.9807692307692307,0.17386363636363636
398,피크 직접분류,0.9807692307692307,0.17406143344709898
399,피크 직접분류,0.9807692307692307,0.17425968109339407
400,피크 직접분류,0.9807692307692307,0.17445838084378562
401,피크 직접분류,0.9807692307692307,0.17465753424657535
402,피크 직접분류,0.9807692307692307,0.17485714285714285
403,피크 직접분류,0.9807692307692307,0.17505720823798626
404,피크 직접분류,0.9807692307692307,0.17525773195876287
405,피크 직접분류,0.9807692307692307,0.17545871559633028
406,피크 직접분류,0.9807692307692307,0.1756601607347876
407,피크 직접분류,0.9807692307692307,0.17586206896551723
408,피크 직접분류,0.9807692307692307,0.1760644418872267
409,피크 직접분류,0.9807692307692307,0.17626728110599077
410,피크 직접분류,0.9807692307692307,0.17647058823529413
411,피크 직접분류,0.9807692307692307,0.1766743648960739
412,피크 직접분류,0.9807692307692307,0.176878612716763
413,피크 직접분류,0.9807692307692307,0.17708333333333334
414,피크 직접분류,0.9807692307692307,0.1772885283893395
415,피크 직접분류,0.9807692307692307,0.17749419953596288
416,피크 직접분류,0.9807692307692307,0.17770034843205576
417,피크 직접분류,0.9807692307692307,0.17790697674418604
418,피크 직접분류,0.9807692307692307,0.1781140861466822
419,피크 직접분류,0.9807692307692307,0.17832167832167833
420,피크 직접분류,0.9807692307692307,0.17852975495915985
421,피크 직접분류,0.9807692307692307,0.17873831775700935
422,피크 직접분류,0.9807692307692307,0.17894736842105263
423,피크 직접분류,0.9807692307692307,0.1791569086651054
424,피크 직접분류,0.9807692307692307,0.17936694021101993
425,피크 직접분류,0.9807692307692307,0.1795774647887324
426,피크 직접분류,0.9807692307692307,0.1797884841363102
427,피크 직접분류,0.9807692307692307,0.18
428,피크 직접분류,0.9807692307692307,0.18021201413427562
429,피크 직접분류,0.9807692307692307,0.1804245283018868
430,피크 직접분류,0.9807692307692307,0.1806375442739079
431,피크 직접분류,0.9807692307692307,0.18085106382978725
432,피크 직접분류,0.9807692307692307,0.18106508875739644
433,피크 직접분류,0.9807692307692307,0.18127962085308058
434,피크 직접분류,0.9807692307692307,0.18149466192170818
435,피크 직접분류,0.9807692307692307,0.18171021377672208
436,피크 직접분류,0.9807692307692307,0.18192627824019025
437,피크 직접분류,0.9807692307692307,0.18214285714285713
438,피크 직접분류,0.9807692307692307,0.18235995232419547
439,피크 직접분류,0.9807692307692307,0.18257756563245822
440,피크 직접분류,0.9743589743589743,0.1816009557945042
441,피크 직접분류,0.9743589743589743,0.18181818181818182
442,피크 직접분류,0.9743589743589743,0.18203592814371258
443,피크 직접분류,0.9743589743589743,0.18225419664268586
444,피크 직접분류,0.9743589743589743,0.18247298919567828
445,피크 직접분류,0.9743589743589743,0.18269230769230768
446,피크 직접분류,0.9743589743589743,0.1829121540312876
447,피크 직접분류,0.9743589743589743,0.18313253012048192
448,피크 직접분류,0.9743589743589743,0.18335343787696018
449,피크 직접분류,0.9743589743589743,0.18357487922705315
450,피크 직접분류,0.9743589743589743,0.1837968561064087
451,피크 직접분류,0.9743589743589743,0.18401937046004843
452,피크 직접분류,0.9743589743589743,0.18424242424242424
453,피크 직접분류,0.9743589743589743,0.18446601941747573
454,피크 직접분류,0.9743589743589743,0.18469015795868773
455,피크 직접분류,0.9743589743589743,0.18491484184914841
456,피크 직접분류,0.9743589743589743,0.1851400730816078
457,피크 직접분류,0.9743589743589743,0.18536585365853658
458,피크 직접분류,0.9743589743589743,0.1855921855921856
459,피크 직접분류,0.9743589743589743,0.18581907090464547
460,피크 직접분류,0.9743589743589743,0.18604651162790697
461,피크 직접분류,0.9743589743589743,0.18627450980392157
462,피크 직접분류,0.9743589743589743,0.18650306748466258
463,피크 직접분류,0.9743589743589743,0.18673218673218672
464,피크 직접분류,0.9743589743589743,0.18696186961869618
465,피크 직접분류,0.9743589743589743,0.18719211822660098
466,피크 직접분류,0.9743589743589743,0.187422934648582
467,피크 직접분류,0.9743589743589743,0.18765432098765433
468,피크 직접분류,0.9743589743589743,0.18788627935723115
469,피크 직접분류,0.9743589743589743,0.18811881188118812
470,피크 직접분류,0.9743589743589743,0.18835192069392812
471,피크 직접분류,0.9743589743589743,0.18858560794044665
472,피크 직접분류,0.9743589743589743,0.18881987577639753
473,피크 직접분류,0.9743589743589743,0.1890547263681592
474,피크 직접분류,0.9743589743589743,0.18929016189290163
475,피크 직접분류,0.9743589743589743,0.18952618453865336
476,피크 직접분류,0.9743589743589743,0.18976279650436953
477,피크 직접분류,0.9743589743589743,0.19
478,피크 직접분류,0.9743589743589743,0.1902377972465582
479,피크 직접분류,0.9743589743589743,0.19047619047619047
480,피크 직접분류,0.9743589743589743,0.19071518193224593
481,피크 직접분류,0.9743589743589743,0.19095477386934673
482,피크 직접분류,0.9743589743589743,0.19119496855345913
483,피크 직접분류,0.9743589743589743,0.19143576826196473
484,피크 직접분류,0.9743589743589743,0.19167717528373265
485,피크 직접분류,0.9743589743589743,0.1919191919191919
486,피크 직접분류,0.9743589743589743,0.19216182048040456
487,피크 직접분류,0.9743589743589743,0.19240506329113924
488,피크 직접분류,0.9743589743589743,0.1926489226869455
489,피크 직접분류,0.9743589743589743,0.19289340101522842
490,피크 직접분류,0.9743589743589743,0.193138500635324
491,피크 직접분류,0.9743589743589743,0.19338422391857507
492,피크 직접분류,0.9743589743589743,0.19363057324840766
493,피크 직접분류,0.9743589743589743,0.19387755102040816
494,피크 직접분류,0.9743589743589743,0.194125159642401
495,피크 직접분류,0.9743589743589743,0.19437340153452684
496,피크 직접분류,0.9743589743589743,0.1946222791293214
497,피크 직접분류,0.9743589743589743,0.19487179487179487
498,피크 직접분류,0.9743589743589743,0.1951219512195122
499,피크 직접분류,0.9743589743589743,0.1953727506426735
500,피크 직접분류,0.9743589743589743,0.1956241956241956
501,피크 직접분류,0.9743589743589743,0.1958762886597938
502,피크 직접분류,0.9743589743589743,0.19612903225806452
503,피크 직접분류,0.9743589743589743,0.19638242894056848
504,피크 직접분류,0.9743589743589743,0.19663648124191463
505,피크 직접분류,0.9743589743589743,0.19689119170984457
506,피크 직접분류,0.9743589743589743,0.19714656290531776
507,피크 직접분류,0.9743589743589743,0.1974025974025974
508,피크 직접분류,0.9743589743589743,0.1976592977893368
509,피크 직접분류,0.9743589743589743,0.19791666666666666
510,피크 직접분류,0.9743589743589743,0.1981747066492829
511,피크 직접분류,0.9743589743589743,0.19843342036553524
512,피크 직접분류,0.9743589743589743,0.19869281045751633
513,피크 직접분류,0.9743589743589743,0.19895287958115182
514,피크 직접분류,0.9743589743589743,0.19921363040629095
515,피크 직접분류,0.9743589743589743,0.1994750656167979
516,피크 직접분류,0.9743589743589743,0.19973718791064388
517,피크 직접분류,0.9743589743589743,0.2
518,피크 직접분류,0.9743589743589743,0.2002635046113307
519,피크 직접분류,0.9743589743589743,0.20052770448548812
520,피크 직접분류,0.9743589743589743,0.20079260237780713
521,피크 직접분류,0.9743589743589743,0.20105820105820105
522,피크 직접분류,0.9743589743589743,0.20132450331125828
523,피크 직접분류,0.9743589743589743,0.20159151193633953
524,피크 직접분류,0.9743589743589743,0.20185922974767595
525,피크 직접분류,0.9743589743589743,0.20212765957446807
526,피크 직접분류,0.9743589743589743,0.20239680426098536
527,피크 직접분류,0.9743589743589743,0.20266666666666666
528,피크 직접분류,0.9743589743589743,0.20293724966622162
529,피크 직접분류,0.9743589743589743,0.20320855614973263
530,피크 직접분류,0.9743589743589743,0.2034805890227577
531,피크 직접분류,0.9743589743589743,0.2037533512064343
532,피크 직접분류,0.9743589743589743,0.2040268456375839
533,피크 직접분류,0.9743589743589743,0.20430107526881722
534,피크 직접분류,0.9743589743589743,0.20457604306864063
535,피크 직접분류,0.9743589743589743,0.20485175202156333
536,피크 직접분류,0.9743589743589743,0.20512820512820512
537,피크 직접분류,0.9743589743589743,0.20540540540540542
538,피크 직접분류,0.9743589743589743,0.20568335588633288
539,피크 직접분류,0.967948717948718,0.2046070460704607
540,피크 직접분류,0.967948717948718,0.20488466757123475
541,피크 직접분류,0.967948717948718,0.20516304347826086
542,피크 직접분류,0.967948717948718,0.2054421768707483
543,피크 직접분류,0.967948717948718,0.20572207084468666
544,피크 직접분류,0.967948717948718,0.20600272851296045
545,피크 직접분류,0.967948717948718,0.2062841530054645
546,피크 직접분류,0.967948717948718,0.20656634746922026
547,피크 직접분류,0.967948717948718,0.20684931506849316
548,피크 직접분류,0.967948717948718,0.20713305898491083
549,피크 직접분류,0.967948717948718,0.20741758241758243
550,피크 직접분류,0.967948717948718,0.2077028885832187
551,피크 직접분류,0.967948717948718,0.20798898071625344
552,피크 직접분류,0.9615384615384616,0.20689655172413793
553,피크 직접분류,0.9615384615384616,0.20718232044198895
554,피크 직접분류,0.9615384615384616,0.2074688796680498
555,피크 직접분류,0.9615384615384616,0.2077562326869806
556,피크 직접분류,0.9615384615384616,0.20804438280166435
557,피크 직접분류,0.9615384615384616,0.20833333333333334
558,피크 직접분류,0.9615384615384616,0.2086230876216968
559,피크 직접분류,0.9615384615384616,0.20891364902506965
560,피크 직접분류,0.9615384615384616,0.20920502092050208
561,피크 직접분류,0.9615384615384616,0.20949720670391062
562,피크 직접분류,0.9615384615384616,0.2097902097902098
563,피크 직접분류,0.9615384615384616,0.21008403361344538
564,피크 직접분류,0.9615384615384616,0.21037868162692847
565,피크 직접분류,0.9615384615384616,0.21067415730337077
566,피크 직접분류,0.9615384615384616,0.2109704641350211
567,피크 직접분류,0.9615384615384616,0.2112676056338028
568,피크 직접분류,0.9615384615384616,0.21156558533145275
569,피크 직접분류,0.9615384615384616,0.211864406779661
570,피크 직접분류,0.9615384615384616,0.21216407355021216
571,피크 직접분류,0.9615384615384616,0.21246458923512748
572,피크 직접분류,0.9615384615384616,0.2127659574468085
573,피크 직접분류,0.9615384615384616,0.21306818181818182
574,피크 직접분류,0.9615384615384616,0.21337126600284495
575,피크 직접분류,0.9615384615384616,0.21367521367521367
576,피크 직접분류,0.9615384615384616,0.21398002853067047
577,피크 직접분류,0.9615384615384616,0.21428571428571427
578,피크 직접분류,0.9615384615384616,0.2145922746781116
579,피크 직접분류,0.9615384615384616,0.2148997134670487
580,피크 직접분류,0.9615384615384616,0.2152080344332855
581,피크 직접분류,0.9615384615384616,0.21551724137931033
582,피크 직접분류,0.9615384615384616,0.2158273381294964
583,피크 직접분류,0.9615384615384616,0.21613832853025935
584,피크 직접분류,0.9615384615384616,0.21645021645021645
585,피크 직접분류,0.9615384615384616,0.21676300578034682
586,피크 직접분류,0.9615384615384616,0.2170767004341534
587,피크 직접분류,0.9615384615384616,0.21739130434782608
588,피크 직접분류,0.9615384615384616,0.21770682148040638
589,피크 직접분류,0.9615384615384616,0.2180232558139535
590,피크 직접분류,0.9615384615384616,0.2183406113537118
591,피크 직접분류,0.9615384615384616,0.21865889212827988
592,피크 직접분류,0.9615384615384616,0.21897810218978103
593,피크 직접분류,0.9615384615384616,0.21929824561403508
594,피크 직접분류,0.9615384615384616,0.21961932650073207
595,피크 직접분류,0.9615384615384616,0.21994134897360704
596,피크 직접분류,0.9615384615384616,0.22026431718061673
597,피크 직접분류,0.9615384615384616,0.22058823529411764
598,피크 직접분류,0.9615384615384616,0.22091310751104565
599,피크 직접분류,0.9615384615384616,0.22123893805309736
600,피크 직접분류,0.9615384615384616,0.22156573116691286
601,피크 직접분류,0.9615384615384616,0.22189349112426035
602,피크 직접분류,0.9615384615384616,0.2222222222222222
603,피크 직접분류,0.9615384615384616,0.22255192878338279
604,피크 직접분류,0.9615384615384616,0.22288261515601784
605,피크 직접분류,0.9615384615384616,0.22321428571428573
606,피크 직접분류,0.9615384615384616,0.22354694485842028
607,피크 직접분류,0.9615384615384616,0.22388059701492538
608,피크 직접분류,0.9615384615384616,0.2242152466367713
609,피크 직접분류,0.9615384615384616,0.2245508982035928
610,피크 직접분류,0.9615384615384616,0.22488755622188905
611,피크 직접분류,0.9615384615384616,0.22522522522522523
612,피크 직접분류,0.9615384615384616,0.22556390977443608
613,피크 직접분류,0.9615384615384616,0.22590361445783133
614,피크 직접분류,0.9615384615384616,0.22624434389140272
615,피크 직접분류,0.9615384615384616,0.22658610271903323
616,피크 직접분류,0.9615384615384616,0.22692889561270801
617,피크 직접분류,0.9615384615384616,0.22727272727272727
618,피크 직접분류,0.9615384615384616,0.2276176024279211
619,피크 직접분류,0.9615384615384616,0.22796352583586627
620,피크 직접분류,0.9615384615384616,0.228310502283105
621,피크 직접분류,0.9615384615384616,0.22865853658536586
622,피크 직접분류,0.9615384615384616,0.22900763358778625
623,피크 직접분류,0.9615384615384616,0.22935779816513763
624,피크 직접분류,0.9615384615384616,0.22970903522205208
625,피크 직접분류,0.9615384615384616,0.23006134969325154
626,피크 직접분류,0.9615384615384616,0.2304147465437788
627,피크 직접분류,0.9615384615384616,0.23076923076923078
628,피크 직접분류,0.9615384615384616,0.23112480739599384
629,피크 직접분류,0.9615384615384616,0.23148148148148148
630,피크 직접분류,0.9615384615384616,0.23183925811437403
631,피크 직접분류,0.9615384615384616,0.23219814241486067
632,피크 직접분류,0.9615384615384616,0.23255813953488372
633,피크 직접분류,0.9615384615384616,0.2329192546583851
634,피크 직접분류,0.9615384615384616,0.2332814930015552
635,피크 직접분류,0.9615384615384616,0.2336448598130841
636,피크 직접분류,0.9615384615384616,0.23400936037441497
637,피크 직접분류,0.9615384615384616,0.234375
638,피크 직접분류,0.9615384615384616,0.2347417840375587
639,피크 직접분류,0.9615384615384616,0.23510971786833856
640,피크 직접분류,0.9615384615384616,0.2358490566037736
641,피크 직접분류,0.9615384615384616,0.23622047244094488
642,피크 직접분류,0.9615384615384616,0.23659305993690852
643,피크 직접분류,0.9615384615384616,0.23696682464454977
644,피크 직접분류,0.9615384615384616,0.23734177215189872
645,피크 직접분류,0.9615384615384616,0.23771790808240886
646,피크 직접분류,0.9615384615384616,0.23809523809523808
647,피크 직접분류,0.9615384615384616,0.2384737678855326
648,피크 직접분류,0.9615384615384616,0.23885350318471338
649,피크 직접분류,0.9615384615384616,0.23923444976076555
650,피크 직접분류,0.9615384615384616,0.23961661341853036
651,피크 직접분류,0.9615384615384616,0.24
652,피크 직접분류,0.9615384615384616,0.2403846153846154
653,피크 직접분류,0.9615384615384616,0.24077046548956663
654,피크 직접분류,0.9615384615384616,0.24115755627009647
655,피크 직접분류,0.9615384615384616,0.24154589371980675
656,피크 직접분류,0.9615384615384616,0.24193548387096775
657,피크 직접분류,0.9615384615384616,0.24232633279483037
658,피크 직접분류,0.9615384615384616,0.24271844660194175
659,피크 직접분류,0.9615384615384616,0.24311183144246354
660,피크 직접분류,0.9615384615384616,0.2435064935064935
661,피크 직접분류,0.9615384615384616,0.24390243902439024
662,피크 직접분류,0.9615384615384616,0.24429967426710097
663,피크 직접분류,0.9615384615384616,0.24469820554649266
664,피크 직접분류,0.9615384615384616,0.24509803921568626
665,피크 직접분류,0.9615384615384616,0.24549918166939444
666,피크 직접분류,0.9615384615384616,0.2459016393442623
667,피크 직접분류,0.9615384615384616,0.24630541871921183
668,피크 직접분류,0.9615384615384616,0.24671052631578946
669,피크 직접분류,0.9615384615384616,0.2471169686985173
670,피크 직접분류,0.9615384615384616,0.24752475247524752
671,피크 직접분류,0.9615384615384616,0.24793388429752067
672,피크 직접분류,0.9615384615384616,0.24834437086092714
673,피크 직접분류,0.9615384615384616,0.24875621890547264
674,피크 직접분류,0.9615384615384616,0.24916943521594684
675,피크 직접분류,0.9615384615384616,0.24958402662229617
676,피크 직접분류,0.9615384615384616,0.25
677,피크 직접분류,0.9615384615384616,0.25041736227045075
678,피크 직접분류,0.9615384615384616,0.2508361204013378
679,피크 직접분류,0.9615384615384616,0.25125628140703515
680,피크 직접분류,0.9615384615384616,0.2516778523489933
681,피크 직접분류,0.9615384615384616,0.25210084033613445
682,피크 직접분류,0.9615384615384616,0.25252525252525254
683,피크 직접분류,0.9615384615384616,0.25295109612141653
684,피크 직접분류,0.9615384615384616,0.2533783783783784
685,피크 직접분류,0.9615384615384616,0.25380710659898476
686,피크 직접분류,0.9615384615384616,0.2542372881355932
687,피크 직접분류,0.9615384615384616,0.2546689303904924
688,피크 직접분류,0.9615384615384616,0.25510204081632654
689,피크 직접분류,0.9615384615384616,0.2555366269165247
690,피크 직접분류,0.9551282051282052,0.25426621160409557
691,피크 직접분류,0.9551282051282052,0.2547008547008547
692,피크 직접분류,0.9551282051282052,0.2551369863013699
693,피크 직접분류,0.9551282051282052,0.2555746140651801
694,피크 직접분류,0.9551282051282052,0.25601374570446733
695,피크 직접분류,0.9551282051282052,0.25645438898450945
696,피크 직접분류,0.9551282051282052,0.25689655172413794
697,피크 직접분류,0.9551282051282052,0.25734024179620035
698,피크 직접분류,0.9551282051282052,0.2577854671280277
699,피크 직접분류,0.9551282051282052,0.2582322357019064
700,피크 직접분류,0.9551282051282052,0.2586805555555556
701,피크 직접분류,0.9551282051282052,0.2591304347826087
702,피크 직접분류,0.9551282051282052,0.259581881533101
703,피크 직접분류,0.9551282051282052,0.2600349040139616
704,피크 직접분류,0.9551282051282052,0.26048951048951047
705,피크 직접분류,0.9551282051282052,0.2609457092819615
706,피크 직접분류,0.9551282051282052,0.2614035087719298
707,피크 직접분류,0.9551282051282052,0.2618629173989455
708,피크 직접분류,0.9551282051282052,0.2623239436619718
709,피크 직접분류,0.9551282051282052,0.26278659611992944
710,피크 직접분류,0.9487179487179487,0.26148409893992935
711,피크 직접분류,0.9487179487179487,0.26194690265486725
712,피크 직접분류,0.9487179487179487,0.2624113475177305
713,피크 직접분류,0.9487179487179487,0.26287744227353466
714,피크 직접분류,0.9487179487179487,0.26334519572953735
715,피크 직접분류,0.9487179487179487,0.2638146167557932
716,피크 직접분류,0.9487179487179487,0.2642857142857143
717,피크 직접분류,0.9487179487179487,0.26475849731663686
718,피크 직접분류,0.9487179487179487,0.26523297491039427
719,피크 직접분류,0.9487179487179487,0.26570915619389585
720,피크 직접분류,0.9487179487179487,0.26618705035971224
721,피크 직접분류,0.9487179487179487,0.26666666666666666
722,피크 직접분류,0.9487179487179487,0.26714801444043323
723,피크 직접분류,0.9487179487179487,0.26763110307414106
724,피크 직접분류,0.9487179487179487,0.26811594202898553
725,피크 직접분류,0.9487179487179487,0.26860254083484575
726,피크 직접분류,0.9487179487179487,0.2690909090909091
727,피크 직접분류,0.9487179487179487,0.26958105646630237
728,피크 직접분류,0.9487179487179487,0.27007299270072993
729,피크 직접분류,0.9487179487179487,0.27056672760511885
730,피크 직접분류,0.9487179487179487,0.27106227106227104
731,피크 직접분류,0.9487179487179487,0.27155963302752295
732,피크 직접분류,0.9487179487179487,0.27205882352941174
733,피크 직접분류,0.9487179487179487,0.27255985267034993
734,피크 직접분류,0.9487179487179487,0.2730627306273063
735,피크 직접분류,0.9487179487179487,0.2735674676524954
736,피크 직접분류,0.9487179487179487,0.2740740740740741
737,피크 직접분류,0.9487179487179487,0.274582560296846
738,피크 직접분류,0.9487179487179487,0.275092936802974
739,피크 직접분류,0.9487179487179487,0.2756052141527002
740,피크 직접분류,0.9487179487179487,0.27611940298507465
741,피크 직접분류,0.9487179487179487,0.2766355140186916
742,피크 직접분류,0.9487179487179487,0.27715355805243447
743,피크 직접분류,0.9487179487179487,0.2776735459662289
744,피크 직접분류,0.9487179487179487,0.2781954887218045
745,피크 직접분류,0.9487179487179487,0.2787193973634652
746,피크 직접분류,0.9487179487179487,0.2792452830188679
747,피크 직접분류,0.9487179487179487,0.27977315689981097
748,피크 직접분류,0.9487179487179487,0.2803030303030303
749,피크 직접분류,0.9487179487179487,0.2808349146110057
750,피크 직접분류,0.9487179487179487,0.2813688212927757
751,피크 직접분류,0.9487179487179487,0.2819047619047619
752,피크 직접분류,0.9487179487179487,0.2824427480916031
753,피크 직접분류,0.9487179487179487,0.2829827915869981
754,피크 직접분류,0.9487179487179487,0.2835249042145594
755,피크 직접분류,0.9487179487179487,0.2840690978886756
756,피크 직접분류,0.9487179487179487,0.2846153846153846
757,피크 직접분류,0.9487179487179487,0.28516377649325625
758,피크 직접분류,0.9487179487179487,0.2857142857142857
759,피크 직접분류,0.9487179487179487,0.2862669245647969
760,피크 직접분류,0.9487179487179487,0.2868217054263566
761,피크 직접분류,0.9487179487179487,0.287378640776699
762,피크 직접분류,0.9487179487179487,0.28793774319066145
763,피크 직접분류,0.9487179487179487,0.2884990253411306
764,피크 직접분류,0.9487179487179487,0.2890625
765,피크 직접분류,0.9487179487179487,0.2896281800391389
766,피크 직접분류,0.9487179487179487,0.2901960784313726
767,피크 직접분류,0.9487179487179487,0.2907662082514735
768,피크 직접분류,0.9423076923076923,0.28937007874015747
769,피크 직접분류,0.9423076923076923,0.28994082840236685
770,피크 직접분류,0.9423076923076923,0.29051383399209485
771,피크 직접분류,0.9423076923076923,0.29108910891089107
772,피크 직접분류,0.9423076923076923,0.2916666666666667
773,피크 직접분류,0.9423076923076923,0.2922465208747515
774,피크 직접분류,0.9423076923076923,0.29282868525896416
775,피크 직접분류,0.9423076923076923,0.2934131736526946
776,피크 직접분류,0.9423076923076923,0.294
777,피크 직접분류,0.9423076923076923,0.29458917835671344
778,피크 직접분류,0.9423076923076923,0.29518072289156627
779,피크 직접분류,0.9423076923076923,0.29577464788732394
780,피크 직접분류,0.9423076923076923,0.2963709677419355
781,피크 직접분류,0.9423076923076923,0.296969696969697
782,피크 직접분류,0.9423076923076923,0.2975708502024291
783,피크 직접분류,0.9423076923076923,0.29817444219066935
784,피크 직접분류,0.9423076923076923,0.29878048780487804
785,피크 직접분류,0.9423076923076923,0.29938900203665986
786,피크 직접분류,0.9423076923076923,0.3
787,피크 직접분류,0.9423076923076923,0.3006134969325153
788,피크 직접분류,0.9423076923076923,0.3012295081967213
789,피크 직접분류,0.9423076923076923,0.30184804928131415
790,피크 직접분류,0.9423076923076923,0.30246913580246915
791,피크 직접분류,0.9423076923076923,0.3030927835051546
792,피크 직접분류,0.9423076923076923,0.3037190082644628
793,피크 직접분류,0.9358974358974359,0.3022774327122153
794,피크 직접분류,0.9358974358974359,0.3029045643153527
795,피크 직접분류,0.9358974358974359,0.30353430353430355
796,피크 직접분류,0.9358974358974359,0.30416666666666664
797,피크 직접분류,0.9358974358974359,0.3048016701461378
798,피크 직접분류,0.9358974358974359,0.3054393305439331
799,피크 직접분류,0.9358974358974359,0.3060796645702306
800,피크 직접분류,0.9358974358974359,0.3067226890756303
801,피크 직접분류,0.9358974358974359,0.30736842105263157
802,피크 직접분류,0.9358974358974359,0.3080168776371308
803,피크 직접분류,0.9358974358974359,0.3086680761099366
804,피크 직접분류,0.9358974358974359,0.3093220338983051
805,피크 직접분류,0.9358974358974359,0.3099787685774947
806,피크 직접분류,0.9358974358974359,0.31063829787234043
807,피크 직접분류,0.9358974358974359,0.31130063965884863
808,피크 직접분류,0.9358974358974359,0.31196581196581197
809,피크 직접분류,0.9358974358974359,0.31263383297644537
810,피크 직접분류,0.9358974358974359,0.3133047210300429
811,피크 직접분류,0.9358974358974359,0.3139784946236559
812,피크 직접분류,0.9358974358974359,0.3146551724137931
813,피크 직접분류,0.9358974358974359,0.31533477321814257
814,피크 직접분류,0.9358974358974359,0.31601731601731603
815,피크 직접분류,0.9358974358974359,0.31670281995661603
816,피크 직접분류,0.9358974358974359,0.3173913043478261
817,피크 직접분류,0.9358974358974359,0.31808278867102396
818,피크 직접분류,0.9358974358974359,0.31877729257641924
819,피크 직접분류,0.9358974358974359,0.31947483588621445
820,피크 직접분류,0.9358974358974359,0.3201754385964912
821,피크 직접분류,0.9358974358974359,0.3208791208791209
822,피크 직접분류,0.9358974358974359,0.32158590308370044
823,피크 직접분류,0.9294871794871795,0.3200883002207506
824,피크 직접분류,0.9294871794871795,0.32079646017699115
825,피크 직접분류,0.9294871794871795,0.3215077605321508
826,피크 직접분류,0.9294871794871795,0.32222222222222224
827,피크 직접분류,0.9294871794871795,0.32293986636971045
828,피크 직접분류,0.9294871794871795,0.3236607142857143
829,피크 직접분류,0.9294871794871795,0.3243847874720358
830,피크 직접분류,0.9294871794871795,0.3251121076233184
831,피크 직접분류,0.9294871794871795,0.3258426966292135
832,피크 직접분류,0.9294871794871795,0.32657657657657657
833,피크 직접분류,0.9294871794871795,0.327313769751693
834,피크 직접분류,0.9294871794871795,0.32805429864253394
835,피크 직접분류,0.9294871794871795,0.3287981859410431
836,피크 직접분류,0.9230769230769231,0.32727272727272727
837,피크 직접분류,0.9230769230769231,0.32801822323462415
838,피크 직접분류,0.9230769230769231,0.3287671232876712
839,피크 직접분류,0.9230769230769231,0.3295194508009153
840,피크 직접분류,0.9230769230769231,0.3302752293577982
841,피크 직접분류,0.9230769230769231,0.3310344827586207
842,피크 직접분류,0.9230769230769231,0.3317972350230415
843,피크 직접분류,0.9230769230769231,0.3325635103926097
844,피크 직접분류,0.9230769230769231,0.3333333333333333
845,피크 직접분류,0.9230769230769231,0.33410672853828305
846,피크 직접분류,0.9230769230769231,0.33488372093023255
847,피크 직접분류,0.9230769230769231,0.3356643356643357
848,피크 직접분류,0.9230769230769231,0.3364485981308411
849,피크 직접분류,0.9230769230769231,0.3372365339578454
850,피크 직접분류,0.9230769230769231,0.3380281690140845
851,피크 직접분류,0.9166666666666666,0.33647058823529413
852,피크 직접분류,0.9166666666666666,0.33726415094339623
853,피크 직접분류,0.9166666666666666,0.3380614657210402
854,피크 직접분류,0.9166666666666666,0.33886255924170616
855,피크 직접분류,0.9166666666666666,0.33966745843230406
856,피크 직접분류,0.9166666666666666,0.3404761904761905
857,피크 직접분류,0.9166666666666666,0.3412887828162291
858,피크 직접분류,0.9166666666666666,0.34210526315789475
859,피크 직접분류,0.9166666666666666,0.34292565947242204
860,피크 직접분류,0.9166666666666666,0.34375
861,피크 직접분류,0.9166666666666666,0.344578313253012
862,피크 직접분류,0.9166666666666666,0.34541062801932365
863,피크 직접분류,0.9166666666666666,0.34624697336561744
864,피크 직접분류,0.9166666666666666,0.3470873786407767
865,피크 직접분류,0.9166666666666666,0.34793187347931875
866,피크 직접분류,0.9166666666666666,0.348780487804878
867,피크 직접분류,0.9166666666666666,0.34963325183374083
868,피크 직접분류,0.9166666666666666,0.35049019607843135
869,피크 직접분류,0.9166666666666666,0.35135135135135137
870,피크 직접분류,0.9166666666666666,0.3522167487684729
871,피크 직접분류,0.9166666666666666,0.3530864197530864
872,피크 직접분류,0.9166666666666666,0.35396039603960394
873,피크 직접분류,0.9166666666666666,0.3548387096774194
874,피크 직접분류,0.9166666666666666,0.35572139303482586
875,피크 직접분류,0.9166666666666666,0.3566084788029925
876,피크 직접분류,0.9166666666666666,0.3575
877,피크 직접분류,0.9166666666666666,0.3583959899749373
878,피크 직접분류,0.9166666666666666,0.3592964824120603
879,피크 직접분류,0.9166666666666666,0.3602015113350126
880,피크 직접분류,0.9166666666666666,0.3611111111111111
881,피크 직접분류,0.9166666666666666,0.3620253164556962
882,피크 직접분류,0.9166666666666666,0.3629441624365482
883,피크 직접분류,0.9166666666666666,0.3638676844783715
884,피크 직접분류,0.9166666666666666,0.3647959183673469
885,피크 직접분류,0.9166666666666666,0.3657289002557545
886,피크 직접분류,0.9166666666666666,0.36666666666666664
887,피크 직접분류,0.9102564102564102,0.36503856041131105
888,피크 직접분류,0.9102564102564102,0.36597938144329895
889,피크 직접분류,0.9038461538461539,0.3643410852713178
890,피크 직접분류,0.9038461538461539,0.36528497409326427
891,피크 직접분류,0.9038461538461539,0.36623376623376624
892,피크 직접분류,0.9038461538461539,0.3671875
893,피크 직접분류,0.9038461538461539,0.3681462140992167
894,피크 직접분류,0.8974358974358975,0.36649214659685864
895,피크 직접분류,0.8974358974358975,0.3674540682414698
896,피크 직접분류,0.8974358974358975,0.3684210526315789
897,피크 직접분류,0.8974358974358975,0.36939313984168864
898,피크 직접분류,0.8910256410256411,0.36772486772486773
899,피크 직접분류,0.8910256410256411,0.3687002652519894
900,피크 직접분류,0.8910256410256411,0.3696808510638298
901,피크 직접분류,0.8910256410256411,0.37066666666666664
902,피크 직접분류,0.8910256410256411,0.3716577540106952
903,피크 직접분류,0.8910256410256411,0.3726541554959786
904,피크 직접분류,0.8910256410256411,0.3736559139784946
905,피크 직접분류,0.8910256410256411,0.3746630727762803
906,피크 직접분류,0.8910256410256411,0.37567567567567567
907,피크 직접분류,0.8910256410256411,0.37669376693766937
908,피크 직접분류,0.8910256410256411,0.37771739130434784
909,피크 직접분류,0.8910256410256411,0.3787465940054496
910,피크 직접분류,0.8910256410256411,0.3797814207650273
911,피크 직접분류,0.8910256410256411,0.38082191780821917
912,피크 직접분류,0.8910256410256411,0.38186813186813184
913,피크 직접분류,0.8910256410256411,0.38292011019283745
914,피크 직접분류,0.8910256410256411,0.3839779005524862
915,피크 직접분류,0.8910256410256411,0.3850415512465374
916,피크 직접분류,0.8910256410256411,0.3861111111111111
917,피크 직접분류,0.8910256410256411,0.3871866295264624
918,피크 직접분류,0.8910256410256411,0.388268156424581
919,피크 직접분류,0.8910256410256411,0.38935574229691877
920,피크 직접분류,0.8910256410256411,0.3904494382022472
921,피크 직접분류,0.8910256410256411,0.39154929577464787
922,피크 직접분류,0.8910256410256411,0.3926553672316384
923,피크 직접분류,0.8910256410256411,0.3937677053824363
924,피크 직접분류,0.8910256410256411,0.39488636363636365
925,피크 직접분류,0.8910256410256411,0.396011396011396
926,피크 직접분류,0.8910256410256411,0.39714285714285713
927,피크 직접분류,0.8910256410256411,0.3982808022922636
928,피크 직접분류,0.8910256410256411,0.3994252873563218
929,피크 직접분류,0.8910256410256411,0.40057636887608067
930,피크 직접분류,0.8910256410256411,0.40173410404624277
931,피크 직접분류,0.8846153846153846,0.4
932,피크 직접분류,0.8846153846153846,0.4011627906976744
933,피크 직접분류,0.8782051282051282,0.39941690962099125
934,피크 직접분류,0.8782051282051282,0.40058479532163743
935,피크 직접분류,0.8782051282051282,0.40175953079178883
936,피크 직접분류,0.8782051282051282,0.40294117647058825
937,피크 직접분류,0.8782051282051282,0.40412979351032446
938,피크 직접분류,0.8782051282051282,0.40532544378698226
939,피크 직접분류,0.8782051282051282,0.4065281899109792
940,피크 직접분류,0.8782051282051282,0.40773809523809523
941,피크 직접분류,0.8782051282051282,0.408955223880597
942,피크 직접분류,0.8782051282051282,0.4101796407185629
943,피크 직접분류,0.8782051282051282,0.4114114114114114
944,피크 직접분류,0.8782051282051282,0.4126506024096386
945,피크 직접분류,0.8782051282051282,0.41389728096676737
946,피크 직접분류,0.8782051282051282,0.41515151515151516
947,피크 직접분류,0.8782051282051282,0.41641337386018235
948,피크 직접분류,0.8782051282051282,0.4176829268292683
949,피크 직접분류,0.8782051282051282,0.41896024464831805
950,피크 직접분류,0.8717948717948718,0.4171779141104294
951,피크 직접분류,0.8717948717948718,0.41846153846153844
952,피크 직접분류,0.8717948717948718,0.41975308641975306
953,피크 직접분류,0.8717948717948718,0.42105263157894735
954,피크 직접분류,0.8717948717948718,0.422360248447205
955,피크 직접분류,0.8717948717948718,0.4236760124610592
956,피크 직접분류,0.8717948717948718,0.425
957,피크 직접분류,0.8717948717948718,0.4263322884012539
958,피크 직접분류,0.8717948717948718,0.4276729559748428
959,피크 직접분류,0.8717948717948718,0.42902208201892744
960,피크 직접분류,0.8717948717948718,0.43037974683544306
961,피크 직접분류,0.8717948717948718,0.43174603174603177
962,피크 직접분류,0.8653846153846154,0.4299363057324841
963,피크 직접분류,0.8653846153846154,0.43130990415335463
964,피크 직접분류,0.8589743589743589,0.42948717948717946
965,피크 직접분류,0.8589743589743589,0.43086816720257237
966,피크 직접분류,0.8589743589743589,0.432258064516129
967,피크 직접분류,0.8589743589743589,0.4336569579288026
968,피크 직접분류,0.8525641025641025,0.4318181818181818
969,피크 직접분류,0.8525641025641025,0.43322475570032576
970,피크 직접분류,0.8525641025641025,0.434640522875817
971,피크 직접분류,0.8525641025641025,0.4360655737704918
972,피크 직접분류,0.8525641025641025,0.4375
973,피크 직접분류,0.8525641025641025,0.4389438943894389
974,피크 직접분류,0.8525641025641025,0.44039735099337746
975,피크 직접분류,0.8525641025641025,0.4418604651162791
976,피크 직접분류,0.8525641025641025,0.44333333333333336
977,피크 직접분류,0.8525641025641025,0.44481605351170567
978,피크 직접분류,0.8461538461538461,0.4429530201342282
979,피크 직접분류,0.8461538461538461,0.4444444444444444
980,피크 직접분류,0.8397435897435898,0.44256756756756754
981,피크 직접분류,0.8397435897435898,0.4440677966101695
982,피크 직접분류,0.8333333333333334,0.4421768707482993
983,피크 직접분류,0.8333333333333334,0.44368600682593856
984,피크 직접분류,0.8333333333333334,0.4452054794520548
985,피크 직접분류,0.8333333333333334,0.44673539518900346
986,피크 직접분류,0.8333333333333334,0.4482758620689655
987,피크 직접분류,0.8333333333333334,0.44982698961937717
988,피크 직접분류,0.8269230769230769,0.4479166666666667
989,피크 직접분류,0.8269230769230769,0.44947735191637633
990,피크 직접분류,0.8269230769230769,0.45104895104895104
991,피크 직접분류,0.8269230769230769,0.45263157894736844
992,피크 직접분류,0.8269230769230769,0.45422535211267606
993,피크 직접분류,0.8269230769230769,0.4558303886925795
994,피크 직접분류,0.8269230769230769,0.4574468085106383
995,피크 직접분류,0.8269230769230769,0.45907473309608543
996,피크 직접분류,0.8269230769230769,0.4607142857142857
997,피크 직접분류,0.8269230769230769,0.46236559139784944
998,피크 직접분류,0.8269230769230769,0.46402877697841727
999,피크 직접분류,0.8269230769230769,0.4657039711191336
1000,피크 직접분류,0.8269230769230769,0.4673913043478261
1001,피크 직접분류,0.8205128205128205,0.46545454545454545
1002,피크 직접분류,0.8205128205128205,0.46715328467153283
1003,피크 직접분류,0.8205128205128205,0.46886446886446886
1004,피크 직접분류,0.8205128205128205,0.47058823529411764
1005,피크 직접분류,0.8205128205128205,0.47232472324723246
1006,피크 직접분류,0.8205128205128205,0.4740740740740741
1007,피크 직접분류,0.8205128205128205,0.4758364312267658
1008,피크 직접분류,0.8205128205128205,0.47761194029850745
1009,피크 직접분류,0.8205128205128205,0.4794007490636704
1010,피크 직접분류,0.8205128205128205,0.48120300751879697
1011,피크 직접분류,0.8141025641025641,0.47924528301886793
1012,피크 직접분류,0.8141025641025641,0.4810606060606061
1013,피크 직접분류,0.8076923076923077,0.4790874524714829
1014,피크 직접분류,0.8076923076923077,0.48091603053435117
1015,피크 직접분류,0.8076923076923077,0.4827586206896552
1016,피크 직접분류,0.8012820512820513,0.4807692307692308
1017,피크 직접분류,0.8012820512820513,0.4826254826254826
1018,피크 직접분류,0.8012820512820513,0.4844961240310077
1019,피크 직접분류,0.8012820512820513,0.48638132295719844
1020,피크 직접분류,0.8012820512820513,0.48828125
1021,피크 직접분류,0.8012820512820513,0.49019607843137253
1022,피크 직접분류,0.8012820512820513,0.4921259842519685
1023,피크 직접분류,0.7948717948717948,0.4901185770750988
1024,피크 직접분류,0.7884615384615384,0.4880952380952381
1025,피크 직접분류,0.7884615384615384,0.4900398406374502
1026,피크 직접분류,0.7884615384615384,0.492
1027,피크 직접분류,0.782051282051282,0.4899598393574297
1028,피크 직접분류,0.782051282051282,0.49193548387096775
1029,피크 직접분류,0.7756410256410257,0.4898785425101215
1030,피크 직접분류,0.7692307692307693,0.4878048780487805
1031,피크 직접분류,0.7692307692307693,0.4897959183673469
1032,피크 직접분류,0.7692307692307693,0.4918032786885246
1033,피크 직접분류,0.7692307692307693,0.49382716049382713
1034,피크 직접분류,0.7628205128205128,0.49173553719008267
1035,피크 직접분류,0.7628205128205128,0.49377593360995853
1036,피크 직접분류,0.7564102564102564,0.49166666666666664
1037,피크 직접분류,0.7564102564102564,0.49372384937238495
1038,피크 직접분류,0.7564102564102564,0.4957983193277311
1039,피크 직접분류,0.75,0.4936708860759494
1040,피크 직접분류,0.7435897435897436,0.4915254237288136
1041,피크 직접분류,0.7435897435897436,0.49361702127659574
1042,피크 직접분류,0.7435897435897436,0.49572649572649574
1043,피크 직접분류,0.7435897435897436,0.4978540772532189
1044,피크 직접분류,0.7435897435897436,0.5
1045,피크 직접분류,0.7371794871794872,0.49783549783549785
1046,피크 직접분류,0.7307692307692307,0.4956521739130435
1047,피크 직접분류,0.7243589743589743,0.49344978165938863
1048,피크 직접분류,0.7243589743589743,0.4956140350877193
1049,피크 직접분류,0.7243589743589743,0.4977973568281938
1050,피크 직접분류,0.717948717948718,0.49557522123893805
1051,피크 직접분류,0.717948717948718,0.49777777777777776
1052,피크 직접분류,0.717948717948718,0.5
1053,피크 직접분류,0.717948717948718,0.5022421524663677
1054,피크 직접분류,0.7115384615384616,0.5
1055,피크 직접분류,0.7115384615384616,0.502262443438914
1056,피크 직접분류,0.7051282051282052,0.5
1057,피크 직접분류,0.7051282051282052,0.502283105022831
1058,피크 직접분류,0.7051282051282052,0.5045871559633027
1059,피크 직접분류,0.6987179487179487,0.5023041474654378
1060,피크 직접분류,0.6987179487179487,0.5046296296296297
1061,피크 직접분류,0.6987179487179487,0.5069767441860465
1062,피크 직접분류,0.6923076923076923,0.5046728971962616
1063,피크 직접분류,0.6858974358974359,0.5023474178403756
1064,피크 직접분류,0.6794871794871795,0.5
1065,피크 직접분류,0.6730769230769231,0.4976303317535545
1066,피크 직접분류,0.6730769230769231,0.5
1067,피크 직접분류,0.6730769230769231,0.5023923444976076
1068,피크 직접분류,0.6666666666666666,0.5
1069,피크 직접분류,0.6666666666666666,0.5024154589371981
1070,피크 직접분류,0.6602564102564102,0.5
1071,피크 직접분류,0.6602564102564102,0.5024390243902439
1072,피크 직접분류,0.6602564102564102,0.5049019607843137
1073,피크 직접분류,0.6602564102564102,0.5073891625615764
1074,피크 직접분류,0.6602564102564102,0.5099009900990099
1075,피크 직접분류,0.6538461538461539,0.5074626865671642
1076,피크 직접분류,0.6474358974358975,0.505
1077,피크 직접분류,0.6474358974358975,0.507537688442211
1078,피크 직접분류,0.6410256410256411,0.5050505050505051
1079,피크 직접분류,0.6346153846153846,0.5025380710659898
1080,피크 직접분류,0.6346153846153846,0.5051020408163265
1081,피크 직접분류,0.6282051282051282,0.5025641025641026
1082,피크 직접분류,0.6282051282051282,0.5051546391752577
1083,피크 직접분류,0.6282051282051282,0.5077720207253886
1084,피크 직접분류,0.6282051282051282,0.5104166666666666
1085,피크 직접분류,0.6217948717948718,0.5078534031413613
1086,피크 직접분류,0.6217948717948718,0.5105263157894737
1087,피크 직접분류,0.6217948717948718,0.5132275132275133
1088,피크 직접분류,0.6153846153846154,0.5106382978723404
1089,피크 직접분류,0.6153846153846154,0.5133689839572193
1090,피크 직접분류,0.6089743589743589,0.510752688172043
1091,피크 직접분류,0.6025641025641025,0.5081081081081081
1092,피크 직접분류,0.6025641025641025,0.5108695652173914
1093,피크 직접분류,0.6025641025641025,0.5136612021857924
1094,피크 직접분류,0.6025641025641025,0.5164835164835165
1095,피크 직접분류,0.5961538461538461,0.5138121546961326
1096,피크 직접분류,0.5897435897435898,0.5111111111111111
1097,피크 직접분류,0.5833333333333334,0.5083798882681564
1098,피크 직접분류,0.5833333333333334,0.5112359550561798
1099,피크 직접분류,0.5833333333333334,0.5141242937853108
1100,피크 직접분류,0.5833333333333334,0.5170454545454546
1101,피크 직접분류,0.5833333333333334,0.52
1102,피크 직접분류,0.5769230769230769,0.5172413793103449
1103,피크 직접분류,0.5705128205128205,0.5144508670520231
1104,피크 직접분류,0.5641025641025641,0.5116279069767442
1105,피크 직접분류,0.5641025641025641,0.5146198830409356
1106,피크 직접분류,0.5641025641025641,0.5176470588235295
1107,피크 직접분류,0.5641025641025641,0.5207100591715976
1108,피크 직접분류,0.5576923076923077,0.5178571428571429
1109,피크 직접분류,0.5512820512820513,0.5149700598802395
1110,피크 직접분류,0.5448717948717948,0.5120481927710844
1111,피크 직접분류,0.5448717948717948,0.5151515151515151
1112,피크 직접분류,0.5448717948717948,0.5182926829268293
1113,피크 직접분류,0.5384615384615384,0.5153374233128835
1114,피크 직접분류,0.532051282051282,0.5123456790123457
1115,피크 직접분류,0.5256410256410257,0.5093167701863354
1116,피크 직접분류,0.5192307692307693,0.50625
1117,피크 직접분류,0.5128205128205128,0.5031446540880503
1118,피크 직접분류,0.5128205128205128,0.5063291139240507
1119,피크 직접분류,0.5128205128205128,0.5095541401273885
1120,피크 직접분류,0.5128205128205128,0.5128205128205128
1121,피크 직접분류,0.5128205128205128,0.5161290322580645
1122,피크 직접분류,0.5128205128205128,0.5194805194805194
1123,피크 직접분류,0.5064102564102564,0.5163398692810458
1124,피크 직접분류,0.5064102564102564,0.5197368421052632
1125,피크 직접분류,0.5064102564102564,0.5231788079470199
1126,피크 직접분류,0.5064102564102564,0.5266666666666666
1127,피크 직접분류,0.5064102564102564,0.5302013422818792
1128,피크 직접분류,0.5064102564102564,0.5337837837837838
1129,피크 직접분류,0.5,0.5306122448979592
1130,피크 직접분류,0.4935897435897436,0.5273972602739726
1131,피크 직접분류,0.48717948717948717,0.5241379310344828
1132,피크 직접분류,0.48717948717948717,0.5277777777777778
1133,피크 직접분류,0.48717948717948717,0.5314685314685315
1134,피크 직접분류,0.48717948717948717,0.5352112676056338
1135,피크 직접분류,0.48717948717948717,0.5390070921985816
1136,피크 직접분류,0.4807692307692308,0.5357142857142857
1137,피크 직접분류,0.47435897435897434,0.5323741007194245
1138,피크 직접분류,0.47435897435897434,0.5362318840579711
1139,피크 직접분류,0.47435897435897434,0.5401459854014599
1140,피크 직접분류,0.46794871794871795,0.5367647058823529
1141,피크 직접분류,0.46153846153846156,0.5333333333333333
1142,피크 직접분류,0.4551282051282051,0.5298507462686567
1143,피크 직접분류,0.44871794871794873,0.5263157894736842
1144,피크 직접분류,0.4423076923076923,0.5227272727272727
1145,피크 직접분류,0.4358974358974359,0.5190839694656488
1146,피크 직접분류,0.42948717948717946,0.5153846153846153
1147,피크 직접분류,0.42948717948717946,0.5193798449612403
1148,피크 직접분류,0.42948717948717946,0.5234375
1149,피크 직접분류,0.42948717948717946,0.5275590551181102
1150,피크 직접분류,0.42948717948717946,0.5317460317460317
1151,피크 직접분류,0.42948717948717946,0.536
1152,피크 직접분류,0.42948717948717946,0.5403225806451613
1153,피크 직접분류,0.42948717948717946,0.5447154471544715
1154,피크 직접분류,0.42948717948717946,0.5491803278688525
1155,피크 직접분류,0.42948717948717946,0.5537190082644629
1156,피크 직접분류,0.42948717948717946,0.5583333333333333
1157,피크 직접분류,0.42948717948717946,0.5630252100840336
1158,피크 직접분류,0.42948717948717946,0.5677966101694916
1159,피크 직접분류,0.4230769230769231,0.5641025641025641
1160,피크 직접분류,0.4230769230769231,0.5689655172413793
1161,피크 직접분류,0.4166666666666667,0.5652173913043478
1162,피크 직접분류,0.4166666666666667,0.5701754385964912
1163,피크 직접분류,0.4166666666666667,0.5752212389380531
1164,피크 직접분류,0.4166666666666667,0.5803571428571429
1165,피크 직접분류,0.4166666666666667,0.5855855855855856
1166,피크 직접분류,0.41025641025641024,0.5818181818181818
1167,피크 직접분류,0.40384615384615385,0.5779816513761468
1168,피크 직접분류,0.3974358974358974,0.5740740740740741
1169,피크 직접분류,0.3974358974358974,0.5794392523364486
1170,피크 직접분류,0.391025641025641,0.5754716981132075
1171,피크 직접분류,0.38461538461538464,0.5714285714285714
1172,피크 직접분류,0.3782051282051282,0.5673076923076923
1173,피크 직접분류,0.3717948717948718,0.5631067961165048
1174,피크 직접분류,0.3717948717948718,0.5686274509803921
1175,피크 직접분류,0.36538461538461536,0.5643564356435643
1176,피크 직접분류,0.36538461538461536,0.57
1177,피크 직접분류,0.36538461538461536,0.5757575757575758
1178,피크 직접분류,0.358974358974359,0.5714285714285714
1179,피크 직접분류,0.358974358974359,0.5773195876288659
1180,피크 직접분류,0.358974358974359,0.5833333333333334
1181,피크 직접분류,0.3525641025641026,0.5789473684210527
1182,피크 직접분류,0.34615384615384615,0.574468085106383
1183,피크 직접분류,0.33974358974358976,0.5698924731182796
1184,피크 직접분류,0.3333333333333333,0.5652173913043478
1185,피크 직접분류,0.3269230769230769,0.5604395604395604
1186,피크 직접분류,0.32051282051282054,0.5555555555555556
1187,피크 직접분류,0.32051282051282054,0.5617977528089888
1188,피크 직접분류,0.3141025641025641,0.5568181818181818
1189,피크 직접분류,0.3141025641025641,0.5632183908045977
1190,피크 직접분류,0.3141025641025641,0.5697674418604651
1191,피크 직접분류,0.3141025641025641,0.5764705882352941
1192,피크 직접분류,0.3076923076923077,0.5714285714285714
1193,피크 직접분류,0.3076923076923077,0.5783132530120482
1194,피크 직접분류,0.30128205128205127,0.573170731707317
1195,피크 직접분류,0.2948717948717949,0.5679012345679012
1196,피크 직접분류,0.2948717948717949,0.575
1197,피크 직접분류,0.28846153846153844,0.569620253164557
1198,피크 직접분류,0.28205128205128205,0.5641025641025641
1199,피크 직접분류,0.27564102564102566,0.5584415584415584
1200,피크 직접분류,0.2692307692307692,0.5526315789473685
1201,피크 직접분류,0.26282051282051283,0.5466666666666666
1202,피크 직접분류,0.2564102564102564,0.5405405405405406
1203,피크 직접분류,0.25,0.5342465753424658
1204,피크 직접분류,0.24358974358974358,0.5277777777777778
1205,피크 직접분류,0.23717948717948717,0.5211267605633803
1206,피크 직접분류,0.23717948717948717,0.5285714285714286
1207,피크 직접분류,0.23717948717948717,0.5362318840579711
1208,피크 직접분류,0.23717948717948717,0.5441176470588235
1209,피크 직접분류,0.23717948717948717,0.5522388059701493
1210,피크 직접분류,0.23717948717948717,0.5606060606060606
1211,피크 직접분류,0.23717948717948717,0.5692307692307692
1212,피크 직접분류,0.23076923076923078,0.5625
1213,피크 직접분류,0.22435897435897437,0.5555555555555556
1214,피크 직접분류,0.22435897435897437,0.5645161290322581
1215,피크 직접분류,0.22435897435897437,0.5737704918032787
1216,피크 직접분류,0.21794871794871795,0.5666666666666667
1217,피크 직접분류,0.21794871794871795,0.576271186440678
1218,피크 직접분류,0.21153846153846154,0.5689655172413793
1219,피크 직접분류,0.21153846153846154,0.5789473684210527
1220,피크 직접분류,0.21153846153846154,0.5892857142857143
1221,피크 직접분류,0.20512820512820512,0.5818181818181818
1222,피크 직접분류,0.20512820512820512,0.5925925925925926
1223,피크 직접분류,0.1987179487179487,0.5849056603773585
1224,피크 직접분류,0.1987179487179487,0.5961538461538461
1225,피크 직접분류,0.1987179487179487,0.6078431372549019
1226,피크 직접분류,0.19230769230769232,0.6
1227,피크 직접분류,0.1858974358974359,0.5918367346938775
1228,피크 직접분류,0.1794871794871795,0.5833333333333334
1229,피크 직접분류,0.1794871794871795,0.5957446808510638
1230,피크 직접분류,0.1794871794871795,0.6086956521739131
1231,피크 직접분류,0.1794871794871795,0.6222222222222222
1232,피크 직접분류,0.1794871794871795,0.6363636363636364
1233,피크 직접분류,0.17307692307692307,0.627906976744186
1234,피크 직접분류,0.17307692307692307,0.6428571428571429
1235,피크 직접분류,0.16666666666666666,0.6341463414634146
1236,피크 직접분류,0.16025641025641027,0.625
1237,피크 직접분류,0.15384615384615385,0.6153846153846154
1238,피크 직접분류,0.15384615384615385,0.631578947368421
1239,피크 직접분류,0.14743589743589744,0.6216216216216216
1240,피크 직접분류,0.14102564102564102,0.6111111111111112
1241,피크 직접분류,0.14102564102564102,0.6285714285714286
1242,피크 직접분류,0.1346153846153846,0.6176470588235294
1243,피크 직접분류,0.1346153846153846,0.6363636363636364
1244,피크 직접분류,0.1282051282051282,0.625
1245,피크 직접분류,0.1282051282051282,0.6451612903225806
1246,피크 직접분류,0.12179487179487179,0.6333333333333333
1247,피크 직접분류,0.11538461538461539,0.6206896551724138
1248,피크 직접분류,0.10897435897435898,0.6071428571428571
1249,피크 직접분류,0.10256410256410256,0.5925925925925926
1250,피크 직접분류,0.10256410256410256,0.6153846153846154
1251,피크 직접분류,0.09615384615384616,0.6
1252,피크 직접분류,0.08974358974358974,0.5833333333333334
1253,피크 직접분류,0.08333333333333333,0.5652173913043478
1254,피크 직접분류,0.07692307692307693,0.5454545454545454
1255,피크 직접분류,0.07692307692307693,0.5714285714285714
1256,피크 직접분류,0.07051282051282051,0.55
1257,피크 직접분류,0.0641025641025641,0.5263157894736842
1258,피크 직접분류,0.057692307692307696,0.5
1259,피크 직접분류,0.057692307692307696,0.5294117647058824
1260,피크 직접분류,0.057692307692307696,0.5625
1261,피크 직접분류,0.057692307692307696,0.6
1262,피크 직접분류,0.057692307692307696,0.6428571428571429
1263,피크 직접분류,0.057692307692307696,0.6923076923076923
1264,피크 직접분류,0.05128205128205128,0.6666666666666666
1265,피크 직접분류,0.04487179487179487,0.6363636363636364
1266,피크 직접분류,0.04487179487179487,0.7
1267,피크 직접분류,0.038461538461538464,0.6666666666666666
1268,피크 직접분류,0.038461538461538464,0.75
1269,피크 직접분류,0.038461538461538464,0.8571428571428571
1270,피크 직접분류,0.038461538461538464,1.0
1271,피크 직접분류,0.03205128205128205,1.0
1272,피크 직접분류,0.02564102564102564,1.0
1273,피크 직접분류,0.019230769230769232,1.0
1274,피크 직접분류,0.01282051282051282,1.0
1275,피크 직접분류,0.00641025641025641,1.0
1276,피크 직접분류,0.0,1.0
1277,2단계 레짐(3분류),1.0,0.12197028928850664
1278,2단계 레짐(3분류),1.0,0.12206572769953052
1279,2단계 레짐(3분류),1.0,0.12216131558339859
1280,2단계 레짐(3분류),1.0,0.12225705329153605
1281,2단계 레짐(3분류),1.0,0.1223529411764706
1282,2단계 레짐(3분류),1.0,0.12244897959183673
1283,2단계 레짐(3분류),1.0,0.12254516889238021
1284,2단계 레짐(3분류),1.0,0.12264150943396226
1285,2단계 레짐(3분류),1.0,0.12273800157356413
1286,2단계 레짐(3분류),1.0,0.12283464566929134
1287,2단계 레짐(3분류),1.0,0.12293144208037825
1288,2단계 레짐(3분류),1.0,0.12302839116719243
1289,2단계 레짐(3분류),1.0,0.12312549329123915
1290,2단계 레짐(3분류),1.0,0.12322274881516587
1291,2단계 레짐(3분류),1.0,0.1233201581027668
1292,2단계 레짐(3분류),1.0,0.12341772151898735
1293,2단계 레짐(3분류),1.0,0.12351543942992874
1294,2단계 레짐(3분류),1.0,0.12361331220285261
1295,2단계 레짐(3분류),1.0,0.12371134020618557
1296,2단계 레짐(3분류),1.0,0.12380952380952381
1297,2단계 레짐(3분류),1.0,0.12390786338363781
1298,2단계 레짐(3분류),1.0,0.12400635930047695
1299,2단계 레짐(3분류),1.0,0.12410501193317422
1300,2단계 레짐(3분류),1.0,0.12420382165605096
1301,2단계 레짐(3분류),1.0,0.12430278884462151
1302,2단계 레짐(3분류),1.0,0.12440191387559808
1303,2단계 레짐(3분류),1.0,0.12450119712689545
1304,2단계 레짐(3분류),1.0,0.12460063897763578
1305,2단계 레짐(3분류),1.0,0.12470023980815348
1306,2단계 레짐(3분류),1.0,0.1248
1307,2단계 레짐(3분류),1.0,0.12489991993594876
1308,2단계 레짐(3분류),1.0,0.125
1309,2단계 레짐(3분류),1.0,0.12510024057738572
1310,2단계 레짐(3분류),1.0,0.12520064205457465
1311,2단계 레짐(3분류),1.0,0.12530120481927712
1312,2단계 레짐(3분류),1.0,0.12540192926045016
1313,2단계 레짐(3분류),1.0,0.1255028157683025
1314,2단계 레짐(3분류),1.0,0.12560386473429952
1315,2단계 레짐(3분류),1.0,0.12570507655116842
1316,2단계 레짐(3분류),1.0,0.12580645161290321
1317,2단계 레짐(3분류),1.0,0.12590799031476999
1318,2단계 레짐(3분류),1.0,0.1260096930533118
1319,2단계 레짐(3분류),1.0,0.12611156022635409
1320,2단계 레짐(3분류),1.0,0.1262135922330097
1321,2단계 레짐(3분류),1.0,0.12631578947368421
1322,2단계 레짐(3분류),1.0,0.12641815235008103
1323,2단계 레짐(3분류),1.0,0.12652068126520682
1324,2단계 레짐(3분류),1.0,0.1266233766233766
1325,2단계 레짐(3분류),1.0,0.12672623883021933
1326,2단계 레짐(3분류),1.0,0.12682926829268293
1327,2단계 레짐(3분류),1.0,0.12693246541903988
1328,2단계 레짐(3분류),1.0,0.1270358306188925
1329,2단계 레짐(3분류),1.0,0.1271393643031785
1330,2단계 레짐(3분류),1.0,0.1272430668841762
1331,2단계 레짐(3분류),1.0,0.1273469387755102
1332,2단계 레짐(3분류),1.0,0.12745098039215685
1333,2단계 레짐(3분류),1.0,0.12755519215044972
1334,2단계 레짐(3분류),1.0,0.1276595744680851
1335,2단계 레짐(3분류),1.0,0.12776412776412777
1336,2단계 레짐(3분류),1.0,0.12786885245901639
1337,2단계 레짐(3분류),1.0,0.1279737489745693
1338,2단계 레짐(3분류),1.0,0.12807881773399016
1339,2단계 레짐(3분류),1.0,0.12818405916187345
1340,2단계 레짐(3분류),1.0,0.12828947368421054
1341,2단계 레짐(3분류),1.0,0.12839506172839507
1342,2단계 레짐(3분류),1.0,0.128500823723229
1343,2단계 레짐(3분류),1.0,0.12860676009892827
1344,2단계 레짐(3분류),1.0,0.12871287128712872
1345,2단계 레짐(3분류),1.0,0.12881915772089184
1346,2단계 레짐(3분류),1.0,0.12892561983471074
1347,2단계 레짐(3분류),1.0,0.12903225806451613
1348,2단계 레짐(3분류),1.0,0.1291390728476821
1349,2단계 레짐(3분류),1.0,0.12924606462303231
1350,2단계 레짐(3분류),1.0,0.12935323383084577
1351,2단계 레짐(3분류),1.0,0.12946058091286308
1352,2단계 레짐(3분류),1.0,0.12956810631229235
1353,2단계 레짐(3분류),1.0,0.12967581047381546
1354,2단계 레짐(3분류),1.0,0.129783693843594
1355,2단계 레짐(3분류),1.0,0.1298917568692756
1356,2단계 레짐(3분류),1.0,0.13
1357,2단계 레짐(3분류),1.0,0.13010842368640535
1358,2단계 레짐(3분류),1.0,0.1302170283806344
1359,2단계 레짐(3분류),1.0,0.13032581453634084
1360,2단계 레짐(3분류),1.0,0.13043478260869565
1361,2단계 레짐(3분류),1.0,0.1305439330543933
1362,2단계 레짐(3분류),1.0,0.1306532663316583
1363,2단계 레짐(3분류),1.0,0.13076278290025148
1364,2단계 레짐(3분류),1.0,0.13087248322147652
1365,2단계 레짐(3분류),1.0,0.1309823677581864
1366,2단계 레짐(3분류),1.0,0.13109243697478992
1367,2단계 레짐(3분류),1.0,0.1312026913372582
1368,2단계 레짐(3분류),1.0,0.13131313131313133
1369,2단계 레짐(3분류),1.0,0.13142375737152484
1370,2단계 레짐(3분류),1.0,0.1315345699831366
1371,2단계 레짐(3분류),1.0,0.13164556962025317
1372,2단계 레짐(3분류),1.0,0.13175675675675674
1373,2단계 레짐(3분류),1.0,0.13186813186813187
1374,2단계 레짐(3분류),1.0,0.1319796954314721
1375,2단계 레짐(3분류),1.0,0.13209144792548688
1376,2단계 레짐(3분류),1.0,0.13220338983050847
1377,2단계 레짐(3분류),1.0,0.13231552162849872
1378,2단계 레짐(3분류),1.0,0.13242784380305603
1379,2단계 레짐(3분류),1.0,0.13254035683942225
1380,2단계 레짐(3분류),1.0,0.1326530612244898
1381,2단계 레짐(3분류),1.0,0.1327659574468085
1382,2단계 레짐(3분류),1.0,0.13287904599659284
1383,2단계 레짐(3분류),1.0,0.1329923273657289
1384,2단계 레짐(3분류),1.0,0.13310580204778158
1385,2단계 레짐(3분류),1.0,0.1332194705380017
1386,2단계 레짐(3분류),1.0,0.13333333333333333
1387,2단계 레짐(3분류),1.0,0.13344739093242086
1388,2단계 레짐(3분류),1.0,0.13356164383561644
1389,2단계 레짐(3분류),1.0,0.13367609254498714
1390,2단계 레짐(3분류),1.0,0.13379073756432247
1391,2단계 레짐(3분류),1.0,0.13390557939914163
1392,2단계 레짐(3분류),1.0,0.13402061855670103
1393,2단계 레짐(3분류),1.0,0.13413585554600171
1394,2단계 레짐(3분류),1.0,0.1342512908777969
1395,2단계 레짐(3분류),1.0,0.1343669250645995
1396,2단계 레짐(3분류),1.0,0.13448275862068965
1397,2단계 레짐(3분류),1.0,0.13459879206212252
1398,2단계 레짐(3분류),1.0,0.13471502590673576
1399,2단계 레짐(3분류),1.0,0.1348314606741573
1400,2단계 레짐(3분류),1.0,0.13494809688581316
1401,2단계 레짐(3분류),1.0,0.13506493506493505
1402,2단계 레짐(3분류),1.0,0.13518197573656845
1403,2단계 레짐(3분류),1.0,0.13529921942758022
1404,2단계 레짐(3분류),1.0,0.13541666666666666
1405,2단계 레짐(3분류),1.0,0.1355343179843614
1406,2단계 레짐(3분류),1.0,0.1356521739130435
1407,2단계 레짐(3분류),1.0,0.13577023498694518
1408,2단계 레짐(3분류),1.0,0.13588850174216027
1409,2단계 레짐(3분류),1.0,0.13600697471665213
1410,2단계 레짐(3분류),1.0,0.13612565445026178
1411,2단계 레짐(3분류),1.0,0.13624454148471615
1412,2단계 레짐(3분류),1.0,0.13636363636363635
1413,2단계 레짐(3분류),1.0,0.13648293963254593
1414,2단계 레짐(3분류),1.0,0.13660245183887915
1415,2단계 레짐(3분류),1.0,0.13672217353198948
1416,2단계 레짐(3분류),1.0,0.1368421052631579
1417,2단계 레짐(3분류),1.0,0.1369622475856014
1418,2단계 레짐(3분류),1.0,0.13708260105448156
1419,2단계 레짐(3분류),1.0,0.13720316622691292
1420,2단계 레짐(3분류),1.0,0.13732394366197184
1421,2단계 레짐(3분류),1.0,0.13744493392070484
1422,2단계 레짐(3분류),1.0,0.13756613756613756
1423,2단계 레짐(3분류),1.0,0.13768755516328332
1424,2단계 레짐(3분류),1.0,0.13780918727915195
1425,2단계 레짐(3분류),1.0,0.13793103448275862
1426,2단계 레짐(3분류),1.0,0.13805309734513274
1427,2단계 레짐(3분류),1.0,0.13817537643932684
1428,2단계 레짐(3분류),1.0,0.13829787234042554
1429,2단계 레짐(3분류),1.0,0.13842058562555457
1430,2단계 레짐(3분류),1.0,0.13854351687388988
1431,2단계 레짐(3분류),1.0,0.13866666666666666
1432,2단계 레짐(3분류),1.0,0.1387900355871886
1433,2단계 레짐(3분류),1.0,0.13891362422083706
1434,2단계 레짐(3분류),1.0,0.13903743315508021
1435,2단계 레짐(3분류),1.0,0.1391614629794826
1436,2단계 레짐(3분류),1.0,0.1392857142857143
1437,2단계 레짐(3분류),1.0,0.13941018766756033
1438,2단계 레짐(3분류),1.0,0.13953488372093023
1439,2단계 레짐(3분류),1.0,0.1396598030438675
1440,2단계 레짐(3분류),1.0,0.13978494623655913
1441,2단계 레짐(3분류),1.0,0.13991031390134528
1442,2단계 레짐(3분류),1.0,0.1400359066427289
1443,2단계 레짐(3분류),1.0,0.14016172506738545
1444,2단계 레짐(3분류),1.0,0.14028776978417265
1445,2단계 레짐(3분류),1.0,0.1404140414041404
1446,2단계 레짐(3분류),1.0,0.14054054054054055
1447,2단계 레짐(3분류),1.0,0.1406672678088368
1448,2단계 레짐(3분류),1.0,0.1407942238267148
1449,2단계 레짐(3분류),1.0,0.14092140921409213
1450,2단계 레짐(3분류),1.0,0.1410488245931284
1451,2단계 레짐(3분류),1.0,0.1411764705882353
1452,2단계 레짐(3분류),1.0,0.14130434782608695
1453,2단계 레짐(3분류),1.0,0.1414324569356301
1454,2단계 레짐(3분류),1.0,0.14156079854809436
1455,2단계 레짐(3분류),1.0,0.14168937329700274
1456,2단계 레짐(3분류),1.0,0.14181818181818182
1457,2단계 레짐(3분류),1.0,0.14194722474977253
1458,2단계 레짐(3분류),1.0,0.14207650273224043
1459,2단계 레짐(3분류),1.0,0.1422060164083865
1460,2단계 레짐(3분류),1.0,0.14233576642335766
1461,2단계 레짐(3분류),1.0,0.14246575342465753
1462,2단계 레짐(3분류),1.0,0.1425959780621572
1463,2단계 레짐(3분류),1.0,0.14272644098810613
1464,2단계 레짐(3분류),1.0,0.14285714285714285
1465,2단계 레짐(3분류),1.0,0.14298808432630614
1466,2단계 레짐(3분류),1.0,0.14311926605504588
1467,2단계 레짐(3분류),1.0,0.14325068870523416
1468,2단계 레짐(3분류),1.0,0.14338235294117646
1469,2단계 레짐(3분류),1.0,0.14351425942962281
1470,2단계 레짐(3분류),1.0,0.143646408839779
1471,2단계 레짐(3분류),1.0,0.14377880184331798
1472,2단계 레짐(3분류),1.0,0.14391143911439114
1473,2단계 레짐(3분류),1.0,0.1440443213296399
1474,2단계 레짐(3분류),1.0,0.14417744916820702
1475,2단계 레짐(3분류),1.0,0.14431082331174838
1476,2단계 레짐(3분류),1.0,0.14444444444444443
1477,2단계 레짐(3분류),1.0,0.14457831325301204
1478,2단계 레짐(3분류),1.0,0.14471243042671614
1479,2단계 레짐(3분류),1.0,0.14484679665738162
1480,2단계 레짐(3분류),1.0,0.1449814126394052
1481,2단계 레짐(3분류),1.0,0.14511627906976743
1482,2단계 레짐(3분류),1.0,0.1452513966480447
1483,2단계 레짐(3분류),1.0,0.14538676607642126
1484,2단계 레짐(3분류),1.0,0.1455223880597015
1485,2단계 레짐(3분류),1.0,0.14565826330532214
1486,2단계 레짐(3분류),1.0,0.14579439252336449
1487,2단계 레짐(3분류),1.0,0.14593077642656688
1488,2단계 레짐(3분류),1.0,0.14606741573033707
1489,2단계 레짐(3분류),1.0,0.14620431115276475
1490,2단계 레짐(3분류),1.0,0.14634146341463414
1491,2단계 레짐(3분류),1.0,0.14647887323943662
1492,2단계 레짐(3분류),1.0,0.14661654135338345
1493,2단계 레짐(3분류),1.0,0.14675446848541862
1494,2단계 레짐(3분류),1.0,0.14689265536723164
1495,2단계 레짐(3분류),1.0,0.1470311027332705
1496,2단계 레짐(3분류),1.0,0.1471698113207547
1497,2단계 레짐(3분류),1.0,0.14730878186968838
1498,2단계 레짐(3분류),1.0,0.14744801512287334
1499,2단계 레짐(3분류),1.0,0.14758751182592242
1500,2단계 레짐(3분류),1.0,0.14772727272727273
1501,2단계 레짐(3분류),1.0,0.14786729857819905
1502,2단계 레짐(3분류),1.0,0.14800759013282733
1503,2단계 레짐(3분류),1.0,0.14814814814814814
1504,2단계 레짐(3분류),1.0,0.1482889733840304
1505,2단계 레짐(3분류),1.0,0.14843006660323502
1506,2단계 레짐(3분류),1.0,0.14857142857142858
1507,2단계 레짐(3분류),1.0,0.14871306005719734
1508,2단계 레짐(3분류),1.0,0.14885496183206107
1509,2단계 레짐(3분류),1.0,0.1489971346704871
1510,2단계 레짐(3분류),1.0,0.1491395793499044
1511,2단계 레짐(3분류),1.0,0.1492822966507177
1512,2단계 레짐(3분류),1.0,0.14942528735632185
1513,2단계 레짐(3분류),1.0,0.14956855225311602
1514,2단계 레짐(3분류),1.0,0.14971209213051823
1515,2단계 레짐(3분류),1.0,0.14985590778097982
1516,2단계 레짐(3분류),1.0,0.15
1517,2단계 레짐(3분류),1.0,0.15014436958614052
1518,2단계 레짐(3분류),1.0,0.15028901734104047
1519,2단계 레짐(3분류),1.0,0.15043394406943106
1520,2단계 레짐(3분류),1.0,0.15057915057915058
1521,2단계 레짐(3분류),1.0,0.15072463768115943
1522,2단계 레짐(3분류),1.0,0.15087040618955513
1523,2단계 레짐(3분류),1.0,0.1510164569215876
1524,2단계 레짐(3분류),1.0,0.1511627906976744
1525,2단계 레짐(3분류),1.0,0.1513094083414161
1526,2단계 레짐(3분류),1.0,0.15145631067961166
1527,2단계 레짐(3분류),1.0,0.15160349854227406
1528,2단계 레짐(3분류),1.0,0.1517509727626459
1529,2단계 레짐(3분류),1.0,0.1518987341772152
1530,2단계 레짐(3분류),1.0,0.15204678362573099
1531,2단계 레짐(3분류),1.0,0.1521951219512195
1532,2단계 레짐(3분류),1.0,0.15234375
1533,2단계 레짐(3분류),1.0,0.15249266862170088
1534,2단계 레짐(3분류),1.0,0.15264187866927592
1535,2단계 레짐(3분류),1.0,0.15279138099902057
1536,2단계 레짐(3분류),1.0,0.15294117647058825
1537,2단계 레짐(3분류),1.0,0.15309126594700687
1538,2단계 레짐(3분류),1.0,0.15324165029469547
1539,2단계 레짐(3분류),1.0,0.15339233038348082
1540,2단계 레짐(3분류),1.0,0.15354330708661418
1541,2단계 레짐(3분류),1.0,0.15369458128078817
1542,2단계 레짐(3분류),1.0,0.15384615384615385
1543,2단계 레짐(3분류),1.0,0.1539980256663376
1544,2단계 레짐(3분류),1.0,0.1541501976284585
1545,2단계 레짐(3분류),1.0,0.1543026706231454
1546,2단계 레짐(3분류),1.0,0.15445544554455445
1547,2단계 레짐(3분류),1.0,0.15460852329038652
1548,2단계 레짐(3분류),1.0,0.15476190476190477
1549,2단계 레짐(3분류),1.0,0.15491559086395235
1550,2단계 레짐(3분류),1.0,0.1550695825049702
1551,2단계 레짐(3분류),1.0,0.15522388059701492
1552,2단계 레짐(3분류),1.0,0.1553784860557769
1553,2단계 레짐(3분류),1.0,0.15553339980059822
1554,2단계 레짐(3분류),1.0,0.15568862275449102
1555,2단계 레짐(3분류),1.0,0.15584415584415584
1556,2단계 레짐(3분류),1.0,0.156
1557,2단계 레짐(3분류),1.0,0.15615615615615616
1558,2단계 레짐(3분류),1.0,0.156312625250501
1559,2단계 레짐(3분류),1.0,0.15646940822467403
1560,2단계 레짐(3분류),1.0,0.1566265060240964
1561,2단계 레짐(3분류),1.0,0.15678391959798996
1562,2단계 레짐(3분류),1.0,0.15694164989939638
1563,2단계 레짐(3분류),1.0,0.15709969788519637
1564,2단계 레짐(3분류),1.0,0.15725806451612903
1565,2단계 레짐(3분류),1.0,0.1574167507568113
1566,2단계 레짐(3분류),1.0,0.15757575757575756
1567,2단계 레짐(3분류),1.0,0.1577350859453994
1568,2단계 레짐(3분류),1.0,0.15789473684210525
1569,2단계 레짐(3분류),1.0,0.1580547112462006
1570,2단계 레짐(3분류),1.0,0.15821501014198783
1571,2단계 레짐(3분류),1.0,0.15837563451776648
1572,2단계 레짐(3분류),1.0,0.15853658536585366
1573,2단계 레짐(3분류),1.0,0.15869786368260427
1574,2단계 레짐(3분류),1.0,0.15885947046843177
1575,2단계 레짐(3분류),1.0,0.15902140672782875
1576,2단계 레짐(3분류),1.0,0.15918367346938775
1577,2단계 레짐(3분류),1.0,0.15934627170582227
1578,2단계 레짐(3분류),1.0,0.15950920245398773
1579,2단계 레짐(3분류),1.0,0.15967246673490276
1580,2단계 레짐(3분류),1.0,0.1598360655737705
1581,2단계 레짐(3분류),1.0,0.16
1582,2단계 레짐(3분류),1.0,0.1601642710472279
1583,2단계 레짐(3분류),1.0,0.16032887975334018
1584,2단계 레짐(3분류),1.0,0.16049382716049382
1585,2단계 레짐(3분류),1.0,0.16065911431513905
1586,2단계 레짐(3분류),1.0,0.16082474226804125
1587,2단계 레짐(3분류),1.0,0.1609907120743034
1588,2단계 레짐(3분류),1.0,0.16115702479338842
1589,2단계 레짐(3분류),1.0,0.16132368148914167
1590,2단계 레짐(3분류),1.0,0.16149068322981366
1591,2단계 레짐(3분류),1.0,0.1616580310880829
1592,2단계 레짐(3분류),1.0,0.16182572614107885
1593,2단계 레짐(3분류),1.0,0.16199376947040497
1594,2단계 레짐(3분류),1.0,0.16216216216216217
1595,2단계 레짐(3분류),1.0,0.16233090530697192
1596,2단계 레짐(3분류),1.0,0.1625
1597,2단계 레짐(3분류),1.0,0.16266944734098018
1598,2단계 레짐(3분류),1.0,0.162839248434238
1599,2단계 레짐(3분류),1.0,0.16300940438871472
1600,2단계 레짐(3분류),1.0,0.16317991631799164
1601,2단계 레짐(3분류),1.0,0.16335078534031414
1602,2단계 레짐(3분류),1.0,0.16352201257861634
1603,2단계 레짐(3분류),1.0,0.16369359916054566
1604,2단계 레짐(3분류),1.0,0.1638655462184874
1605,2단계 레짐(3분류),1.0,0.1640378548895899
1606,2단계 레짐(3분류),1.0,0.16421052631578947
1607,2단계 레짐(3분류),1.0,0.1643835616438356
1608,2단계 레짐(3분류),1.0,0.16455696202531644
1609,2단계 레짐(3분류),1.0,0.16473072861668428
1610,2단계 레짐(3분류),1.0,0.1649048625792812
1611,2단계 레짐(3분류),1.0,0.16507936507936508
1612,2단계 레짐(3분류),1.0,0.1652542372881356
1613,2단계 레짐(3분류),1.0,0.16542948038176034
1614,2단계 레짐(3분류),1.0,0.16560509554140126
1615,2단계 레짐(3분류),1.0,0.16578108395324123
1616,2단계 레짐(3분류),1.0,0.16595744680851063
1617,2단계 레짐(3분류),1.0,0.16613418530351437
1618,2단계 레짐(3분류),1.0,0.16631130063965885
1619,2단계 레짐(3분류),1.0,0.1664887940234792
1620,2단계 레짐(3분류),1.0,0.16666666666666666
1621,2단계 레짐(3분류),1.0,0.16684491978609625
1622,2단계 레짐(3분류),1.0,0.1670235546038544
1623,2단계 레짐(3분류),1.0,0.16720257234726688
1624,2단계 레짐(3분류),1.0,0.16738197424892703
1625,2단계 레짐(3분류),1.0,0.16756176154672395
1626,2단계 레짐(3분류),1.0,0.16774193548387098
1627,2단계 레짐(3분류),1.0,0.16792249730893433
1628,2단계 레짐(3분류),1.0,0.16810344827586207
1629,2단계 레짐(3분류),1.0,0.16828478964401294
1630,2단계 레짐(3분류),1.0,0.16846652267818574
1631,2단계 레짐(3분류),1.0,0.16864864864864865
1632,2단계 레짐(3분류),1.0,0.16883116883116883
1633,2단계 레짐(3분류),1.0,0.16901408450704225
1634,2단계 레짐(3분류),1.0,0.16919739696312364
1635,2단계 레짐(3분류),1.0,0.16938110749185667
1636,2단계 레짐(3분류),1.0,0.16956521739130434
1637,2단계 레짐(3분류),1.0,0.16974972796517954
1638,2단계 레짐(3분류),1.0,0.16993464052287582
1639,2단계 레짐(3분류),1.0,0.17011995637949837
1640,2단계 레짐(3분류),1.0,0.1703056768558952
1641,2단계 레짐(3분류),1.0,0.17049180327868851
1642,2단계 레짐(3분류),1.0,0.17067833698030635
1643,2단계 레짐(3분류),1.0,0.17086527929901424
1644,2단계 레짐(3분류),1.0,0.17105263157894737
1645,2단계 레짐(3분류),1.0,0.1712403951701427
1646,2단계 레짐(3분류),1.0,0.17142857142857143
1647,2단계 레짐(3분류),1.0,0.1716171617161716
1648,2단계 레짐(3분류),1.0,0.17180616740088106
1649,2단계 레짐(3분류),1.0,0.17199558985667035
1650,2단계 레짐(3분류),1.0,0.17218543046357615
1651,2단계 레짐(3분류),1.0,0.1723756906077348
1652,2단계 레짐(3분류),1.0,0.17256637168141592
1653,2단계 레짐(3분류),1.0,0.17275747508305647
1654,2단계 레짐(3분류),1.0,0.1729490022172949
1655,2단계 레짐(3분류),1.0,0.17314095449500555
1656,2단계 레짐(3분류),1.0,0.17333333333333334
1657,2단계 레짐(3분류),1.0,0.1735261401557286
1658,2단계 레짐(3분류),1.0,0.17371937639198218
1659,2단계 레짐(3분류),1.0,0.17391304347826086
1660,2단계 레짐(3분류),1.0,0.17410714285714285
1661,2단계 레짐(3분류),1.0,0.17430167597765364
1662,2단계 레짐(3분류),1.0,0.174496644295302
1663,2단계 레짐(3분류),1.0,0.17469204927211646
1664,2단계 레짐(3분류),1.0,0.17488789237668162
1665,2단계 레짐(3분류),1.0,0.1750841750841751
1666,2단계 레짐(3분류),1.0,0.1752808988764045
1667,2단계 레짐(3분류),1.0,0.17547806524184478
1668,2단계 레짐(3분류),1.0,0.17567567567567569
1669,2단계 레짐(3분류),1.0,0.17587373167981962
1670,2단계 레짐(3분류),1.0,0.17607223476297967
1671,2단계 레짐(3분류),1.0,0.17627118644067796
1672,2단계 레짐(3분류),1.0,0.17647058823529413
1673,2단계 레짐(3분류),1.0,0.17667044167610418
1674,2단계 레짐(3분류),1.0,0.17687074829931973
1675,2단계 레짐(3분류),1.0,0.17707150964812712
1676,2단계 레짐(3분류),1.0,0.17727272727272728
1677,2단계 레짐(3분류),1.0,0.17747440273037543
1678,2단계 레짐(3분류),1.0,0.1776765375854214
1679,2단계 레짐(3분류),1.0,0.17787913340935005
1680,2단계 레짐(3분류),1.0,0.1780821917808219
1681,2단계 레짐(3분류),1.0,0.1782857142857143
1682,2단계 레짐(3분류),1.0,0.17848970251716248
1683,2단계 레짐(3분류),1.0,0.17869415807560138
1684,2단계 레짐(3분류),1.0,0.17889908256880735
1685,2단계 레짐(3분류),1.0,0.1791044776119403
1686,2단계 레짐(3분류),1.0,0.1793103448275862
1687,2단계 레짐(3분류),1.0,0.17951668584579977
1688,2단계 레짐(3분류),1.0,0.17972350230414746
1689,2단계 레짐(3분류),1.0,0.17993079584775087
1690,2단계 레짐(3분류),1.0,0.18013856812933027
1691,2단계 레짐(3분류),1.0,0.18034682080924855
1692,2단계 레짐(3분류),1.0,0.18055555555555555
1693,2단계 레짐(3분류),1.0,0.18076477404403243
1694,2단계 레짐(3분류),1.0,0.18097447795823665
1695,2단계 레짐(3분류),1.0,0.18118466898954705
1696,2단계 레짐(3분류),1.0,0.1813953488372093
1697,2단계 레짐(3분류),1.0,0.18160651920838183
1698,2단계 레짐(3분류),1.0,0.18181818181818182
1699,2단계 레짐(3분류),1.0,0.18203033838973162
1700,2단계 레짐(3분류),1.0,0.1822429906542056
1701,2단계 레짐(3분류),1.0,0.1824561403508772
1702,2단계 레짐(3분류),1.0,0.18266978922716628
1703,2단계 레짐(3분류),1.0,0.182883939038687
1704,2단계 레짐(3분류),1.0,0.18309859154929578
1705,2단계 레짐(3분류),1.0,0.18331374853113983
1706,2단계 레짐(3분류),1.0,0.18352941176470589
1707,2단계 레짐(3분류),1.0,0.18374558303886926
1708,2단계 레짐(3분류),1.0,0.18396226415094338
1709,2단계 레짐(3분류),1.0,0.18417945690672963
1710,2단계 레짐(3분류),1.0,0.18439716312056736
1711,2단계 레짐(3분류),1.0,0.18461538461538463
1712,2단계 레짐(3분류),1.0,0.1848341232227488
1713,2단계 레짐(3분류),1.0,0.18505338078291814
1714,2단계 레짐(3분류),1.0,0.18527315914489312
1715,2단계 레짐(3분류),1.0,0.18549346016646848
1716,2단계 레짐(3분류),1.0,0.18571428571428572
1717,2단계 레짐(3분류),1.0,0.18593563766388557
1718,2단계 레짐(3분류),1.0,0.18615751789976134
1719,2단계 레짐(3분류),1.0,0.1863799283154122
1720,2단계 레짐(3분류),1.0,0.18660287081339713
1721,2단계 레짐(3분류),1.0,0.18682634730538922
1722,2단계 레짐(3분류),1.0,0.18705035971223022
1723,2단계 레짐(3분류),1.0,0.1872749099639856
1724,2단계 레짐(3분류),1.0,0.1875
1725,2단계 레짐(3분류),1.0,0.18772563176895307
1726,2단계 레짐(3분류),1.0,0.18795180722891566
1727,2단계 레짐(3분류),1.0,0.1881785283474065
1728,2단계 레짐(3분류),1.0,0.18840579710144928
1729,2단계 레짐(3분류),1.0,0.18863361547763
1730,2단계 레짐(3분류),1.0,0.18886198547215496
1731,2단계 레짐(3분류),1.0,0.1890909090909091
1732,2단계 레짐(3분류),1.0,0.18932038834951456
1733,2단계 레짐(3분류),1.0,0.18955042527339003
1734,2단계 레짐(3분류),1.0,0.1897810218978102
1735,2단계 레짐(3분류),1.0,0.1900121802679659
1736,2단계 레짐(3분류),1.0,0.1902439024390244
1737,2단계 레짐(3분류),1.0,0.19047619047619047
1738,2단계 레짐(3분류),1.0,0.19070904645476772
1739,2단계 레짐(3분류),1.0,0.1909424724602203
1740,2단계 레짐(3분류),1.0,0.19117647058823528
1741,2단계 레짐(3분류),1.0,0.19141104294478528
1742,2단계 레짐(3분류),1.0,0.19164619164619165
1743,2단계 레짐(3분류),1.0,0.1918819188191882
1744,2단계 레짐(3분류),1.0,0.1921182266009852
1745,2단계 레짐(3분류),1.0,0.19235511713933415
1746,2단계 레짐(3분류),1.0,0.1925925925925926
1747,2단계 레짐(3분류),1.0,0.19283065512978986
1748,2단계 레짐(3분류),1.0,0.19306930693069307
1749,2단계 레짐(3분류),1.0,0.19330855018587362
1750,2단계 레짐(3분류),1.0,0.1935483870967742
1751,2단계 레짐(3분류),1.0,0.1937888198757764
1752,2단계 레짐(3분류),1.0,0.19402985074626866
1753,2단계 레짐(3분류),1.0,0.19427148194271482
1754,2단계 레짐(3분류),1.0,0.19451371571072318
1755,2단계 레짐(3분류),1.0,0.1947565543071161
1756,2단계 레짐(3분류),1.0,0.195
1757,2단계 레짐(3분류),1.0,0.19524405506883605
1758,2단계 레짐(3분류),1.0,0.19548872180451127
1759,2단계 레짐(3분류),1.0,0.19573400250941028
1760,2단계 레짐(3분류),1.0,0.19597989949748743
1761,2단계 레짐(3분류),1.0,0.19622641509433963
1762,2단계 레짐(3분류),1.0,0.1964735516372796
1763,2단계 레짐(3분류),1.0,0.19672131147540983
1764,2단계 레짐(3분류),1.0,0.19696969696969696
1765,2단계 레짐(3분류),1.0,0.1972187104930468
1766,2단계 레짐(3분류),1.0,0.19746835443037974
1767,2단계 레짐(3분류),1.0,0.19771863117870722
1768,2단계 레짐(3분류),1.0,0.19796954314720813
1769,2단계 레짐(3분류),1.0,0.19822109275730623
1770,2단계 레짐(3분류),1.0,0.1984732824427481
1771,2단계 레짐(3분류),1.0,0.19872611464968154
1772,2단계 레짐(3분류),1.0,0.1989795918367347
1773,2단계 레짐(3분류),1.0,0.19923371647509577
1774,2단계 레짐(3분류),1.0,0.19948849104859334
1775,2단계 레짐(3분류),1.0,0.1997439180537772
1776,2단계 레짐(3분류),1.0,0.2
1777,2단계 레짐(3분류),1.0,0.20025673940949937
1778,2단계 레짐(3분류),1.0,0.20051413881748073
1779,2단계 레짐(3분류),1.0,0.20077220077220076
1780,2단계 레짐(3분류),1.0,0.20103092783505155
1781,2단계 레짐(3분류),1.0,0.20129032258064516
1782,2단계 레짐(3분류),1.0,0.20155038759689922
1783,2단계 레짐(3분류),1.0,0.2018111254851229
1784,2단계 레짐(3분류),1.0,0.20207253886010362
1785,2단계 레짐(3분류),1.0,0.20233463035019456
1786,2단계 레짐(3분류),1.0,0.2025974025974026
1787,2단계 레짐(3분류),1.0,0.20286085825747724
1788,2단계 레짐(3분류),1.0,0.203125
1789,2단계 레짐(3분류),1.0,0.2033898305084746
1790,2단계 레짐(3분류),1.0,0.20365535248041775
1791,2단계 레짐(3분류),1.0,0.20392156862745098
1792,2단계 레짐(3분류),1.0,0.20418848167539266
1793,2단계 레짐(3분류),1.0,0.20445609436435125
1794,2단계 레짐(3분류),1.0,0.2047244094488189
1795,2단계 레짐(3분류),1.0,0.2049934296977661
1796,2단계 레짐(3분류),1.0,0.20526315789473684
1797,2단계 레짐(3분류),1.0,0.20553359683794467
1798,2단계 레짐(3분류),1.0,0.20580474934036938
1799,2단계 레짐(3분류),1.0,0.20607661822985468
1800,2단계 레짐(3분류),1.0,0.20634920634920634
1801,2단계 레짐(3분류),1.0,0.20662251655629138
1802,2단계 레짐(3분류),1.0,0.20689655172413793
1803,2단계 레짐(3분류),1.0,0.20717131474103587
1804,2단계 레짐(3분류),1.0,0.2074468085106383
1805,2단계 레짐(3분류),1.0,0.20772303595206393
1806,2단계 레짐(3분류),1.0,0.208
1807,2단계 레짐(3분류),1.0,0.2082777036048064
1808,2단계 레짐(3분류),1.0,0.20855614973262032
1809,2단계 레짐(3분류),1.0,0.20883534136546184
1810,2단계 레짐(3분류),1.0,0.20911528150134048
1811,2단계 레짐(3분류),1.0,0.20939597315436242
1812,2단계 레짐(3분류),1.0,0.20967741935483872
1813,2단계 레짐(3분류),1.0,0.20995962314939434
1814,2단계 레짐(3분류),1.0,0.21024258760107817
1815,2단계 레짐(3분류),1.0,0.21052631578947367
1816,2단계 레짐(3분류),1.0,0.21081081081081082
1817,2단계 레짐(3분류),1.0,0.21109607577807848
1818,2단계 레짐(3분류),1.0,0.21138211382113822
1819,2단계 레짐(3분류),1.0,0.21166892808683854
1820,2단계 레짐(3분류),1.0,0.21195652173913043
1821,2단계 레짐(3분류),1.0,0.21224489795918366
1822,2단계 레짐(3분류),1.0,0.2125340599455041
1823,2단계 레짐(3분류),1.0,0.21282401091405184
1824,2단계 레짐(3분류),1.0,0.21311475409836064
1825,2단계 레짐(3분류),1.0,0.213406292749658
1826,2단계 레짐(3분류),1.0,0.2136986301369863
1827,2단계 레짐(3분류),1.0,0.2139917695473251
1828,2단계 레짐(3분류),1.0,0.21428571428571427
1829,2단계 레짐(3분류),1.0,0.21458046767537828
1830,2단계 레짐(3분류),1.0,0.21487603305785125
1831,2단계 레짐(3분류),1.0,0.21517241379310345
1832,2단계 레짐(3분류),1.0,0.2154696132596685
1833,2단계 레짐(3분류),1.0,0.2157676348547718
1834,2단계 레짐(3분류),1.0,0.21606648199445982
1835,2단계 레짐(3분류),1.0,0.21636615811373092
1836,2단계 레짐(3분류),1.0,0.21666666666666667
1837,2단계 레짐(3분류),1.0,0.21696801112656466
1838,2단계 레짐(3분류),1.0,0.21727019498607242
1839,2단계 레짐(3분류),1.0,0.2175732217573222
1840,2단계 레짐(3분류),1.0,0.21787709497206703
1841,2단계 레짐(3분류),1.0,0.21818181818181817
1842,2단계 레짐(3분류),1.0,0.2184873949579832
1843,2단계 레짐(3분류),1.0,0.2187938288920056
1844,2단계 레짐(3분류),1.0,0.21910112359550563
1845,2단계 레짐(3분류),1.0,0.21940928270042195
1846,2단계 레짐(3분류),1.0,0.21971830985915494
1847,2단계 레짐(3분류),1.0,0.22002820874471085
1848,2단계 레짐(3분류),1.0,0.22033898305084745
1849,2단계 레짐(3분류),1.0,0.22065063649222066
1850,2단계 레짐(3분류),1.0,0.22096317280453256
1851,2단계 레짐(3분류),1.0,0.22127659574468084
1852,2단계 레짐(3분류),1.0,0.2215909090909091
1853,2단계 레짐(3분류),1.0,0.22190611664295876
1854,2단계 레짐(3분류),1.0,0.2222222222222222
1855,2단계 레짐(3분류),1.0,0.2225392296718973
1856,2단계 레짐(3분류),1.0,0.22285714285714286
1857,2단계 레짐(3분류),1.0,0.22317596566523606
1858,2단계 레짐(3분류),1.0,0.22349570200573066
1859,2단계 레짐(3분류),1.0,0.22381635581061693
1860,2단계 레짐(3분류),1.0,0.22413793103448276
1861,2단계 레짐(3분류),1.0,0.22446043165467625
1862,2단계 레짐(3분류),1.0,0.22478386167146974
1863,2단계 레짐(3분류),1.0,0.22510822510822512
1864,2단계 레짐(3분류),1.0,0.2254335260115607
1865,2단계 레짐(3분류),1.0,0.22575976845151954
1866,2단계 레짐(3분류),1.0,0.22608695652173913
1867,2단계 레짐(3분류),1.0,0.22641509433962265
1868,2단계 레짐(3분류),1.0,0.22674418604651161
1869,2단계 레짐(3분류),1.0,0.22707423580786026
1870,2단계 레짐(3분류),1.0,0.22740524781341107
1871,2단계 레짐(3분류),1.0,0.22773722627737225
1872,2단계 레짐(3분류),1.0,0.22807017543859648
1873,2단계 레짐(3분류),1.0,0.22840409956076135
1874,2단계 레짐(3분류),1.0,0.2287390029325513
1875,2단계 레짐(3분류),1.0,0.2290748898678414
1876,2단계 레짐(3분류),1.0,0.22941176470588234
1877,2단계 레짐(3분류),1.0,0.22974963181148747
1878,2단계 레짐(3분류),1.0,0.23008849557522124
1879,2단계 레짐(3분류),1.0,0.23042836041358936
1880,2단계 레짐(3분류),1.0,0.23076923076923078
1881,2단계 레짐(3분류),1.0,0.2311111111111111
1882,2단계 레짐(3분류),1.0,0.2314540059347181
1883,2단계 레짐(3분류),1.0,0.23179791976225855
1884,2단계 레짐(3분류),1.0,0.23214285714285715
1885,2단계 레짐(3분류),1.0,0.23248882265275708
1886,2단계 레짐(3분류),1.0,0.23283582089552238
1887,2단계 레짐(3분류),1.0,0.23318385650224216
1888,2단계 레짐(3분류),1.0,0.23353293413173654
1889,2단계 레짐(3분류),1.0,0.23388305847076463
1890,2단계 레짐(3분류),1.0,0.23423423423423423
1891,2단계 레짐(3분류),1.0,0.23458646616541354
1892,2단계 레짐(3분류),1.0,0.23493975903614459
1893,2단계 레짐(3분류),1.0,0.23529411764705882
1894,2단계 레짐(3분류),1.0,0.23564954682779457
1895,2단계 레짐(3분류),1.0,0.23600605143721634
1896,2단계 레짐(3분류),1.0,0.23636363636363636
1897,2단계 레짐(3분류),1.0,0.23672230652503792
1898,2단계 레짐(3분류),1.0,0.23708206686930092
1899,2단계 레짐(3분류),1.0,0.2374429223744292
1900,2단계 레짐(3분류),1.0,0.23780487804878048
1901,2단계 레짐(3분류),1.0,0.2381679389312977
1902,2단계 레짐(3분류),1.0,0.23853211009174313
1903,2단계 레짐(3분류),1.0,0.23889739663093415
1904,2단계 레짐(3분류),1.0,0.2392638036809816
1905,2단계 레짐(3분류),1.0,0.23963133640552994
1906,2단계 레짐(3분류),1.0,0.24
1907,2단계 레짐(3분류),1.0,0.24036979969183359
1908,2단계 레짐(3분류),1.0,0.24074074074074073
1909,2단계 레짐(3분류),1.0,0.241112828438949
1910,2단계 레짐(3분류),1.0,0.24148606811145512
1911,2단계 레짐(3분류),1.0,0.24186046511627907
1912,2단계 레짐(3분류),1.0,0.2422360248447205
1913,2단계 레짐(3분류),1.0,0.24261275272161742
1914,2단계 레짐(3분류),1.0,0.24299065420560748
1915,2단계 레짐(3분류),1.0,0.24336973478939158
1916,2단계 레짐(3분류),1.0,0.24375
1917,2단계 레짐(3분류),1.0,0.24413145539906103
1918,2단계 레짐(3분류),1.0,0.2445141065830721
1919,2단계 레짐(3분류),1.0,0.24489795918367346
1920,2단계 레짐(3분류),1.0,0.24528301886792453
1921,2단계 레짐(3분류),1.0,0.24566929133858267
1922,2단계 레짐(3분류),1.0,0.24605678233438485
1923,2단계 레짐(3분류),1.0,0.24644549763033174
1924,2단계 레짐(3분류),1.0,0.2468354430379747
1925,2단계 레짐(3분류),1.0,0.24722662440570523
1926,2단계 레짐(3분류),1.0,0.24761904761904763
1927,2단계 레짐(3분류),1.0,0.2480127186009539
1928,2단계 레짐(3분류),1.0,0.2484076433121019
1929,2단계 레짐(3분류),1.0,0.24880382775119617
1930,2단계 레짐(3분류),1.0,0.24920127795527156
1931,2단계 레짐(3분류),1.0,0.2496
1932,2단계 레짐(3분류),1.0,0.25
1933,2단계 레짐(3분류),1.0,0.2504012841091493
1934,2단계 레짐(3분류),1.0,0.2508038585209003
1935,2단계 레짐(3분류),1.0,0.25120772946859904
1936,2단계 레짐(3분류),1.0,0.25161290322580643
1937,2단계 레짐(3분류),1.0,0.2520193861066236
1938,2단계 레짐(3분류),1.0,0.2524271844660194
1939,2단계 레짐(3분류),1.0,0.25283630470016205
1940,2단계 레짐(3분류),1.0,0.2532467532467532
1941,2단계 레짐(3분류),1.0,0.25365853658536586
1942,2단계 레짐(3분류),1.0,0.254071661237785
1943,2단계 레짐(3분류),1.0,0.2544861337683524
1944,2단계 레짐(3분류),1.0,0.2549019607843137
1945,2단계 레짐(3분류),1.0,0.2553191489361702
1946,2단계 레짐(3분류),1.0,0.25573770491803277
1947,2단계 레짐(3분류),1.0,0.2561576354679803
1948,2단계 레짐(3분류),1.0,0.2565789473684211
1949,2단계 레짐(3분류),1.0,0.257001647446458
1950,2단계 레짐(3분류),1.0,0.25742574257425743
1951,2단계 레짐(3분류),1.0,0.2578512396694215
1952,2단계 레짐(3분류),1.0,0.2582781456953642
1953,2단계 레짐(3분류),1.0,0.25870646766169153
1954,2단계 레짐(3분류),1.0,0.2591362126245847
1955,2단계 레짐(3분류),1.0,0.259567387687188
1956,2단계 레짐(3분류),1.0,0.26
1957,2단계 레짐(3분류),1.0,0.2604340567612688
1958,2단계 레짐(3분류),1.0,0.2608695652173913
1959,2단계 레짐(3분류),1.0,0.2613065326633166
1960,2단계 레짐(3분류),1.0,0.26174496644295303
1961,2단계 레짐(3분류),1.0,0.26218487394957984
1962,2단계 레짐(3분류),1.0,0.26262626262626265
1963,2단계 레짐(3분류),1.0,0.2630691399662732
1964,2단계 레짐(3분류),1.0,0.2635135135135135
1965,2단계 레짐(3분류),1.0,0.2639593908629442
1966,2단계 레짐(3분류),1.0,0.26440677966101694
1967,2단계 레짐(3분류),1.0,0.26485568760611206
1968,2단계 레짐(3분류),1.0,0.2653061224489796
1969,2단계 레짐(3분류),1.0,0.2657580919931857
1970,2단계 레짐(3분류),1.0,0.26621160409556316
1971,2단계 레짐(3분류),1.0,0.26666666666666666
1972,2단계 레짐(3분류),1.0,0.2671232876712329
1973,2단계 레짐(3분류),1.0,0.26758147512864494
1974,2단계 레짐(3분류),1.0,0.26804123711340205
1975,2단계 레짐(3분류),1.0,0.2685025817555938
1976,2단계 레짐(3분류),1.0,0.2689655172413793
1977,2단계 레짐(3분류),1.0,0.2694300518134715
1978,2단계 레짐(3분류),1.0,0.2698961937716263
1979,2단계 레짐(3분류),1.0,0.2703639514731369
1980,2단계 레짐(3분류),1.0,0.2708333333333333
1981,2단계 레짐(3분류),1.0,0.271304347826087
1982,2단계 레짐(3분류),1.0,0.27177700348432055
1983,2단계 레짐(3분류),1.0,0.27225130890052357
1984,2단계 레짐(3분류),1.0,0.2727272727272727
1985,2단계 레짐(3분류),1.0,0.2732049036777583
1986,2단계 레짐(3분류),1.0,0.2736842105263158
1987,2단계 레짐(3분류),1.0,0.2741652021089631
1988,2단계 레짐(3분류),1.0,0.2746478873239437
1989,2단계 레짐(3분류),1.0,0.2751322751322751
1990,2단계 레짐(3분류),1.0,0.2756183745583039
1991,2단계 레짐(3분류),1.0,0.2761061946902655
1992,2단계 레짐(3분류),1.0,0.2765957446808511
1993,2단계 레짐(3분류),1.0,0.27708703374777977
1994,2단계 레짐(3분류),1.0,0.2775800711743772
1995,2단계 레짐(3분류),1.0,0.27807486631016043
1996,2단계 레짐(3분류),1.0,0.2785714285714286
1997,2단계 레짐(3분류),1.0,0.27906976744186046
1998,2단계 레짐(3분류),1.0,0.27956989247311825
1999,2단계 레짐(3분류),1.0,0.2800718132854578
2000,2단계 레짐(3분류),1.0,0.2805755395683453
2001,2단계 레짐(3분류),1.0,0.2810810810810811
2002,2단계 레짐(3분류),1.0,0.2815884476534296
2003,2단계 레짐(3분류),1.0,0.2820976491862568
2004,2단계 레짐(3분류),1.0,0.2826086956521739
2005,2단계 레짐(3분류),1.0,0.2831215970961887
2006,2단계 레짐(3분류),1.0,0.28363636363636363
2007,2단계 레짐(3분류),1.0,0.28415300546448086
2008,2단계 레짐(3분류),1.0,0.2846715328467153
2009,2단계 레짐(3분류),1.0,0.2851919561243144
2010,2단계 레짐(3분류),1.0,0.2857142857142857
2011,2단계 레짐(3분류),1.0,0.28623853211009176
2012,2단계 레짐(3분류),1.0,0.2867647058823529
2013,2단계 레짐(3분류),1.0,0.287292817679558
2014,2단계 레짐(3분류),1.0,0.2878228782287823
2015,2단계 레짐(3분류),1.0,0.28835489833641403
2016,2단계 레짐(3분류),1.0,0.28888888888888886
2017,2단계 레짐(3분류),1.0,0.2894248608534323
2018,2단계 레짐(3분류),1.0,0.2899628252788104
2019,2단계 레짐(3분류),1.0,0.2905027932960894
2020,2단계 레짐(3분류),1.0,0.291044776119403
2021,2단계 레짐(3분류),1.0,0.29158878504672897
2022,2단계 레짐(3분류),1.0,0.29213483146067415
2023,2단계 레짐(3분류),1.0,0.2926829268292683
2024,2단계 레짐(3분류),1.0,0.2932330827067669
2025,2단계 레짐(3분류),1.0,0.2937853107344633
2026,2단계 레짐(3분류),1.0,0.2943396226415094
2027,2단계 레짐(3분류),1.0,0.2948960302457467
2028,2단계 레짐(3분류),1.0,0.29545454545454547
2029,2단계 레짐(3분류),1.0,0.29601518026565465
2030,2단계 레짐(3분류),1.0,0.2965779467680608
2031,2단계 레짐(3분류),1.0,0.29714285714285715
2032,2단계 레짐(3분류),1.0,0.29770992366412213
2033,2단계 레짐(3분류),1.0,0.2982791586998088
2034,2단계 레짐(3분류),1.0,0.2988505747126437
2035,2단계 레짐(3분류),1.0,0.29942418426103645
2036,2단계 레짐(3분류),1.0,0.3
2037,2단계 레짐(3분류),1.0,0.30057803468208094
2038,2단계 레짐(3분류),1.0,0.30115830115830117
2039,2단계 레짐(3분류),1.0,0.30174081237911027
2040,2단계 레짐(3분류),1.0,0.3023255813953488
2041,2단계 레짐(3분류),1.0,0.3029126213592233
2042,2단계 레짐(3분류),1.0,0.3035019455252918
2043,2단계 레짐(3분류),1.0,0.30409356725146197
2044,2단계 레짐(3분류),1.0,0.3046875
2045,2단계 레짐(3분류),1.0,0.30528375733855184
2046,2단계 레짐(3분류),1.0,0.3058823529411765
2047,2단계 레짐(3분류),1.0,0.30648330058939094
2048,2단계 레짐(3분류),1.0,0.30708661417322836
2049,2단계 레짐(3분류),1.0,0.3076923076923077
2050,2단계 레짐(3분류),1.0,0.308300395256917
2051,2단계 레짐(3분류),1.0,0.3089108910891089
2052,2단계 레짐(3분류),1.0,0.30952380952380953
2053,2단계 레짐(3분류),1.0,0.3101391650099404
2054,2단계 레짐(3분류),1.0,0.3107569721115538
2055,2단계 레짐(3분류),1.0,0.31137724550898205
2056,2단계 레짐(3분류),1.0,0.312
2057,2단계 레짐(3분류),1.0,0.312625250501002
2058,2단계 레짐(3분류),1.0,0.3132530120481928
2059,2단계 레짐(3분류),1.0,0.31388329979879276
2060,2단계 레짐(3분류),1.0,0.31451612903225806
2061,2단계 레짐(3분류),1.0,0.3151515151515151
2062,2단계 레짐(3분류),1.0,0.3157894736842105
2063,2단계 레짐(3분류),1.0,0.31643002028397565
2064,2단계 레짐(3분류),1.0,0.3170731707317073
2065,2단계 레짐(3분류),1.0,0.31771894093686354
2066,2단계 레짐(3분류),1.0,0.3183673469387755
2067,2단계 레짐(3분류),1.0,0.31901840490797545
2068,2단계 레짐(3분류),1.0,0.319672131147541
2069,2단계 레짐(3분류),1.0,0.3203285420944558
2070,2단계 레짐(3분류),1.0,0.32098765432098764
2071,2단계 레짐(3분류),1.0,0.3216494845360825
2072,2단계 레짐(3분류),1.0,0.32231404958677684
2073,2단계 레짐(3분류),1.0,0.32298136645962733
2074,2단계 레짐(3분류),1.0,0.3236514522821577
2075,2단계 레짐(3분류),1.0,0.32432432432432434
2076,2단계 레짐(3분류),1.0,0.325
2077,2단계 레짐(3분류),1.0,0.325678496868476
2078,2단계 레짐(3분류),1.0,0.3263598326359833
2079,2단계 레짐(3분류),1.0,0.3270440251572327
2080,2단계 레짐(3분류),1.0,0.3277310924369748
2081,2단계 레짐(3분류),1.0,0.32842105263157895
2082,2단계 레짐(3분류),1.0,0.3291139240506329
2083,2단계 레짐(3분류),1.0,0.3298097251585624
2084,2단계 레짐(3분류),1.0,0.3305084745762712
2085,2단계 레짐(3분류),1.0,0.33121019108280253
2086,2단계 레짐(3분류),1.0,0.33191489361702126
2087,2단계 레짐(3분류),1.0,0.3326226012793177
2088,2단계 레짐(3분류),1.0,0.3333333333333333
2089,2단계 레짐(3분류),1.0,0.3340471092077088
2090,2단계 레짐(3분류),1.0,0.33476394849785407
2091,2단계 레짐(3분류),1.0,0.33548387096774196
2092,2단계 레짐(3분류),1.0,0.33620689655172414
2093,2단계 레짐(3분류),1.0,0.3369330453563715
2094,2단계 레짐(3분류),1.0,0.33766233766233766
2095,2단계 레짐(3분류),1.0,0.3383947939262473
2096,2단계 레짐(3분류),1.0,0.3391304347826087
2097,2단계 레짐(3분류),1.0,0.33986928104575165
2098,2단계 레짐(3분류),1.0,0.3406113537117904
2099,2단계 레짐(3분류),1.0,0.3413566739606127
2100,2단계 레짐(3분류),1.0,0.34210526315789475
2101,2단계 레짐(3분류),1.0,0.34285714285714286
2102,2단계 레짐(3분류),1.0,0.3436123348017621
2103,2단계 레짐(3분류),1.0,0.3443708609271523
2104,2단계 레짐(3분류),1.0,0.34513274336283184
2105,2단계 레짐(3분류),1.0,0.3458980044345898
2106,2단계 레짐(3분류),1.0,0.3466666666666667
2107,2단계 레짐(3분류),1.0,0.34743875278396436
2108,2단계 레짐(3분류),1.0,0.3482142857142857
2109,2단계 레짐(3분류),1.0,0.348993288590604
2110,2단계 레짐(3분류),1.0,0.34977578475336324
2111,2단계 레짐(3분류),1.0,0.350561797752809
2112,2단계 레짐(3분류),1.0,0.35135135135135137
2113,2단계 레짐(3분류),1.0,0.35214446952595935
2114,2단계 레짐(3분류),1.0,0.35294117647058826
2115,2단계 레짐(3분류),1.0,0.35374149659863946
2116,2단계 레짐(3분류),1.0,0.35454545454545455
2117,2단계 레짐(3분류),1.0,0.3553530751708428
2118,2단계 레짐(3분류),1.0,0.3561643835616438
2119,2단계 레짐(3분류),1.0,0.35697940503432496
2120,2단계 레짐(3분류),1.0,0.3577981651376147
2121,2단계 레짐(3분류),1.0,0.3586206896551724
2122,2단계 레짐(3분류),1.0,0.35944700460829493
2123,2단계 레짐(3분류),1.0,0.36027713625866054
2124,2단계 레짐(3분류),1.0,0.3611111111111111
2125,2단계 레짐(3분류),1.0,0.3619489559164733
2126,2단계 레짐(3분류),1.0,0.3627906976744186
2127,2단계 레짐(3분류),1.0,0.36363636363636365
2128,2단계 레짐(3분류),1.0,0.3644859813084112
2129,2단계 레짐(3분류),1.0,0.36533957845433257
2130,2단계 레짐(3분류),1.0,0.36619718309859156
2131,2단계 레짐(3분류),1.0,0.36705882352941177
2132,2단계 레짐(3분류),1.0,0.36792452830188677
2133,2단계 레짐(3분류),1.0,0.36879432624113473
2134,2단계 레짐(3분류),1.0,0.3696682464454976
2135,2단계 레짐(3분류),1.0,0.37054631828978624
2136,2단계 레짐(3분류),1.0,0.37142857142857144
2137,2단계 레짐(3분류),1.0,0.3723150357995227
2138,2단계 레짐(3분류),1.0,0.37320574162679426
2139,2단계 레짐(3분류),1.0,0.37410071942446044
2140,2단계 레짐(3분류),1.0,0.375
2141,2단계 레짐(3분류),1.0,0.3759036144578313
2142,2단계 레짐(3분류),1.0,0.37681159420289856
2143,2단계 레짐(3분류),1.0,0.37772397094430993
2144,2단계 레짐(3분류),1.0,0.3786407766990291
2145,2단계 레짐(3분류),1.0,0.3795620437956204
2146,2단계 레짐(3분류),1.0,0.3804878048780488
2147,2단계 레짐(3분류),1.0,0.38141809290953543
2148,2단계 레짐(3분류),1.0,0.38235294117647056
2149,2단계 레짐(3분류),1.0,0.3832923832923833
2150,2단계 레짐(3분류),1.0,0.3842364532019704
2151,2단계 레짐(3분류),1.0,0.3851851851851852
2152,2단계 레짐(3분류),1.0,0.38613861386138615
2153,2단계 레짐(3분류),1.0,0.3870967741935484
2154,2단계 레짐(3분류),1.0,0.3880597014925373
2155,2단계 레짐(3분류),1.0,0.38902743142144636
2156,2단계 레짐(3분류),1.0,0.39
2157,2단계 레짐(3분류),1.0,0.39097744360902253
2158,2단계 레짐(3분류),1.0,0.39195979899497485
2159,2단계 레짐(3분류),1.0,0.3929471032745592
2160,2단계 레짐(3분류),1.0,0.3939393939393939
2161,2단계 레짐(3분류),1.0,0.3949367088607595
2162,2단계 레짐(3분류),1.0,0.39593908629441626
2163,2단계 레짐(3분류),1.0,0.3969465648854962
2164,2단계 레짐(3분류),0.9935897435897436,0.39540816326530615
2165,2단계 레짐(3분류),0.9871794871794872,0.3938618925831202
2166,2단계 레짐(3분류),0.9871794871794872,0.39487179487179486
2167,2단계 레짐(3분류),0.9871794871794872,0.39588688946015427
2168,2단계 레짐(3분류),0.9871794871794872,0.39690721649484534
2169,2단계 레짐(3분류),0.9871794871794872,0.3979328165374677
2170,2단계 레짐(3분류),0.9871794871794872,0.39896373056994816
2171,2단계 레짐(3분류),0.9807692307692307,0.3974025974025974
2172,2단계 레짐(3분류),0.9807692307692307,0.3984375
2173,2단계 레짐(3분류),0.9807692307692307,0.39947780678851175
2174,2단계 레짐(3분류),0.9807692307692307,0.4005235602094241
2175,2단계 레짐(3분류),0.9807692307692307,0.4015748031496063
2176,2단계 레짐(3분류),0.9807692307692307,0.4026315789473684
2177,2단계 레짐(3분류),0.9807692307692307,0.40369393139841686
2178,2단계 레짐(3분류),0.9807692307692307,0.40476190476190477
2179,2단계 레짐(3분류),0.9807692307692307,0.40583554376657827
2180,2단계 레짐(3분류),0.9807692307692307,0.40691489361702127
2181,2단계 레짐(3분류),0.9807692307692307,0.408
2182,2단계 레짐(3분류),0.9807692307692307,0.4090909090909091
2183,2단계 레짐(3분류),0.9807692307692307,0.4101876675603217
2184,2단계 레짐(3분류),0.9807692307692307,0.4112903225806452
2185,2단계 레짐(3분류),0.9807692307692307,0.4123989218328841
2186,2단계 레짐(3분류),0.9743589743589743,0.41081081081081083
2187,2단계 레짐(3분류),0.9743589743589743,0.41192411924119243
2188,2단계 레짐(3분류),0.9743589743589743,0.41304347826086957
2189,2단계 레짐(3분류),0.967948717948718,0.4114441416893733
2190,2단계 레짐(3분류),0.967948717948718,0.412568306010929
2191,2단계 레짐(3분류),0.967948717948718,0.4136986301369863
2192,2단계 레짐(3분류),0.967948717948718,0.41483516483516486
2193,2단계 레짐(3분류),0.967948717948718,0.41597796143250687
2194,2단계 레짐(3분류),0.967948717948718,0.4171270718232044
2195,2단계 레짐(3분류),0.967948717948718,0.4182825484764543
2196,2단계 레짐(3분류),0.967948717948718,0.41944444444444445
2197,2단계 레짐(3분류),0.967948717948718,0.4206128133704735
2198,2단계 레짐(3분류),0.967948717948718,0.42178770949720673
2199,2단계 레짐(3분류),0.967948717948718,0.42296918767507
2200,2단계 레짐(3분류),0.967948717948718,0.4241573033707865
2201,2단계 레짐(3분류),0.967948717948718,0.4253521126760563
2202,2단계 레짐(3분류),0.9615384615384616,0.423728813559322
2203,2단계 레짐(3분류),0.9615384615384616,0.42492917847025496
2204,2단계 레짐(3분류),0.9615384615384616,0.42613636363636365
2205,2단계 레짐(3분류),0.9615384615384616,0.42735042735042733
2206,2단계 레짐(3분류),0.9615384615384616,0.42857142857142855
2207,2단계 레짐(3분류),0.9615384615384616,0.4297994269340974
2208,2단계 레짐(3분류),0.9615384615384616,0.43103448275862066
2209,2단계 레짐(3분류),0.9615384615384616,0.4322766570605187
2210,2단계 레짐(3분류),0.9615384615384616,0.43352601156069365
2211,2단계 레짐(3분류),0.9615384615384616,0.43478260869565216
2212,2단계 레짐(3분류),0.9551282051282052,0.4331395348837209
2213,2단계 레짐(3분류),0.9551282051282052,0.43440233236151604
2214,2단계 레짐(3분류),0.9487179487179487,0.4327485380116959
2215,2단계 레짐(3분류),0.9487179487179487,0.4340175953079179
2216,2단계 레짐(3분류),0.9487179487179487,0.43529411764705883
2217,2단계 레짐(3분류),0.9487179487179487,0.4365781710914454
2218,2단계 레짐(3분류),0.9487179487179487,0.4378698224852071
2219,2단계 레짐(3분류),0.9487179487179487,0.4391691394658754
2220,2단계 레짐(3분류),0.9487179487179487,0.44047619047619047
2221,2단계 레짐(3분류),0.9487179487179487,0.4417910447761194
2222,2단계 레짐(3분류),0.9487179487179487,0.4431137724550898
2223,2단계 레짐(3분류),0.9487179487179487,0.4444444444444444
2224,2단계 레짐(3분류),0.9487179487179487,0.4457831325301205
2225,2단계 레짐(3분류),0.9423076923076923,0.44410876132930516
2226,2단계 레짐(3분류),0.9423076923076923,0.44545454545454544
2227,2단계 레짐(3분류),0.9423076923076923,0.44680851063829785
2228,2단계 레짐(3분류),0.9423076923076923,0.4481707317073171
2229,2단계 레짐(3분류),0.9423076923076923,0.44954128440366975
2230,2단계 레짐(3분류),0.9423076923076923,0.450920245398773
2231,2단계 레짐(3분류),0.9423076923076923,0.4523076923076923
2232,2단계 레짐(3분류),0.9423076923076923,0.4537037037037037
2233,2단계 레짐(3분류),0.9423076923076923,0.4551083591331269
2234,2단계 레짐(3분류),0.9423076923076923,0.45652173913043476
2235,2단계 레짐(3분류),0.9358974358974359,0.45482866043613707
2236,2단계 레짐(3분류),0.9358974358974359,0.45625
2237,2단계 레짐(3분류),0.9358974358974359,0.45768025078369906
2238,2단계 레짐(3분류),0.9358974358974359,0.4591194968553459
2239,2단계 레짐(3분류),0.9358974358974359,0.4605678233438486
2240,2단계 레짐(3분류),0.9358974358974359,0.4620253164556962
2241,2단계 레짐(3분류),0.9358974358974359,0.4634920634920635
2242,2단계 레짐(3분류),0.9294871794871795,0.46178343949044587
2243,2단계 레짐(3분류),0.9294871794871795,0.46325878594249204
2244,2단계 레짐(3분류),0.9294871794871795,0.46474358974358976
2245,2단계 레짐(3분류),0.9230769230769231,0.4630225080385852
2246,2단계 레짐(3분류),0.9230769230769231,0.4645161290322581
2247,2단계 레짐(3분류),0.9230769230769231,0.46601941747572817
2248,2단계 레짐(3분류),0.9230769230769231,0.4675324675324675
2249,2단계 레짐(3분류),0.9230769230769231,0.46905537459283386
2250,2단계 레짐(3분류),0.9230769230769231,0.47058823529411764
2251,2단계 레짐(3분류),0.9166666666666666,0.46885245901639344
2252,2단계 레짐(3분류),0.9166666666666666,0.47039473684210525
2253,2단계 레짐(3분류),0.9166666666666666,0.47194719471947194
2254,2단계 레짐(3분류),0.9166666666666666,0.4735099337748344
2255,2단계 레짐(3분류),0.9166666666666666,0.4750830564784053
2256,2단계 레짐(3분류),0.9166666666666666,0.4766666666666667
2257,2단계 레짐(3분류),0.9166666666666666,0.4782608695652174
2258,2단계 레짐(3분류),0.9166666666666666,0.4798657718120805
2259,2단계 레짐(3분류),0.9166666666666666,0.48148148148148145
2260,2단계 레짐(3분류),0.9166666666666666,0.4831081081081081
2261,2단계 레짐(3분류),0.9166666666666666,0.4847457627118644
2262,2단계 레짐(3분류),0.9166666666666666,0.48639455782312924
2263,2단계 레짐(3분류),0.9166666666666666,0.4880546075085324
2264,2단계 레짐(3분류),0.9166666666666666,0.4897260273972603
2265,2단계 레짐(3분류),0.9102564102564102,0.4879725085910653
2266,2단계 레짐(3분류),0.9038461538461539,0.4862068965517241
2267,2단계 레짐(3분류),0.9038461538461539,0.48788927335640137
2268,2단계 레짐(3분류),0.9038461538461539,0.4895833333333333
2269,2단계 레짐(3분류),0.9038461538461539,0.4912891986062718
2270,2단계 레짐(3분류),0.9038461538461539,0.493006993006993
2271,2단계 레짐(3분류),0.9038461538461539,0.49473684210526314
2272,2단계 레짐(3분류),0.8974358974358975,0.49295774647887325
2273,2단계 레짐(3분류),0.8974358974358975,0.49469964664310956
2274,2단계 레짐(3분류),0.8974358974358975,0.49645390070921985
2275,2단계 레짐(3분류),0.8974358974358975,0.498220640569395
2276,2단계 레짐(3분류),0.8974358974358975,0.5
2277,2단계 레짐(3분류),0.8910256410256411,0.4982078853046595
2278,2단계 레짐(3분류),0.8910256410256411,0.5
2279,2단계 레짐(3분류),0.8910256410256411,0.5018050541516246
2280,2단계 레짐(3분류),0.8910256410256411,0.5036231884057971
2281,2단계 레짐(3분류),0.8910256410256411,0.5054545454545455
2282,2단계 레짐(3분류),0.8910256410256411,0.5072992700729927
2283,2단계 레짐(3분류),0.8846153846153846,0.5054945054945055
2284,2단계 레짐(3분류),0.8846153846153846,0.5073529411764706
2285,2단계 레짐(3분류),0.8846153846153846,0.5092250922509225
2286,2단계 레짐(3분류),0.8782051282051282,0.5074074074074074
2287,2단계 레짐(3분류),0.8782051282051282,0.5092936802973977
2288,2단계 레짐(3분류),0.8782051282051282,0.5111940298507462
2289,2단계 레짐(3분류),0.8782051282051282,0.5131086142322098
2290,2단계 레짐(3분류),0.8782051282051282,0.5150375939849624
2291,2단계 레짐(3분류),0.8782051282051282,0.5169811320754717
2292,2단계 레짐(3분류),0.8782051282051282,0.5189393939393939
2293,2단계 레짐(3분류),0.8782051282051282,0.5209125475285171
2294,2단계 레짐(3분류),0.8717948717948718,0.5190839694656488
2295,2단계 레짐(3분류),0.8717948717948718,0.5210727969348659
2296,2단계 레짐(3분류),0.8653846153846154,0.5192307692307693
2297,2단계 레짐(3분류),0.8589743589743589,0.5173745173745173
2298,2단계 레짐(3분류),0.8589743589743589,0.5193798449612403
2299,2단계 레짐(3분류),0.8525641025641025,0.5175097276264592
2300,2단계 레짐(3분류),0.8525641025641025,0.51953125
2301,2단계 레짐(3분류),0.8461538461538461,0.5176470588235295
2302,2단계 레짐(3분류),0.8397435897435898,0.515748031496063
2303,2단계 레짐(3분류),0.8397435897435898,0.5177865612648221
2304,2단계 레짐(3분류),0.8333333333333334,0.5158730158730159
2305,2단계 레짐(3분류),0.8333333333333334,0.5179282868525896
2306,2단계 레짐(3분류),0.8333333333333334,0.52
2307,2단계 레짐(3분류),0.8333333333333334,0.5220883534136547
2308,2단계 레짐(3분류),0.8269230769230769,0.5201612903225806
2309,2단계 레짐(3분류),0.8269230769230769,0.5222672064777328
2310,2단계 레짐(3분류),0.8205128205128205,0.5203252032520326
2311,2단계 레짐(3분류),0.8205128205128205,0.5224489795918368
2312,2단계 레짐(3분류),0.8205128205128205,0.5245901639344263
2313,2단계 레짐(3분류),0.8141025641025641,0.522633744855967
2314,2단계 레짐(3분류),0.8141025641025641,0.5247933884297521
2315,2단계 레짐(3분류),0.8141025641025641,0.5269709543568465
2316,2단계 레짐(3분류),0.8076923076923077,0.525
2317,2단계 레짐(3분류),0.8076923076923077,0.5271966527196653
2318,2단계 레짐(3분류),0.8076923076923077,0.5294117647058824
2319,2단계 레짐(3분류),0.8076923076923077,0.5316455696202531
2320,2단계 레짐(3분류),0.8076923076923077,0.5338983050847458
2321,2단계 레짐(3분류),0.8012820512820513,0.5319148936170213
2322,2단계 레짐(3분류),0.8012820512820513,0.5341880341880342
2323,2단계 레짐(3분류),0.7948717948717948,0.5321888412017167
2324,2단계 레짐(3분류),0.7948717948717948,0.5344827586206896
2325,2단계 레짐(3분류),0.7884615384615384,0.5324675324675324
2326,2단계 레짐(3분류),0.7884615384615384,0.5347826086956522
2327,2단계 레짐(3분류),0.7884615384615384,0.537117903930131
2328,2단계 레짐(3분류),0.7884615384615384,0.5394736842105263
2329,2단계 레짐(3분류),0.7884615384615384,0.5418502202643172
2330,2단계 레짐(3분류),0.782051282051282,0.5398230088495575
2331,2단계 레짐(3분류),0.7756410256410257,0.5377777777777778
2332,2단계 레짐(3분류),0.7756410256410257,0.5401785714285714
2333,2단계 레짐(3분류),0.7756410256410257,0.5426008968609866
2334,2단계 레짐(3분류),0.7756410256410257,0.545045045045045
2335,2단계 레짐(3분류),0.7756410256410257,0.5475113122171946
2336,2단계 레짐(3분류),0.7756410256410257,0.55
2337,2단계 레짐(3분류),0.7756410256410257,0.5525114155251142
2338,2단계 레짐(3분류),0.7692307692307693,0.5504587155963303
2339,2단계 레짐(3분류),0.7628205128205128,0.5483870967741935
2340,2단계 레짐(3분류),0.7628205128205128,0.5509259259259259
2341,2단계 레짐(3분류),0.7564102564102564,0.5488372093023256
2342,2단계 레짐(3분류),0.75,0.5467289719626168
2343,2단계 레짐(3분류),0.75,0.5492957746478874
2344,2단계 레짐(3분류),0.7435897435897436,0.5471698113207547
2345,2단계 레짐(3분류),0.7435897435897436,0.5497630331753555
2346,2단계 레짐(3분류),0.7435897435897436,0.5523809523809524
2347,2단계 레짐(3분류),0.7371794871794872,0.5502392344497608
2348,2단계 레짐(3분류),0.7371794871794872,0.5528846153846154
2349,2단계 레짐(3분류),0.7307692307692307,0.5507246376811594
2350,2단계 레짐(3분류),0.7243589743589743,0.5485436893203883
2351,2단계 레짐(3분류),0.717948717948718,0.5463414634146342
2352,2단계 레짐(3분류),0.7115384615384616,0.5441176470588235
2353,2단계 레짐(3분류),0.7115384615384616,0.5467980295566502
2354,2단계 레짐(3분류),0.7115384615384616,0.5495049504950495
2355,2단계 레짐(3분류),0.7115384615384616,0.5522388059701493
2356,2단계 레짐(3분류),0.7051282051282052,0.55
2357,2단계 레짐(3분류),0.7051282051282052,0.5527638190954773
2358,2단계 레짐(3분류),0.6987179487179487,0.5505050505050505
2359,2단계 레짐(3분류),0.6987179487179487,0.5532994923857868
2360,2단계 레짐(3분류),0.6987179487179487,0.5561224489795918
2361,2단계 레짐(3분류),0.6923076923076923,0.5538461538461539
2362,2단계 레짐(3분류),0.6858974358974359,0.5515463917525774
2363,2단계 레짐(3분류),0.6794871794871795,0.5492227979274611
2364,2단계 레짐(3분류),0.6794871794871795,0.5520833333333334
2365,2단계 레짐(3분류),0.6730769230769231,0.5497382198952879
2366,2단계 레짐(3분류),0.6730769230769231,0.5526315789473685
2367,2단계 레짐(3분류),0.6666666666666666,0.5502645502645502
2368,2단계 레짐(3분류),0.6602564102564102,0.5478723404255319
2369,2단계 레짐(3분류),0.6602564102564102,0.5508021390374331
2370,2단계 레짐(3분류),0.6538461538461539,0.5483870967741935
2371,2단계 레짐(3분류),0.6538461538461539,0.5513513513513514
2372,2단계 레짐(3분류),0.6474358974358975,0.5489130434782609
2373,2단계 레짐(3분류),0.6410256410256411,0.546448087431694
2374,2단계 레짐(3분류),0.6346153846153846,0.5439560439560439
2375,2단계 레짐(3분류),0.6346153846153846,0.5469613259668509
2376,2단계 레짐(3분류),0.6346153846153846,0.55
2377,2단계 레짐(3분류),0.6282051282051282,0.547486033519553
2378,2단계 레짐(3분류),0.6282051282051282,0.550561797752809
2379,2단계 레짐(3분류),0.6217948717948718,0.5480225988700564
2380,2단계 레짐(3분류),0.6217948717948718,0.5511363636363636
2381,2단계 레짐(3분류),0.6153846153846154,0.5485714285714286
2382,2단계 레짐(3분류),0.6089743589743589,0.5459770114942529
2383,2단계 레짐(3분류),0.6025641025641025,0.5433526011560693
2384,2단계 레짐(3분류),0.5961538461538461,0.5406976744186046
2385,2단계 레짐(3분류),0.5897435897435898,0.5380116959064327
2386,2단계 레짐(3분류),0.5833333333333334,0.5352941176470588
2387,2단계 레짐(3분류),0.5769230769230769,0.5325443786982249
2388,2단계 레짐(3분류),0.5769230769230769,0.5357142857142857
2389,2단계 레짐(3분류),0.5769230769230769,0.5389221556886228
2390,2단계 레짐(3분류),0.5769230769230769,0.5421686746987951
2391,2단계 레짐(3분류),0.5769230769230769,0.5454545454545454
2392,2단계 레짐(3분류),0.5705128205128205,0.5426829268292683
2393,2단계 레짐(3분류),0.5641025641025641,0.5398773006134969
2394,2단계 레짐(3분류),0.5641025641025641,0.5432098765432098
2395,2단계 레짐(3분류),0.5576923076923077,0.5403726708074534
2396,2단계 레짐(3분류),0.5576923076923077,0.54375
2397,2단계 레짐(3분류),0.5512820512820513,0.5408805031446541
2398,2단계 레짐(3분류),0.5448717948717948,0.5379746835443038
2399,2단계 레짐(3분류),0.5448717948717948,0.5414012738853503
2400,2단계 레짐(3분류),0.5384615384615384,0.5384615384615384
2401,2단계 레짐(3분류),0.5384615384615384,0.5419354838709678
2402,2단계 레짐(3분류),0.532051282051282,0.538961038961039
2403,2단계 레짐(3분류),0.5256410256410257,0.5359477124183006
2404,2단계 레짐(3분류),0.5256410256410257,0.5394736842105263
2405,2단계 레짐(3분류),0.5256410256410257,0.543046357615894
2406,2단계 레짐(3분류),0.5192307692307693,0.54
2407,2단계 레짐(3분류),0.5128205128205128,0.5369127516778524
2408,2단계 레짐(3분류),0.5064102564102564,0.5337837837837838
2409,2단계 레짐(3분류),0.5,0.5306122448979592
2410,2단계 레짐(3분류),0.5,0.5342465753424658
2411,2단계 레짐(3분류),0.5,0.5379310344827586
2412,2단계 레짐(3분류),0.4935897435897436,0.5347222222222222
2413,2단계 레짐(3분류),0.4935897435897436,0.5384615384615384
2414,2단계 레짐(3분류),0.48717948717948717,0.5352112676056338
2415,2단계 레짐(3분류),0.4807692307692308,0.5319148936170213
2416,2단계 레짐(3분류),0.47435897435897434,0.5285714285714286
2417,2단계 레짐(3분류),0.47435897435897434,0.5323741007194245
2418,2단계 레짐(3분류),0.47435897435897434,0.5362318840579711
2419,2단계 레짐(3분류),0.47435897435897434,0.5401459854014599
2420,2단계 레짐(3분류),0.46794871794871795,0.5367647058823529
2421,2단계 레짐(3분류),0.46153846153846156,0.5333333333333333
2422,2단계 레짐(3분류),0.4551282051282051,0.5298507462686567
2423,2단계 레짐(3분류),0.4551282051282051,0.5338345864661654
2424,2단계 레짐(3분류),0.44871794871794873,0.5303030303030303
2425,2단계 레짐(3분류),0.4423076923076923,0.5267175572519084
2426,2단계 레짐(3분류),0.4358974358974359,0.5230769230769231
2427,2단계 레짐(3분류),0.4358974358974359,0.5271317829457365
2428,2단계 레짐(3분류),0.42948717948717946,0.5234375
2429,2단계 레짐(3분류),0.4230769230769231,0.5196850393700787
2430,2단계 레짐(3분류),0.4230769230769231,0.5238095238095238
2431,2단계 레짐(3분류),0.4166666666666667,0.52
2432,2단계 레짐(3분류),0.4166666666666667,0.5241935483870968
2433,2단계 레짐(3분류),0.4166666666666667,0.5284552845528455
2434,2단계 레짐(3분류),0.41025641025641024,0.5245901639344263
2435,2단계 레짐(3분류),0.40384615384615385,0.5206611570247934
2436,2단계 레짐(3분류),0.40384615384615385,0.525
2437,2단계 레짐(3분류),0.3974358974358974,0.5210084033613446
2438,2단계 레짐(3분류),0.391025641025641,0.5169491525423728
2439,2단계 레짐(3분류),0.391025641025641,0.5213675213675214
2440,2단계 레짐(3분류),0.38461538461538464,0.5172413793103449
2441,2단계 레짐(3분류),0.3782051282051282,0.5130434782608696
2442,2단계 레짐(3분류),0.3782051282051282,0.5175438596491229
2443,2단계 레짐(3분류),0.3717948717948718,0.5132743362831859
2444,2단계 레짐(3분류),0.36538461538461536,0.5089285714285714
2445,2단계 레짐(3분류),0.358974358974359,0.5045045045045045
2446,2단계 레짐(3분류),0.3525641025641026,0.5
2447,2단계 레짐(3분류),0.3525641025641026,0.5045871559633027
2448,2단계 레짐(3분류),0.34615384615384615,0.5
2449,2단계 레짐(3분류),0.33974358974358976,0.4953271028037383
2450,2단계 레짐(3분류),0.33974358974358976,0.5
2451,2단계 레짐(3분류),0.33974358974358976,0.5047619047619047
2452,2단계 레짐(3분류),0.33974358974358976,0.5096153846153846
2453,2단계 레짐(3분류),0.3333333333333333,0.5048543689320388
2454,2단계 레짐(3분류),0.3333333333333333,0.5098039215686274
2455,2단계 레짐(3분류),0.3269230769230769,0.504950495049505
2456,2단계 레짐(3분류),0.3269230769230769,0.51
2457,2단계 레짐(3분류),0.3269230769230769,0.5151515151515151
2458,2단계 레짐(3분류),0.32051282051282054,0.5102040816326531
2459,2단계 레짐(3분류),0.32051282051282054,0.5154639175257731
2460,2단계 레짐(3분류),0.32051282051282054,0.5208333333333334
2461,2단계 레짐(3분류),0.3141025641025641,0.5157894736842106
2462,2단계 레짐(3분류),0.3076923076923077,0.5106382978723404
2463,2단계 레짐(3분류),0.30128205128205127,0.5053763440860215
2464,2단계 레짐(3분류),0.2948717948717949,0.5
2465,2단계 레짐(3분류),0.28846153846153844,0.4945054945054945
2466,2단계 레짐(3분류),0.28846153846153844,0.5
2467,2단계 레짐(3분류),0.28205128205128205,0.4943820224719101
2468,2단계 레짐(3분류),0.27564102564102566,0.48863636363636365
2469,2단계 레짐(3분류),0.27564102564102566,0.4942528735632184
2470,2단계 레짐(3분류),0.2692307692307692,0.4883720930232558
2471,2단계 레짐(3분류),0.2692307692307692,0.49411764705882355
2472,2단계 레짐(3분류),0.2692307692307692,0.5
2473,2단계 레짐(3분류),0.2692307692307692,0.5060240963855421
2474,2단계 레짐(3분류),0.2692307692307692,0.5121951219512195
2475,2단계 레짐(3분류),0.26282051282051283,0.5061728395061729
2476,2단계 레짐(3분류),0.2564102564102564,0.5
2477,2단계 레짐(3분류),0.25,0.4936708860759494
2478,2단계 레짐(3분류),0.25,0.5
2479,2단계 레짐(3분류),0.25,0.5064935064935064
2480,2단계 레짐(3분류),0.25,0.5131578947368421
2481,2단계 레짐(3분류),0.25,0.52
2482,2단계 레짐(3분류),0.24358974358974358,0.5135135135135135
2483,2단계 레짐(3분류),0.24358974358974358,0.5205479452054794
2484,2단계 레짐(3분류),0.23717948717948717,0.5138888888888888
2485,2단계 레짐(3분류),0.23076923076923078,0.5070422535211268
2486,2단계 레짐(3분류),0.22435897435897437,0.5
2487,2단계 레짐(3분류),0.21794871794871795,0.4927536231884058
2488,2단계 레짐(3분류),0.21794871794871795,0.5
2489,2단계 레짐(3분류),0.21153846153846154,0.4925373134328358
2490,2단계 레짐(3분류),0.21153846153846154,0.5
2491,2단계 레짐(3분류),0.20512820512820512,0.49230769230769234
2492,2단계 레짐(3분류),0.1987179487179487,0.484375
2493,2단계 레짐(3분류),0.1987179487179487,0.49206349206349204
2494,2단계 레짐(3분류),0.19230769230769232,0.4838709677419355
2495,2단계 레짐(3분류),0.1858974358974359,0.47540983606557374
2496,2단계 레짐(3분류),0.1794871794871795,0.4666666666666667
2497,2단계 레짐(3분류),0.17307692307692307,0.4576271186440678
2498,2단계 레짐(3분류),0.17307692307692307,0.46551724137931033
2499,2단계 레짐(3분류),0.17307692307692307,0.47368421052631576
2500,2단계 레짐(3분류),0.16666666666666666,0.4642857142857143
2501,2단계 레짐(3분류),0.16025641025641027,0.45454545454545453
2502,2단계 레짐(3분류),0.15384615384615385,0.4444444444444444
2503,2단계 레짐(3분류),0.14743589743589744,0.4339622641509434
2504,2단계 레짐(3분류),0.14743589743589744,0.4423076923076923
2505,2단계 레짐(3분류),0.14102564102564102,0.43137254901960786
2506,2단계 레짐(3분류),0.14102564102564102,0.44
2507,2단계 레짐(3분류),0.1346153846153846,0.42857142857142855
2508,2단계 레짐(3분류),0.1282051282051282,0.4166666666666667
2509,2단계 레짐(3분류),0.12179487179487179,0.40425531914893614
2510,2단계 레짐(3분류),0.12179487179487179,0.41304347826086957
2511,2단계 레짐(3분류),0.12179487179487179,0.4222222222222222
2512,2단계 레짐(3분류),0.12179487179487179,0.4318181818181818
2513,2단계 레짐(3분류),0.12179487179487179,0.4418604651162791
2514,2단계 레짐(3분류),0.12179487179487179,0.4523809523809524
2515,2단계 레짐(3분류),0.12179487179487179,0.4634146341463415
2516,2단계 레짐(3분류),0.12179487179487179,0.475
2517,2단계 레짐(3분류),0.12179487179487179,0.48717948717948717
2518,2단계 레짐(3분류),0.11538461538461539,0.47368421052631576
2519,2단계 레짐(3분류),0.10897435897435898,0.4594594594594595
2520,2단계 레짐(3분류),0.10256410256410256,0.4444444444444444
2521,2단계 레짐(3분류),0.09615384615384616,0.42857142857142855
2522,2단계 레짐(3분류),0.09615384615384616,0.4411764705882353
2523,2단계 레짐(3분류),0.08974358974358974,0.42424242424242425
2524,2단계 레짐(3분류),0.08333333333333333,0.40625
2525,2단계 레짐(3분류),0.08333333333333333,0.41935483870967744
2526,2단계 레짐(3분류),0.08333333333333333,0.43333333333333335
2527,2단계 레짐(3분류),0.08333333333333333,0.4482758620689655
2528,2단계 레짐(3분류),0.08333333333333333,0.4642857142857143
2529,2단계 레짐(3분류),0.07692307692307693,0.4444444444444444
2530,2단계 레짐(3분류),0.07692307692307693,0.46153846153846156
2531,2단계 레짐(3분류),0.07692307692307693,0.48
2532,2단계 레짐(3분류),0.07051282051282051,0.4583333333333333
2533,2단계 레짐(3분류),0.0641025641025641,0.43478260869565216
2534,2단계 레짐(3분류),0.0641025641025641,0.45454545454545453
2535,2단계 레짐(3분류),0.0641025641025641,0.47619047619047616
2536,2단계 레짐(3분류),0.057692307692307696,0.45
2537,2단계 레짐(3분류),0.05128205128205128,0.42105263157894735
2538,2단계 레짐(3분류),0.05128205128205128,0.4444444444444444
2539,2단계 레짐(3분류),0.05128205128205128,0.47058823529411764
2540,2단계 레짐(3분류),0.05128205128205128,0.5
2541,2단계 레짐(3분류),0.04487179487179487,0.4666666666666667
2542,2단계 레짐(3분류),0.038461538461538464,0.42857142857142855
2543,2단계 레짐(3분류),0.038461538461538464,0.46153846153846156
2544,2단계 레짐(3분류),0.038461538461538464,0.5
2545,2단계 레짐(3분류),0.038461538461538464,0.5454545454545454
2546,2단계 레짐(3분류),0.03205128205128205,0.5
2547,2단계 레짐(3분류),0.02564102564102564,0.4444444444444444
2548,2단계 레짐(3분류),0.019230769230769232,0.375
2549,2단계 레짐(3분류),0.019230769230769232,0.42857142857142855
2550,2단계 레짐(3분류),0.01282051282051282,0.3333333333333333
2551,2단계 레짐(3분류),0.01282051282051282,0.4
2552,2단계 레짐(3분류),0.00641025641025641,0.25
2553,2단계 레짐(3분류),0.0,0.0
2554,2단계 레짐(3분류),0.0,0.0
2555,2단계 레짐(3분류),0.0,0.0
2556,2단계 레짐(3분류),0.0,1.0
