ts,fold,y_avg,y_peak,y_cls,is_shutdown,pred_avg[A],pred_peak[A],pred_avg[R],pred_peak[R],pred_avg[G],pred_peak[G],pred_avg[RG],pred_peak[RG]
2021-07-07 00:00:00,2,76.0,89.0,0,0,67.27349032477667,69.208023489393,67.27349032477667,69.208023489393,72.97766762845013,71.56079868720704,72.97766762845013,71.56079868720704
2021-07-07 01:00:00,2,102.0,112.0,0,0,105.25488770927251,113.48924206670596,105.25488770927251,113.48924206670596,105.25488770927251,113.48924206670596,105.25488770927251,113.48924206670596
2021-07-07 02:00:00,2,106.0,107.0,0,0,107.32983009905973,114.91153460775159,107.32983009905973,114.91153460775159,107.32983009905973,114.91153460775159,107.32983009905973,114.91153460775159
2021-07-07 03:00:00,2,110.0,115.0,0,0,109.27700552007948,116.53254841125839,109.27700552007948,116.53254841125839,109.27700552007948,116.53254841125839,109.27700552007948,116.53254841125839
2021-07-07 04:00:00,2,106.0,108.0,0,0,105.25045951766128,114.28814170479107,105.25045951766128,114.28814170479107,105.25045951766128,114.28814170479107,105.25045951766128,114.28814170479107
2021-07-07 05:00:00,2,94.0,101.0,0,0,95.74847733943233,111.73575591963858,95.74847733943233,111.73575591963858,95.74847733943233,111.73575591963858,95.74847733943233,111.73575591963858
2021-07-07 06:00:00,2,102.0,106.0,0,0,108.48417658134406,118.35551774485451,108.48417658134406,118.35551774485451,108.48417658134406,118.35551774485451,108.48417658134406,118.35551774485451
2021-07-07 07:00:00,2,130.0,145.0,0,0,135.57589880280034,156.9067857185969,135.57589880280034,156.9067857185969,135.57589880280034,156.9067857185969,135.57589880280034,156.9067857185969
2021-07-07 08:00:00,2,181.0,203.0,1,0,172.58307494485905,180.15244737214076,172.58307494485905,180.15244737214076,172.58307494485905,180.15244737214076,172.58307494485905,180.15244737214076
2021-07-07 09:00:00,2,178.0,187.0,1,0,176.72061974922084,178.73082640250016,176.72061974922084,178.73082640250016,176.72061974922084,178.73082640250016,176.72061974922084,178.73082640250016
2021-07-07 10:00:00,2,174.0,186.0,0,0,173.54768253675016,184.42695302643455,173.54768253675016,184.42695302643455,173.54768253675016,184.42695302643455,173.54768253675016,184.42695302643455
2021-07-07 11:00:00,2,178.0,183.0,0,0,172.42986798799564,177.49250194906332,172.42986798799564,177.49250194906332,172.42986798799564,177.49250194906332,172.42986798799564,177.49250194906332
2021-07-07 12:00:00,2,112.0,131.0,0,0,106.76593318834776,121.74879225140823,106.76593318834776,121.74879225140823,106.76593318834776,121.74879225140823,106.76593318834776,121.74879225140823
2021-07-07 13:00:00,2,173.0,185.0,0,0,167.1164727948849,176.16341885902082,167.1164727948849,176.16341885902082,167.1164727948849,176.16341885902082,167.1164727948849,176.16341885902082
2021-07-07 14:00:00,2,175.0,185.0,0,0,174.5197326703642,174.9930679859309,174.5197326703642,174.9930679859309,174.5197326703642,174.9930679859309,174.5197326703642,174.9930679859309
2021-07-07 15:00:00,2,158.0,176.0,0,0,163.22460515583683,175.38170546654405,163.22460515583683,175.38170546654405,163.22460515583683,175.38170546654405,163.22460515583683,175.38170546654405
2021-07-07 16:00:00,2,177.0,181.0,0,0,170.60430514813348,180.01688900745398,170.60430514813348,180.01688900745398,170.60430514813348,180.01688900745398,170.60430514813348,180.01688900745398
2021-07-07 17:00:00,2,138.0,179.0,0,0,143.85035753072492,167.92094307533625,143.85035753072492,167.92094307533625,143.85035753072492,167.92094307533625,143.85035753072492,167.92094307533625
2021-07-07 18:00:00,2,169.0,173.0,0,0,162.25681477113295,168.22530080828852,162.25681477113295,168.22530080828852,162.25681477113295,168.22530080828852,162.25681477113295,168.22530080828852
2021-07-07 19:00:00,2,157.0,169.0,0,0,152.2171764634321,160.61614938159153,152.2171764634321,160.61614938159153,152.2171764634321,160.61614938159153,152.2171764634321,160.61614938159153
2021-07-07 20:00:00,2,117.0,127.0,0,0,117.62206628532911,122.46711901532325,117.62206628532911,122.46711901532325,117.62206628532911,122.46711901532325,117.62206628532911,122.46711901532325
2021-07-07 21:00:00,2,115.0,120.0,0,0,116.10708724790163,122.64791060979437,116.10708724790163,122.64791060979437,116.10708724790163,122.64791060979437,116.10708724790163,122.64791060979437
2021-07-07 22:00:00,2,104.0,113.0,0,0,110.72610605548294,119.63304795911532,110.72610605548294,119.63304795911532,110.72610605548294,119.63304795911532,110.72610605548294,119.63304795911532
2021-07-07 23:00:00,2,105.0,110.0,0,0,106.54247538134463,119.19131150026296,106.54247538134463,119.19131150026296,106.54247538134463,119.19131150026296,106.54247538134463,119.19131150026296
2021-07-08 00:00:00,2,73.0,78.0,0,0,71.01498474416664,71.23391355764241,71.01498474416664,71.23391355764241,66.81630864422434,69.22460738567275,66.81630864422434,69.22460738567275
2021-07-08 01:00:00,2,99.0,104.0,0,0,104.83359029028755,114.52830576760304,104.83359029028755,114.52830576760304,104.83359029028755,114.52830576760304,104.83359029028755,114.52830576760304
2021-07-08 02:00:00,2,104.0,110.0,0,0,110.3626087371625,119.51218815151753,110.3626087371625,119.51218815151753,110.3626087371625,119.51218815151753,110.3626087371625,119.51218815151753
2021-07-08 03:00:00,2,105.0,115.0,0,0,109.8568459198494,118.39229734023523,109.8568459198494,118.39229734023523,109.8568459198494,118.39229734023523,109.8568459198494,118.39229734023523
2021-07-08 04:00:00,2,106.0,109.0,0,0,107.47068627723888,117.56120797515521,107.47068627723888,117.56120797515521,107.47068627723888,117.56120797515521,107.47068627723888,117.56120797515521
2021-07-08 05:00:00,2,96.0,107.0,0,0,95.98570828965003,112.41979405458113,95.98570828965003,112.41979405458113,95.98570828965003,112.41979405458113,95.98570828965003,112.41979405458113
2021-07-08 06:00:00,2,110.0,115.0,0,0,106.14568873730005,114.2547715919087,106.14568873730005,114.2547715919087,106.14568873730005,114.2547715919087,106.14568873730005,114.2547715919087
2021-07-08 07:00:00,2,133.0,146.0,0,0,126.73786938469995,152.32938633693274,126.73786938469995,152.32938633693274,126.73786938469995,152.32938633693274,126.73786938469995,152.32938633693274
2021-07-08 08:00:00,2,166.0,187.0,1,0,173.8362554668562,187.0805058561332,173.8362554668562,187.0805058561332,173.8362554668562,187.0805058561332,173.8362554668562,187.0805058561332
2021-07-08 09:00:00,2,180.0,186.0,0,0,178.81717532136645,186.79269674621997,178.81717532136645,186.79269674621997,178.81717532136645,186.79269674621997,178.81717532136645,186.79269674621997
2021-07-08 10:00:00,2,184.0,201.0,1,0,172.3652547646021,183.10032411513785,172.3652547646021,183.10032411513785,172.3652547646021,183.10032411513785,172.3652547646021,183.10032411513785
2021-07-08 11:00:00,2,190.0,192.0,1,0,177.07198293232005,186.39167734986933,177.07198293232005,186.39167734986933,177.07198293232005,186.39167734986933,177.07198293232005,186.39167734986933
2021-07-08 12:00:00,2,120.0,131.0,0,0,109.32222277989877,118.69066088584752,109.32222277989877,118.69066088584752,109.32222277989877,118.69066088584752,109.32222277989877,118.69066088584752
2021-07-08 13:00:00,2,186.0,201.0,1,0,179.83761988052973,185.70129292588823,179.83761988052973,185.70129292588823,179.83761988052973,185.70129292588823,179.83761988052973,185.70129292588823
2021-07-08 14:00:00,2,184.0,200.0,1,0,179.6729592804052,182.71022279738384,179.6729592804052,182.71022279738384,179.6729592804052,182.71022279738384,179.6729592804052,182.71022279738384
2021-07-08 15:00:00,2,161.0,184.0,0,0,157.50508942595724,173.76654627813485,157.50508942595724,173.76654627813485,157.50508942595724,173.76654627813485,157.50508942595724,173.76654627813485
2021-07-08 16:00:00,2,174.0,186.0,0,0,165.94810895138795,173.84983407192328,165.94810895138795,173.84983407192328,165.94810895138795,173.84983407192328,165.94810895138795,173.84983407192328
2021-07-08 17:00:00,2,128.0,155.0,0,0,136.76702552907412,165.37219004058724,136.76702552907412,165.37219004058724,136.76702552907412,165.37219004058724,136.76702552907412,165.37219004058724
2021-07-08 18:00:00,2,147.0,155.0,0,0,160.223231204146,163.17273190521362,160.223231204146,163.17273190521362,160.223231204146,163.17273190521362,160.223231204146,163.17273190521362
2021-07-08 19:00:00,2,147.0,153.0,0,0,156.01878245264086,161.61830198519684,156.01878245264086,161.61830198519684,156.01878245264086,161.61830198519684,156.01878245264086,161.61830198519684
2021-07-08 20:00:00,2,130.0,132.0,0,0,138.596069331814,141.47328868742247,138.596069331814,141.47328868742247,138.596069331814,141.47328868742247,138.596069331814,141.47328868742247
2021-07-08 21:00:00,2,125.0,128.0,0,0,133.524838363359,129.63740840845267,133.524838363359,129.63740840845267,133.524838363359,129.63740840845267,133.524838363359,129.63740840845267
2021-07-08 22:00:00,2,111.0,118.0,0,0,112.4453230985677,118.45832716466894,112.4453230985677,118.45832716466894,112.4453230985677,118.45832716466894,112.4453230985677,118.45832716466894
2021-07-08 23:00:00,2,113.0,119.0,0,0,104.87040984503386,119.12051266068502,104.87040984503386,119.12051266068502,104.87040984503386,119.12051266068502,104.87040984503386,119.12051266068502
2021-07-09 00:00:00,2,73.0,78.0,0,0,71.02183848321106,72.97170225583179,71.02183848321106,72.97170225583179,66.2925533703404,69.82428324824845,66.2925533703404,69.82428324824845
2021-07-09 01:00:00,2,102.0,105.0,0,0,105.13341775678533,115.50785351384562,105.13341775678533,115.50785351384562,105.13341775678533,115.50785351384562,105.13341775678533,115.50785351384562
2021-07-09 02:00:00,2,110.0,114.0,0,0,109.6154449181425,120.02202659228186,109.6154449181425,120.02202659228186,109.6154449181425,120.02202659228186,109.6154449181425,120.02202659228186
2021-07-09 03:00:00,2,99.0,109.0,0,0,109.65769487478417,119.24898721338063,109.65769487478417,119.24898721338063,109.65769487478417,119.24898721338063,109.65769487478417,119.24898721338063
2021-07-09 04:00:00,2,104.0,106.0,0,0,108.86874199424389,117.45100022583198,108.86874199424389,117.45100022583198,108.86874199424389,117.45100022583198,108.86874199424389,117.45100022583198
2021-07-09 05:00:00,2,98.0,105.0,0,0,98.87915368121199,114.30219666365424,98.87915368121199,114.30219666365424,98.87915368121199,114.30219666365424,98.87915368121199,114.30219666365424
2021-07-09 06:00:00,2,113.0,125.0,0,0,112.54945933480823,120.27653003366508,112.54945933480823,120.27653003366508,112.54945933480823,120.27653003366508,112.54945933480823,120.27653003366508
2021-07-09 07:00:00,2,137.0,156.0,0,0,128.00829791414915,154.05589767340157,128.00829791414915,154.05589767340157,128.00829791414915,154.05589767340157,128.00829791414915,154.05589767340157
2021-07-09 08:00:00,2,174.0,188.0,1,0,173.5592763916842,188.21671808530766,173.5592763916842,188.21671808530766,173.5592763916842,188.21671808530766,173.5592763916842,188.21671808530766
2021-07-09 09:00:00,2,166.0,168.0,0,0,178.90985961357737,185.23125119392532,178.90985961357737,185.23125119392532,178.90985961357737,185.23125119392532,178.90985961357737,185.23125119392532
2021-07-09 10:00:00,2,164.0,176.0,0,0,174.65223868086315,186.72612066746288,174.65223868086315,186.72612066746288,174.65223868086315,186.72612066746288,174.65223868086315,186.72612066746288
2021-07-09 11:00:00,2,171.0,176.0,0,0,170.75458595371273,182.2228313180632,170.75458595371273,182.2228313180632,170.75458595371273,182.2228313180632,170.75458595371273,182.2228313180632
2021-07-09 12:00:00,2,100.0,112.0,0,0,116.57132774171504,118.92238174575955,116.57132774171504,118.92238174575955,116.57132774171504,118.92238174575955,116.57132774171504,118.92238174575955
2021-07-09 13:00:00,2,174.0,186.0,0,0,175.91579302433408,188.09723608810754,175.91579302433408,188.09723608810754,175.91579302433408,188.09723608810754,175.91579302433408,188.09723608810754
2021-07-09 14:00:00,2,181.0,192.0,1,0,175.07166669185517,181.22188767213532,175.07166669185517,181.22188767213532,175.07166669185517,181.22188767213532,175.07166669185517,181.22188767213532
2021-07-09 15:00:00,2,167.0,188.0,1,0,161.16295695064204,174.60345766084285,161.16295695064204,174.60345766084285,161.16295695064204,174.60345766084285,161.16295695064204,174.60345766084285
2021-07-09 16:00:00,2,171.0,176.0,0,0,170.7449689796034,181.1555332820372,170.7449689796034,181.1555332820372,170.7449689796034,181.1555332820372,170.7449689796034,181.1555332820372
2021-07-09 17:00:00,2,143.0,165.0,0,0,141.00842596201795,169.6047280184097,141.00842596201795,169.6047280184097,141.00842596201795,169.6047280184097,141.00842596201795,169.6047280184097
2021-07-09 18:00:00,2,170.0,174.0,0,0,156.66249811340654,166.98169881836122,156.66249811340654,166.98169881836122,156.66249811340654,166.98169881836122,156.66249811340654,166.98169881836122
2021-07-09 19:00:00,2,134.0,140.0,0,0,142.40718899016733,153.38257365538018,142.40718899016733,153.38257365538018,142.40718899016733,153.38257365538018,142.40718899016733,153.38257365538018
2021-07-09 20:00:00,2,104.0,111.0,0,0,117.17185872098126,122.43913411389582,117.17185872098126,122.43913411389582,117.17185872098126,122.43913411389582,117.17185872098126,122.43913411389582
2021-07-09 21:00:00,2,103.0,109.0,0,0,116.50931324173364,118.21597581877342,116.50931324173364,118.21597581877342,116.50931324173364,118.21597581877342,116.50931324173364,118.21597581877342
2021-07-09 22:00:00,2,102.0,111.0,0,0,112.01607809978427,120.65269888775597,112.01607809978427,120.65269888775597,112.01607809978427,120.65269888775597,112.01607809978427,120.65269888775597
2021-07-09 23:00:00,2,96.0,106.0,0,0,108.42505037874339,119.60156024524686,108.42505037874339,119.60156024524686,108.42505037874339,119.60156024524686,108.42505037874339,119.60156024524686
2021-07-10 00:00:00,2,65.0,70.0,0,0,69.5846847460482,71.43665798331924,69.5846847460482,71.43665798331924,66.08579039309363,69.06435272592279,66.08579039309363,69.06435272592279
2021-07-10 01:00:00,2,97.0,102.0,0,0,106.91952213246867,115.2351404933875,106.91952213246867,115.2351404933875,106.91952213246867,115.2351404933875,106.91952213246867,115.2351404933875
2021-07-10 02:00:00,2,97.0,100.0,0,0,111.0700022892412,117.25029832714624,111.0700022892412,117.25029832714624,111.0700022892412,117.25029832714624,111.0700022892412,117.25029832714624
2021-07-10 03:00:00,2,97.0,106.0,0,0,103.9983524738357,115.37875494500497,103.9983524738357,115.37875494500497,103.9983524738357,115.37875494500497,103.9983524738357,115.37875494500497
2021-07-10 04:00:00,2,100.0,106.0,0,0,106.6816230536135,115.10435566940257,106.6816230536135,115.10435566940257,106.6816230536135,115.10435566940257,106.6816230536135,115.10435566940257
2021-07-10 05:00:00,2,83.0,97.0,0,0,92.62547030297533,110.24727967852249,92.62547030297533,110.24727967852249,92.62547030297533,110.24727967852249,92.62547030297533,110.24727967852249
2021-07-10 06:00:00,2,101.0,104.0,0,0,107.95442257201888,116.17128820033282,107.95442257201888,116.17128820033282,107.95442257201888,116.17128820033282,107.95442257201888,116.17128820033282
2021-07-10 07:00:00,2,75.0,105.0,0,0,130.39643174814702,153.31026559395357,130.39643174814702,153.31026559395357,63.967579349518815,86.13000270958173,63.967579349518815,86.13000270958173
2021-07-10 08:00:00,2,26.0,27.0,0,0,23.235791825362657,25.25176165759848,23.235791825362657,25.25176165759848,23.235791825362657,25.25176165759848,23.235791825362657,25.25176165759848
2021-07-10 09:00:00,2,27.0,27.0,0,0,22.87744932658197,24.12277065655521,22.87744932658197,24.12277065655521,22.87744932658197,24.12277065655521,22.87744932658197,24.12277065655521
2021-07-10 10:00:00,2,30.0,32.0,0,0,23.24084382129015,25.092151994751205,23.24084382129015,25.092151994751205,23.24084382129015,25.092151994751205,23.24084382129015,25.092151994751205
2021-07-10 11:00:00,2,29.0,31.0,0,0,23.595284179870852,25.019855706579385,23.595284179870852,25.019855706579385,23.595284179870852,25.019855706579385,23.595284179870852,25.019855706579385
2021-07-10 12:00:00,2,26.0,26.0,0,0,23.342155519134437,24.498380070582364,23.342155519134437,24.498380070582364,23.342155519134437,24.498380070582364,23.342155519134437,24.498380070582364
2021-07-10 13:00:00,2,25.0,28.0,0,0,23.329219258177783,24.994636749176873,23.329219258177783,24.994636749176873,23.329219258177783,24.994636749176873,23.329219258177783,24.994636749176873
2021-07-10 14:00:00,2,23.0,23.0,0,0,23.34537786081538,25.163637729134766,23.34537786081538,25.163637729134766,23.34537786081538,25.163637729134766,23.34537786081538,25.163637729134766
2021-07-10 15:00:00,2,24.0,25.0,0,0,23.16037597147285,24.567518676933883,23.16037597147285,24.567518676933883,23.16037597147285,24.567518676933883,23.16037597147285,24.567518676933883
2021-07-10 16:00:00,2,24.0,27.0,0,0,23.186957782253565,24.46276791583581,23.186957782253565,24.46276791583581,23.186957782253565,24.46276791583581,23.186957782253565,24.46276791583581
2021-07-10 17:00:00,2,23.0,23.0,0,0,23.39902253124133,24.897548506935223,23.39902253124133,24.897548506935223,23.39902253124133,24.897548506935223,23.39902253124133,24.897548506935223
2021-07-10 18:00:00,2,22.0,22.0,0,0,23.31249321539295,24.869033304814508,23.31249321539295,24.869033304814508,23.31249321539295,24.869033304814508,23.31249321539295,24.869033304814508
2021-07-10 19:00:00,2,24.0,26.0,0,0,23.07472411910573,23.684283907664835,23.07472411910573,23.684283907664835,23.07472411910573,23.684283907664835,23.07472411910573,23.684283907664835
2021-07-10 20:00:00,2,22.0,23.0,0,0,23.49828477730648,25.438555885704055,23.49828477730648,25.438555885704055,23.49828477730648,25.438555885704055,23.49828477730648,25.438555885704055
2021-07-10 21:00:00,2,22.0,23.0,0,0,23.778148933436572,25.825640784925866,23.778148933436572,25.825640784925866,23.778148933436572,25.825640784925866,23.778148933436572,25.825640784925866
2021-07-10 22:00:00,2,25.0,26.0,0,0,23.37174014316564,24.171808714990572,23.37174014316564,24.171808714990572,23.37174014316564,24.171808714990572,23.37174014316564,24.171808714990572
2021-07-10 23:00:00,2,22.0,23.0,0,0,23.373995354431184,25.63671481033068,23.373995354431184,25.63671481033068,23.373995354431184,25.63671481033068,23.373995354431184,25.63671481033068
2021-07-11 00:00:00,2,23.0,23.0,0,1,23.02599478603781,22.95469977238124,23.02599478603781,22.95469977238124,23.02599478603781,22.95469977238124,23.02599478603781,22.95469977238124
2021-07-11 01:00:00,2,26.0,27.0,0,1,22.496389178626757,22.794050851095445,22.496389178626757,22.794050851095445,22.496389178626757,22.794050851095445,22.496389178626757,22.794050851095445
2021-07-11 02:00:00,2,23.0,23.0,0,1,23.177592264899417,24.936737647446602,23.177592264899417,24.936737647446602,23.177592264899417,24.936737647446602,23.177592264899417,24.936737647446602
2021-07-11 03:00:00,2,23.0,24.0,0,1,23.298990665434747,23.72049857425369,23.298990665434747,23.72049857425369,23.298990665434747,23.72049857425369,23.298990665434747,23.72049857425369
2021-07-11 04:00:00,2,23.0,24.0,0,1,23.324205850590676,24.131267289862183,23.324205850590676,24.131267289862183,23.324205850590676,24.131267289862183,23.324205850590676,24.131267289862183
2021-07-11 05:00:00,2,24.0,27.0,0,1,22.480786075833493,22.57683617632926,22.480786075833493,22.57683617632926,22.480786075833493,22.57683617632926,22.480786075833493,22.57683617632926
2021-07-11 06:00:00,2,22.0,22.0,0,1,23.34810588148653,24.931660212919756,23.34810588148653,24.931660212919756,23.34810588148653,24.931660212919756,23.34810588148653,24.931660212919756
2021-07-11 07:00:00,2,22.0,22.0,0,1,22.795544828781015,23.990970446031078,22.795544828781015,23.990970446031078,22.795544828781015,23.990970446031078,22.795544828781015,23.990970446031078
2021-07-11 08:00:00,2,24.0,27.0,0,1,22.818279761004735,25.40974043295877,22.818279761004735,25.40974043295877,22.818279761004735,25.40974043295877,22.818279761004735,25.40974043295877
2021-07-11 09:00:00,2,22.0,22.0,0,1,22.875511706980753,24.010551537144025,22.875511706980753,24.010551537144025,22.875511706980753,24.010551537144025,22.875511706980753,24.010551537144025
2021-07-11 10:00:00,2,23.0,23.0,0,1,23.075191725400973,23.789516491683017,23.075191725400973,23.789516491683017,23.075191725400973,23.789516491683017,23.075191725400973,23.789516491683017
2021-07-11 11:00:00,2,25.0,28.0,0,1,23.892030425894227,24.837905540519056,23.892030425894227,24.837905540519056,23.892030425894227,24.837905540519056,23.892030425894227,24.837905540519056
2021-07-11 12:00:00,2,23.0,24.0,0,1,23.369883516034335,24.132758997760256,23.369883516034335,24.132758997760256,23.369883516034335,24.132758997760256,23.369883516034335,24.132758997760256
2021-07-11 13:00:00,2,24.0,24.0,0,1,23.50206845602165,24.887290822025786,23.50206845602165,24.887290822025786,23.50206845602165,24.887290822025786,23.50206845602165,24.887290822025786
2021-07-11 14:00:00,2,26.0,28.0,0,1,23.356868456627897,24.595807656911912,23.356868456627897,24.595807656911912,23.356868456627897,24.595807656911912,23.356868456627897,24.595807656911912
2021-07-11 15:00:00,2,24.0,24.0,0,1,23.230158397584383,24.837641611239945,23.230158397584383,24.837641611239945,23.230158397584383,24.837641611239945,23.230158397584383,24.837641611239945
2021-07-11 16:00:00,2,25.0,26.0,0,1,23.056182876777566,25.03990313857846,23.056182876777566,25.03990313857846,23.056182876777566,25.03990313857846,23.056182876777566,25.03990313857846
2021-07-11 17:00:00,2,24.0,26.0,0,1,23.213348431832276,24.472802880148265,23.213348431832276,24.472802880148265,23.213348431832276,24.472802880148265,23.213348431832276,24.472802880148265
2021-07-11 18:00:00,2,23.0,26.0,0,1,23.07032980286142,23.700562729951933,23.07032980286142,23.700562729951933,23.07032980286142,23.700562729951933,23.07032980286142,23.700562729951933
2021-07-11 19:00:00,2,22.0,23.0,0,1,23.413382231975074,25.397150585873028,23.413382231975074,25.397150585873028,23.413382231975074,25.397150585873028,23.413382231975074,25.397150585873028
2021-07-11 20:00:00,2,23.0,23.0,0,1,23.07737315286368,24.098341015880713,23.07737315286368,24.098341015880713,23.07737315286368,24.098341015880713,23.07737315286368,24.098341015880713
2021-07-11 21:00:00,2,25.0,28.0,0,1,23.47923895288407,25.285018655305613,23.47923895288407,25.285018655305613,23.47923895288407,25.285018655305613,23.47923895288407,25.285018655305613
2021-07-11 22:00:00,2,23.0,24.0,0,1,23.163533557977956,25.102518752093637,23.163533557977956,25.102518752093637,23.163533557977956,25.102518752093637,23.163533557977956,25.102518752093637
2021-07-11 23:00:00,2,23.0,23.0,0,1,23.35536280015989,24.05835578469318,23.35536280015989,24.05835578469318,23.35536280015989,24.05835578469318,23.35536280015989,24.05835578469318
2021-07-12 00:00:00,2,25.0,26.0,0,0,23.67770939356096,24.62851374652807,23.67770939356096,24.62851374652807,23.67770939356096,24.62851374652807,23.67770939356096,24.62851374652807
2021-07-12 01:00:00,2,23.0,23.0,0,0,23.316900042759944,23.389554158645154,23.316900042759944,23.389554158645154,23.316900042759944,23.389554158645154,23.316900042759944,23.389554158645154
2021-07-12 02:00:00,2,23.0,23.0,0,0,23.136064685365042,23.287883068452718,23.136064685365042,23.287883068452718,23.136064685365042,23.287883068452718,23.136064685365042,23.287883068452718
2021-07-12 03:00:00,2,24.0,27.0,0,0,23.16384822739609,23.438740360633425,23.16384822739609,23.438740360633425,23.16384822739609,23.438740360633425,23.16384822739609,23.438740360633425
2021-07-12 04:00:00,2,22.0,23.0,0,0,23.164619514258156,23.84256980942899,23.164619514258156,23.84256980942899,23.164619514258156,23.84256980942899,23.164619514258156,23.84256980942899
2021-07-12 05:00:00,2,23.0,23.0,0,0,23.281442986508274,23.918235778526473,23.281442986508274,23.918235778526473,23.281442986508274,23.918235778526473,23.281442986508274,23.918235778526473
2021-07-12 06:00:00,2,24.0,25.0,0,0,22.530379688923748,22.5297967371116,22.530379688923748,22.5297967371116,22.530379688923748,22.5297967371116,22.530379688923748,22.5297967371116
2021-07-12 07:00:00,2,65.0,123.0,0,0,58.463897422042145,96.445023338822,58.463897422042145,96.445023338822,58.463897422042145,96.445023338822,58.463897422042145,96.445023338822
2021-07-12 08:00:00,2,186.0,198.0,1,0,178.73400861983663,194.2078381318227,178.73400861983663,194.2078381318227,178.73400861983663,194.2078381318227,178.73400861983663,194.2078381318227
2021-07-12 09:00:00,2,191.0,195.0,1,0,174.99190898070302,182.61746563149592,174.99190898070302,182.61746563149592,174.99190898070302,182.61746563149592,174.99190898070302,182.61746563149592
2021-07-12 10:00:00,2,175.0,186.0,0,0,179.00243934724855,184.81505738627138,179.00243934724855,184.81505738627138,179.00243934724855,184.81505738627138,179.00243934724855,184.81505738627138
2021-07-12 11:00:00,2,186.0,188.0,1,0,181.58383626009928,187.29236854791324,181.58383626009928,187.29236854791324,181.58383626009928,187.29236854791324,181.58383626009928,187.29236854791324
2021-07-12 12:00:00,2,115.0,134.0,0,0,112.47885592338095,125.53593422694684,112.47885592338095,125.53593422694684,112.47885592338095,125.53593422694684,112.47885592338095,125.53593422694684
2021-07-12 13:00:00,2,167.0,178.0,0,0,176.741720418605,186.2010492385149,176.741720418605,186.2010492385149,176.741720418605,186.2010492385149,176.741720418605,186.2010492385149
2021-07-12 14:00:00,2,184.0,190.0,1,0,173.18671951602124,177.67693332442315,173.18671951602124,177.67693332442315,173.18671951602124,177.67693332442315,173.18671951602124,177.67693332442315
2021-07-12 15:00:00,2,164.0,188.0,1,0,166.64607263162196,178.03610695610845,166.64607263162196,178.03610695610845,166.64607263162196,178.03610695610845,166.64607263162196,178.03610695610845
2021-07-12 16:00:00,2,174.0,177.0,0,0,166.87504010538964,176.10890126556737,166.87504010538964,176.10890126556737,166.87504010538964,176.10890126556737,166.87504010538964,176.10890126556737
2021-07-12 17:00:00,2,138.0,173.0,0,0,139.13103596342674,156.94676778729578,139.13103596342674,156.94676778729578,139.13103596342674,156.94676778729578,139.13103596342674,156.94676778729578
2021-07-12 18:00:00,2,157.0,164.0,0,0,159.89517112416794,171.24689494061744,159.89517112416794,171.24689494061744,159.89517112416794,171.24689494061744,159.89517112416794,171.24689494061744
2021-07-12 19:00:00,2,157.0,175.0,0,0,149.05270765830366,159.86557547836316,149.05270765830366,159.86557547836316,149.05270765830366,159.86557547836316,149.05270765830366,159.86557547836316
2021-07-12 20:00:00,2,125.0,136.0,0,0,124.01360796443825,130.96004447478833,124.01360796443825,130.96004447478833,124.01360796443825,130.96004447478833,124.01360796443825,130.96004447478833
2021-07-12 21:00:00,2,120.0,133.0,0,0,123.53508625196761,128.33908057023862,123.53508625196761,128.33908057023862,123.53508625196761,128.33908057023862,123.53508625196761,128.33908057023862
2021-07-12 22:00:00,2,116.0,125.0,0,0,108.93937025075947,118.06169600067749,108.93937025075947,118.06169600067749,108.93937025075947,118.06169600067749,108.93937025075947,118.06169600067749
2021-07-12 23:00:00,2,103.0,115.0,0,0,105.15940114946851,116.66203794023237,105.15940114946851,116.66203794023237,105.15940114946851,116.66203794023237,105.15940114946851,116.66203794023237
2021-07-14 00:00:00,2,73.0,75.0,0,0,70.79763265459056,73.51621040799583,70.79763265459056,73.51621040799583,65.79761380778739,69.73315518792614,65.79761380778739,69.73315518792614
2021-07-14 01:00:00,2,102.0,112.0,0,0,103.0848176670528,115.65720035114732,103.0848176670528,115.65720035114732,103.0848176670528,115.65720035114732,103.0848176670528,115.65720035114732
2021-07-14 02:00:00,2,105.0,109.0,0,0,112.8079197693094,120.10672955630095,112.8079197693094,120.10672955630095,112.8079197693094,120.10672955630095,112.8079197693094,120.10672955630095
2021-07-14 03:00:00,2,102.0,114.0,0,0,111.10258326418547,115.47763302462293,111.10258326418547,115.47763302462293,111.10258326418547,115.47763302462293,111.10258326418547,115.47763302462293
2021-07-14 04:00:00,2,105.0,107.0,0,0,105.7214151332141,116.65627954650823,105.7214151332141,116.65627954650823,105.7214151332141,116.65627954650823,105.7214151332141,116.65627954650823
2021-07-14 05:00:00,2,89.0,115.0,0,0,136.41069631645286,139.13388172008618,136.41069631645286,139.13388172008618,136.41069631645286,139.13388172008618,136.41069631645286,139.13388172008618
2021-07-14 06:00:00,2,106.0,112.0,0,0,116.84217210024893,121.12618370230489,116.84217210024893,121.12618370230489,116.84217210024893,121.12618370230489,116.84217210024893,121.12618370230489
2021-07-14 07:00:00,2,132.0,154.0,0,0,130.105558511422,157.14256356369654,130.105558511422,157.14256356369654,130.105558511422,157.14256356369654,130.105558511422,157.14256356369654
2021-07-14 08:00:00,2,179.0,186.0,0,0,167.65839134624827,187.76766018128208,167.65839134624827,187.76766018128208,167.65839134624827,187.76766018128208,167.65839134624827,187.76766018128208
2021-07-14 09:00:00,2,185.0,195.0,1,0,169.70241222528003,181.11367312576647,169.70241222528003,181.11367312576647,169.70241222528003,181.11367312576647,169.70241222528003,181.11367312576647
2021-07-14 10:00:00,2,175.0,185.0,0,0,167.6517934718935,182.31593001719975,167.6517934718935,182.31593001719975,167.6517934718935,182.31593001719975,167.6517934718935,182.31593001719975
2021-07-14 11:00:00,2,185.0,193.0,1,0,166.82660856491884,181.29055773185866,166.82660856491884,181.29055773185866,166.82660856491884,181.29055773185866,166.82660856491884,181.29055773185866
2021-07-14 12:00:00,2,99.0,110.0,0,0,115.10726040473648,116.34455867737427,115.10726040473648,116.34455867737427,115.10726040473648,116.34455867737427,115.10726040473648,116.34455867737427
2021-07-14 13:00:00,2,166.0,179.0,0,0,169.79662112230076,183.15070272511127,169.79662112230076,183.15070272511127,169.79662112230076,183.15070272511127,169.79662112230076,183.15070272511127
2021-07-14 14:00:00,2,178.0,186.0,0,0,165.86838382633232,179.18933935170347,165.86838382633232,179.18933935170347,165.86838382633232,179.18933935170347,165.86838382633232,179.18933935170347
2021-07-14 15:00:00,2,134.0,141.0,0,0,161.13834072656047,173.6688907687875,161.13834072656047,173.6688907687875,161.13834072656047,173.6688907687875,161.13834072656047,173.6688907687875
2021-07-14 16:00:00,2,154.0,156.0,0,0,163.13189536622198,175.50597320149868,163.13189536622198,175.50597320149868,163.13189536622198,175.50597320149868,163.13189536622198,175.50597320149868
2021-07-14 17:00:00,2,140.0,179.0,0,0,132.0163008537044,159.10329468640484,132.0163008537044,159.10329468640484,132.0163008537044,159.10329468640484,132.0163008537044,159.10329468640484
2021-07-14 18:00:00,2,165.0,169.0,0,0,155.05337390023686,168.25035238892644,155.05337390023686,168.25035238892644,155.05337390023686,168.25035238892644,155.05337390023686,168.25035238892644
2021-07-14 19:00:00,2,138.0,148.0,0,0,157.87732515809094,168.84997361597232,157.87732515809094,168.84997361597232,157.87732515809094,168.84997361597232,157.87732515809094,168.84997361597232
2021-07-14 20:00:00,2,112.0,120.0,0,0,136.0020699685199,144.05342831636898,136.0020699685199,144.05342831636898,136.0020699685199,144.05342831636898,136.0020699685199,144.05342831636898
2021-07-14 21:00:00,2,112.0,113.0,0,0,134.87258295415552,142.74967485075268,134.87258295415552,142.74967485075268,134.87258295415552,142.74967485075268,134.87258295415552,142.74967485075268
2021-07-14 22:00:00,2,110.0,115.0,0,0,142.39106773096006,140.00929303453216,142.39106773096006,140.00929303453216,142.39106773096006,140.00929303453216,142.39106773096006,140.00929303453216
2021-07-14 23:00:00,2,104.0,112.0,0,0,141.01677808327327,138.1536544260958,141.01677808327327,138.1536544260958,141.01677808327327,138.1536544260958,141.01677808327327,138.1536544260958
2021-07-16 00:00:00,2,65.0,67.0,0,0,70.28671981833877,73.5284366773401,70.28671981833877,73.5284366773401,66.23030345271083,69.02555385023715,66.23030345271083,69.02555385023715
2021-07-16 01:00:00,2,96.0,100.0,0,0,100.61483582220039,113.36213378375162,100.61483582220039,113.36213378375162,100.61483582220039,113.36213378375162,100.61483582220039,113.36213378375162
2021-07-16 02:00:00,2,101.0,103.0,0,0,109.27292583219501,114.50524839308544,109.27292583219501,114.50524839308544,109.27292583219501,114.50524839308544,109.27292583219501,114.50524839308544
2021-07-16 03:00:00,2,107.0,114.0,0,0,106.19262579251885,113.81474444088592,106.19262579251885,113.81474444088592,106.19262579251885,113.81474444088592,106.19262579251885,113.81474444088592
2021-07-16 04:00:00,2,106.0,109.0,0,0,109.44179690175072,118.30086450585125,109.44179690175072,118.30086450585125,109.44179690175072,118.30086450585125,109.44179690175072,118.30086450585125
2021-07-16 05:00:00,2,88.0,107.0,0,0,94.60896861245742,112.84294229278642,94.60896861245742,112.84294229278642,94.60896861245742,112.84294229278642,94.60896861245742,112.84294229278642
2021-07-16 06:00:00,2,106.0,109.0,0,0,105.8419082895704,114.59530498574273,105.8419082895704,114.59530498574273,105.8419082895704,114.59530498574273,105.8419082895704,114.59530498574273
2021-07-16 07:00:00,2,135.0,157.0,0,0,133.89409855578847,155.70100978419134,133.89409855578847,155.70100978419134,133.89409855578847,155.70100978419134,133.89409855578847,155.70100978419134
2021-07-16 08:00:00,2,187.0,194.0,1,0,168.06831609582972,183.80010616864712,168.06831609582972,183.80010616864712,168.06831609582972,183.80010616864712,168.06831609582972,183.80010616864712
2021-07-16 09:00:00,2,185.0,190.0,1,0,171.64693854222625,182.04814353167816,171.64693854222625,182.04814353167816,171.64693854222625,182.04814353167816,171.64693854222625,182.04814353167816
2021-07-16 10:00:00,2,169.0,187.0,1,0,167.76559440275477,181.79161276039886,167.76559440275477,181.79161276039886,167.76559440275477,181.79161276039886,167.76559440275477,181.79161276039886
2021-07-16 11:00:00,2,188.0,197.0,1,0,166.8011457338256,180.0344125774217,166.8011457338256,180.0344125774217,166.8011457338256,180.0344125774217,166.8011457338256,180.0344125774217
2021-07-16 12:00:00,2,116.0,128.0,0,0,107.99563742389692,121.96171537156295,107.99563742389692,121.96171537156295,107.99563742389692,121.96171537156295,107.99563742389692,121.96171537156295
2021-07-16 13:00:00,2,172.0,181.0,0,0,172.2840350427867,179.4822246248106,172.2840350427867,179.4822246248106,172.2840350427867,179.4822246248106,172.2840350427867,179.4822246248106
2021-07-16 14:00:00,2,166.0,181.0,0,0,168.01338078174038,178.45088059548263,168.01338078174038,178.45088059548263,168.01338078174038,178.45088059548263,168.01338078174038,178.45088059548263
2021-07-16 15:00:00,2,158.0,189.0,1,0,156.57553286699377,171.0907982246881,156.57553286699377,171.0907982246881,156.57553286699377,171.0907982246881,156.57553286699377,171.0907982246881
2021-07-16 16:00:00,2,165.0,178.0,0,0,166.4010669664859,177.0521069283938,166.4010669664859,177.0521069283938,166.4010669664859,177.0521069283938,166.4010669664859,177.0521069283938
2021-07-16 17:00:00,2,138.0,176.0,0,0,152.24705299363762,164.54813736287963,152.24705299363762,164.54813736287963,152.24705299363762,164.54813736287963,152.24705299363762,164.54813736287963
2021-07-16 18:00:00,2,158.0,168.0,0,0,151.88014557322762,165.63886175194756,151.88014557322762,165.63886175194756,151.88014557322762,165.63886175194756,151.88014557322762,165.63886175194756
2021-07-16 19:00:00,2,136.0,146.0,0,0,139.37138384100714,146.52911810033663,139.37138384100714,146.52911810033663,139.37138384100714,146.52911810033663,139.37138384100714,146.52911810033663
2021-07-16 20:00:00,2,114.0,123.0,0,0,134.69559856217268,137.4665647545957,134.69559856217268,137.4665647545957,134.69559856217268,137.4665647545957,134.69559856217268,137.4665647545957
2021-07-16 21:00:00,2,114.0,120.0,0,0,142.11345127617193,137.98297186408536,142.11345127617193,137.98297186408536,142.11345127617193,137.98297186408536,142.11345127617193,137.98297186408536
2021-07-16 22:00:00,2,102.0,112.0,0,0,136.38128784488148,139.46543838657135,136.38128784488148,139.46543838657135,136.38128784488148,139.46543838657135,136.38128784488148,139.46543838657135
2021-07-16 23:00:00,2,101.0,118.0,0,0,143.18841962561905,141.41277953576275,143.18841962561905,141.41277953576275,143.18841962561905,141.41277953576275,143.18841962561905,141.41277953576275
2021-07-17 00:00:00,2,64.0,66.0,0,0,67.13298630058894,69.87908059389964,67.13298630058894,69.87908059389964,67.13298630058894,69.87908059389964,67.13298630058894,69.87908059389964
2021-07-17 01:00:00,2,101.0,110.0,0,0,97.33587690314204,109.4907827460149,97.33587690314204,109.4907827460149,97.33587690314204,109.4907827460149,97.33587690314204,109.4907827460149
2021-07-17 02:00:00,2,98.0,105.0,0,0,101.88804801843398,111.92670492685298,101.88804801843398,111.92670492685298,101.88804801843398,111.92670492685298,101.88804801843398,111.92670492685298
2021-07-17 03:00:00,2,94.0,102.0,0,0,105.48508450670394,113.94448883487381,105.48508450670394,113.94448883487381,105.48508450670394,113.94448883487381,105.48508450670394,113.94448883487381
2021-07-17 04:00:00,2,96.0,103.0,0,0,106.84643343823299,112.86141413700439,106.84643343823299,112.86141413700439,106.84643343823299,112.86141413700439,106.84643343823299,112.86141413700439
2021-07-17 05:00:00,2,84.0,108.0,0,0,86.16798008169404,106.29950532251881,86.16798008169404,106.29950532251881,86.16798008169404,106.29950532251881,86.16798008169404,106.29950532251881
2021-07-17 06:00:00,2,85.0,96.0,0,0,105.76223378984542,113.15836854573458,105.76223378984542,113.15836854573458,105.76223378984542,113.15836854573458,105.76223378984542,113.15836854573458
2021-07-17 07:00:00,2,57.0,88.0,0,0,117.5761887943179,132.54748498626162,117.5761887943179,132.54748498626162,61.75323611241407,87.73573034174656,61.75323611241407,87.73573034174656
2021-07-17 08:00:00,2,25.0,27.0,0,0,23.20453005200076,23.781671727553828,23.20453005200076,23.781671727553828,23.20453005200076,23.781671727553828,23.20453005200076,23.781671727553828
2021-07-17 09:00:00,2,23.0,24.0,0,0,22.947157688674572,24.06586734713579,22.947157688674572,24.06586734713579,22.947157688674572,24.06586734713579,22.947157688674572,24.06586734713579
2021-07-17 10:00:00,2,23.0,24.0,0,0,23.486076933030876,24.564548310618633,23.486076933030876,24.564548310618633,23.486076933030876,24.564548310618633,23.486076933030876,24.564548310618633
2021-07-17 11:00:00,2,24.0,27.0,0,0,23.521978050045806,25.14732292790903,23.521978050045806,25.14732292790903,23.521978050045806,25.14732292790903,23.521978050045806,25.14732292790903
2021-07-17 12:00:00,2,24.0,26.0,0,0,23.316417710479726,24.662409919919053,23.316417710479726,24.662409919919053,23.316417710479726,24.662409919919053,23.316417710479726,24.662409919919053
2021-07-17 13:00:00,2,23.0,24.0,0,0,23.07520164806043,24.55149174738986,23.07520164806043,24.55149174738986,23.07520164806043,24.55149174738986,23.07520164806043,24.55149174738986
2021-07-17 14:00:00,2,23.0,24.0,0,0,23.19378025878672,25.362540519680344,23.19378025878672,25.362540519680344,23.19378025878672,25.362540519680344,23.19378025878672,25.362540519680344
2021-07-17 15:00:00,2,25.0,28.0,0,0,23.39072871489162,24.947824612288386,23.39072871489162,24.947824612288386,23.39072871489162,24.947824612288386,23.39072871489162,24.947824612288386
2021-07-17 16:00:00,2,23.0,24.0,0,0,23.11464113268586,23.635796378607182,23.11464113268586,23.635796378607182,23.11464113268586,23.635796378607182,23.11464113268586,23.635796378607182
2021-07-17 17:00:00,2,22.0,23.0,0,0,23.308157410405858,24.277633459747385,23.308157410405858,24.277633459747385,23.308157410405858,24.277633459747385,23.308157410405858,24.277633459747385
2021-07-17 18:00:00,2,24.0,27.0,0,0,23.22913861317508,24.27779908433791,23.22913861317508,24.27779908433791,23.22913861317508,24.27779908433791,23.22913861317508,24.27779908433791
2021-07-17 19:00:00,2,23.0,23.0,0,0,23.396078209113092,24.150943702013862,23.396078209113092,24.150943702013862,23.396078209113092,24.150943702013862,23.396078209113092,24.150943702013862
2021-07-17 20:00:00,2,23.0,23.0,0,0,23.544945197709325,25.160347640034843,23.544945197709325,25.160347640034843,23.544945197709325,25.160347640034843,23.544945197709325,25.160347640034843
2021-07-17 21:00:00,2,24.0,24.0,0,0,23.495385396216104,24.64750068970718,23.495385396216104,24.64750068970718,23.495385396216104,24.64750068970718,23.495385396216104,24.64750068970718
2021-07-17 22:00:00,2,25.0,28.0,0,0,23.421048491897903,24.661036242751997,23.421048491897903,24.661036242751997,23.421048491897903,24.661036242751997,23.421048491897903,24.661036242751997
2021-07-17 23:00:00,2,23.0,24.0,0,0,24.134950641338882,25.69619198736998,24.134950641338882,25.69619198736998,24.134950641338882,25.69619198736998,24.134950641338882,25.69619198736998
2021-07-18 00:00:00,2,23.0,24.0,0,1,23.332545851150357,23.874157503471174,23.332545851150357,23.874157503471174,23.332545851150357,23.874157503471174,23.332545851150357,23.874157503471174
2021-07-18 01:00:00,2,25.0,28.0,0,1,22.63796403433881,23.352975589134292,22.63796403433881,23.352975589134292,22.63796403433881,23.352975589134292,22.63796403433881,23.352975589134292
2021-07-18 02:00:00,2,23.0,24.0,0,1,22.961038046597764,24.01760632414067,22.961038046597764,24.01760632414067,22.961038046597764,24.01760632414067,22.961038046597764,24.01760632414067
2021-07-18 03:00:00,2,23.0,24.0,0,1,23.107552944352726,24.50660148743581,23.107552944352726,24.50660148743581,23.107552944352726,24.50660148743581,23.107552944352726,24.50660148743581
2021-07-18 04:00:00,2,25.0,28.0,0,1,22.8928301527681,23.88529920332344,22.8928301527681,23.88529920332344,22.8928301527681,23.88529920332344,22.8928301527681,23.88529920332344
2021-07-18 05:00:00,2,22.0,22.0,0,1,22.354773044831756,22.20600853089981,22.354773044831756,22.20600853089981,22.354773044831756,22.20600853089981,22.354773044831756,22.20600853089981
2021-07-18 06:00:00,2,23.0,23.0,0,1,22.917258590682188,24.958937132931304,22.917258590682188,24.958937132931304,22.917258590682188,24.958937132931304,22.917258590682188,24.958937132931304
2021-07-18 07:00:00,2,25.0,28.0,0,1,22.76395913393465,23.64381974659885,22.76395913393465,23.64381974659885,22.76395913393465,23.64381974659885,22.76395913393465,23.64381974659885
2021-07-18 08:00:00,2,23.0,24.0,0,1,22.58983432720103,23.93213654588206,22.58983432720103,23.93213654588206,22.58983432720103,23.93213654588206,22.58983432720103,23.93213654588206
2021-07-18 09:00:00,2,23.0,23.0,0,1,23.139728785494228,24.53515481472173,23.139728785494228,24.53515481472173,23.139728785494228,24.53515481472173,23.139728785494228,24.53515481472173
2021-07-18 10:00:00,2,23.0,23.0,0,1,23.048895875327293,24.020366851116982,23.048895875327293,24.020366851116982,23.048895875327293,24.020366851116982,23.048895875327293,24.020366851116982
2021-07-18 11:00:00,2,25.0,27.0,0,1,23.26531886278713,24.617685838280458,23.26531886278713,24.617685838280458,23.26531886278713,24.617685838280458,23.26531886278713,24.617685838280458
2021-07-18 12:00:00,2,23.0,23.0,0,1,23.054508711850467,25.3037762956044,23.054508711850467,25.3037762956044,23.054508711850467,25.3037762956044,23.054508711850467,25.3037762956044
2021-07-18 13:00:00,2,23.0,23.0,0,1,23.23995964401217,24.31607727090436,23.23995964401217,24.31607727090436,23.23995964401217,24.31607727090436,23.23995964401217,24.31607727090436
2021-07-18 14:00:00,2,25.0,27.0,0,1,23.80412522585302,24.96711575136372,23.80412522585302,24.96711575136372,23.80412522585302,24.96711575136372,23.80412522585302,24.96711575136372
2021-07-18 15:00:00,2,24.0,26.0,0,1,23.386901921070425,25.133114605454388,23.386901921070425,25.133114605454388,23.386901921070425,25.133114605454388,23.386901921070425,25.133114605454388
2021-07-18 16:00:00,2,23.0,23.0,0,1,23.590331726964845,23.77819556525676,23.590331726964845,23.77819556525676,23.590331726964845,23.77819556525676,23.590331726964845,23.77819556525676
2021-07-18 17:00:00,2,24.0,27.0,0,1,23.145692066826374,23.5664917693819,23.145692066826374,23.5664917693819,23.145692066826374,23.5664917693819,23.145692066826374,23.5664917693819
2021-07-18 18:00:00,2,24.0,25.0,0,1,22.76094925079176,23.904405469113378,22.76094925079176,23.904405469113378,22.76094925079176,23.904405469113378,22.76094925079176,23.904405469113378
2021-07-18 19:00:00,2,23.0,23.0,0,1,23.34397910722352,22.980552755882428,23.34397910722352,22.980552755882428,23.34397910722352,22.980552755882428,23.34397910722352,22.980552755882428
2021-07-18 20:00:00,2,23.0,23.0,0,1,23.302313874881136,24.190321854122892,23.302313874881136,24.190321854122892,23.302313874881136,24.190321854122892,23.302313874881136,24.190321854122892
2021-07-18 21:00:00,2,25.0,28.0,0,1,23.3674377824655,24.5628363080787,23.3674377824655,24.5628363080787,23.3674377824655,24.5628363080787,23.3674377824655,24.5628363080787
2021-07-18 22:00:00,2,24.0,24.0,0,1,23.322797724193173,25.144671728934778,23.322797724193173,25.144671728934778,23.322797724193173,25.144671728934778,23.322797724193173,25.144671728934778
2021-07-18 23:00:00,2,23.0,23.0,0,1,23.478544475688917,24.607694860266943,23.478544475688917,24.607694860266943,23.478544475688917,24.607694860266943,23.478544475688917,24.607694860266943
2021-07-19 00:00:00,2,26.0,28.0,0,0,23.105488801329958,23.757924595022644,23.105488801329958,23.757924595022644,23.105488801329958,23.757924595022644,23.105488801329958,23.757924595022644
2021-07-19 01:00:00,2,24.0,24.0,0,0,23.294566202591447,24.19778858733433,23.294566202591447,24.19778858733433,23.294566202591447,24.19778858733433,23.294566202591447,24.19778858733433
2021-07-19 02:00:00,2,23.0,24.0,0,0,23.264113694072503,23.47005351349143,23.264113694072503,23.47005351349143,23.264113694072503,23.47005351349143,23.264113694072503,23.47005351349143
2021-07-19 03:00:00,2,23.0,24.0,0,0,23.030220070235526,23.960602766722836,23.030220070235526,23.960602766722836,23.030220070235526,23.960602766722836,23.030220070235526,23.960602766722836
2021-07-19 04:00:00,2,25.0,27.0,0,0,23.204622228440794,23.404206490109836,23.204622228440794,23.404206490109836,23.204622228440794,23.404206490109836,23.204622228440794,23.404206490109836
2021-07-19 05:00:00,2,23.0,23.0,0,0,22.856613534590142,22.857124628326154,22.856613534590142,22.857124628326154,22.856613534590142,22.857124628326154,22.856613534590142,22.857124628326154
2021-07-19 06:00:00,2,23.0,23.0,0,0,22.766548106387678,23.533789686011502,22.766548106387678,23.533789686011502,22.766548106387678,23.533789686011502,22.766548106387678,23.533789686011502
2021-07-19 07:00:00,2,65.0,119.0,0,0,57.57188354801107,100.19335880519827,57.57188354801107,100.19335880519827,57.57188354801107,100.19335880519827,57.57188354801107,100.19335880519827
2021-07-19 08:00:00,2,188.0,200.0,1,0,171.99096517518927,191.4347604874001,171.99096517518927,191.4347604874001,171.99096517518927,191.4347604874001,171.99096517518927,191.4347604874001
2021-07-19 09:00:00,2,179.0,185.0,0,0,177.01355583707704,184.111579071671,177.01355583707704,184.111579071671,177.01355583707704,184.111579071671,177.01355583707704,184.111579071671
2021-07-19 10:00:00,2,185.0,209.0,1,0,172.73245822548844,185.52296292896688,172.73245822548844,185.52296292896688,172.73245822548844,185.52296292896688,172.73245822548844,185.52296292896688
2021-07-19 11:00:00,2,199.0,222.0,1,0,178.5829017837763,186.1072761409419,178.5829017837763,186.1072761409419,178.5829017837763,186.1072761409419,178.5829017837763,186.1072761409419
2021-07-19 12:00:00,2,117.0,134.0,0,0,108.8424254533006,128.7575015665065,108.8424254533006,128.7575015665065,108.8424254533006,128.7575015665065,108.8424254533006,128.7575015665065
2021-07-19 13:00:00,2,178.0,193.0,1,0,173.5437963472686,181.86256525365337,173.5437963472686,181.86256525365337,173.5437963472686,181.86256525365337,173.5437963472686,181.86256525365337
2021-07-19 14:00:00,2,178.0,190.0,1,0,171.8267529750581,181.73713061531143,171.8267529750581,181.73713061531143,171.8267529750581,181.73713061531143,171.8267529750581,181.73713061531143
2021-07-19 15:00:00,2,169.0,201.0,1,0,162.83104596915535,175.0276998423747,162.83104596915535,175.0276998423747,162.83104596915535,175.0276998423747,162.83104596915535,175.0276998423747
2021-07-19 16:00:00,2,183.0,187.0,1,0,163.12946560916384,171.77511751187618,163.12946560916384,171.77511751187618,163.12946560916384,171.77511751187618,163.12946560916384,171.77511751187618
2021-07-19 17:00:00,2,149.0,190.0,1,0,125.84507281090433,159.82750669626822,125.84507281090433,159.82750669626822,125.84507281090433,159.82750669626822,125.84507281090433,159.82750669626822
2021-07-19 18:00:00,2,171.0,188.0,1,0,156.6833638460317,163.11520801204003,156.6833638460317,163.11520801204003,156.6833638460317,163.11520801204003,156.6833638460317,163.11520801204003
2021-07-19 19:00:00,2,151.0,162.0,0,0,149.43271268813174,158.55108694921225,149.43271268813174,158.55108694921225,149.43271268813174,158.55108694921225,149.43271268813174,158.55108694921225
2021-07-19 20:00:00,2,127.0,136.0,0,0,119.07051914046778,121.54177377196264,119.07051914046778,121.54177377196264,119.07051914046778,121.54177377196264,119.07051914046778,121.54177377196264
2021-07-19 21:00:00,2,124.0,129.0,0,0,119.18791877988794,121.92173880644495,119.18791877988794,121.92173880644495,119.18791877988794,121.92173880644495,119.18791877988794,121.92173880644495
2021-07-19 22:00:00,2,106.0,114.0,0,0,110.60540589098525,116.45898341889487,110.60540589098525,116.45898341889487,110.60540589098525,116.45898341889487,110.60540589098525,116.45898341889487
2021-07-19 23:00:00,2,110.0,120.0,0,0,105.19306879998096,114.62228297655366,105.19306879998096,114.62228297655366,105.19306879998096,114.62228297655366,105.19306879998096,114.62228297655366
2021-07-20 00:00:00,2,71.0,76.0,0,0,69.13620945493938,69.0107511904744,69.13620945493938,69.0107511904744,65.06181738274047,66.88526139306346,65.06181738274047,66.88526139306346
2021-07-20 01:00:00,2,100.0,112.0,0,0,103.47097958524904,116.63685201200201,103.47097958524904,116.63685201200201,103.47097958524904,116.63685201200201,103.47097958524904,116.63685201200201
2021-07-20 02:00:00,2,103.0,106.0,0,0,107.74752283458443,118.48468937987887,107.74752283458443,118.48468937987887,107.74752283458443,118.48468937987887,107.74752283458443,118.48468937987887
2021-07-20 03:00:00,2,105.0,116.0,0,0,108.33586249469546,117.5185391698371,108.33586249469546,117.5185391698371,108.33586249469546,117.5185391698371,108.33586249469546,117.5185391698371
2021-07-20 04:00:00,2,107.0,110.0,0,0,109.21919758035033,117.63530109304378,109.21919758035033,117.63530109304378,109.21919758035033,117.63530109304378,109.21919758035033,117.63530109304378
2021-07-20 05:00:00,2,91.0,106.0,0,0,134.19389237139154,150.1667879313646,134.19389237139154,150.1667879313646,134.19389237139154,150.1667879313646,134.19389237139154,150.1667879313646
2021-07-20 06:00:00,2,110.0,117.0,0,0,111.30419324280066,120.45631267436153,111.30419324280066,120.45631267436153,111.30419324280066,120.45631267436153,111.30419324280066,120.45631267436153
2021-07-20 07:00:00,2,133.0,148.0,0,0,119.10697629377657,144.8703201148514,119.10697629377657,144.8703201148514,119.10697629377657,144.8703201148514,119.10697629377657,144.8703201148514
2021-07-20 08:00:00,2,188.0,201.0,1,0,166.5897850052403,178.8488297481624,166.5897850052403,178.8488297481624,166.5897850052403,178.8488297481624,166.5897850052403,178.8488297481624
2021-07-20 09:00:00,2,191.0,200.0,1,0,157.74361801729714,174.84934262649466,157.74361801729714,174.84934262649466,157.74361801729714,174.84934262649466,157.74361801729714,174.84934262649466
2021-07-20 10:00:00,2,189.0,197.0,1,0,152.77365756305025,178.93108355199922,152.77365756305025,178.93108355199922,152.77365756305025,178.93108355199922,152.77365756305025,178.93108355199922
2021-07-20 11:00:00,2,190.0,192.0,1,0,153.64012317087838,176.33843742629068,153.64012317087838,176.33843742629068,153.64012317087838,176.33843742629068,153.64012317087838,176.33843742629068
2021-07-20 12:00:00,2,121.0,142.0,0,0,108.27693191432003,128.1667368263344,108.27693191432003,128.1667368263344,108.27693191432003,128.1667368263344,108.27693191432003,128.1667368263344
2021-07-20 13:00:00,2,178.0,194.0,1,0,156.2179219830728,173.68698945489444,156.2179219830728,173.68698945489444,156.2179219830728,173.68698945489444,156.2179219830728,173.68698945489444
2021-07-20 14:00:00,2,187.0,192.0,1,0,163.1341270239875,177.5037145258381,163.1341270239875,177.5037145258381,163.1341270239875,177.5037145258381,163.1341270239875,177.5037145258381
2021-07-20 15:00:00,2,167.0,199.0,1,0,160.66126590448286,173.82640612942507,160.66126590448286,173.82640612942507,160.66126590448286,173.82640612942507,160.66126590448286,173.82640612942507
2021-07-20 16:00:00,2,185.0,201.0,1,0,164.7702255549914,173.95979504579662,164.7702255549914,173.95979504579662,164.7702255549914,173.95979504579662,164.7702255549914,173.95979504579662
2021-07-20 17:00:00,2,132.0,159.0,0,0,141.30956227305845,158.50143406916155,141.30956227305845,158.50143406916155,141.30956227305845,158.50143406916155,141.30956227305845,158.50143406916155
2021-07-20 18:00:00,2,175.0,182.0,0,0,158.83068710003496,168.18224865835901,158.83068710003496,168.18224865835901,158.83068710003496,168.18224865835901,158.83068710003496,168.18224865835901
2021-07-20 19:00:00,2,170.0,176.0,0,0,151.04720122690438,166.69914745462324,151.04720122690438,166.69914745462324,151.04720122690438,166.69914745462324,151.04720122690438,166.69914745462324
2021-07-20 20:00:00,2,127.0,132.0,0,0,145.20799762646985,153.9736576000568,145.20799762646985,153.9736576000568,145.20799762646985,153.9736576000568,145.20799762646985,153.9736576000568
2021-07-20 21:00:00,2,130.0,137.0,0,0,146.1622259765097,153.28818804581715,146.1622259765097,153.28818804581715,146.1622259765097,153.28818804581715,146.1622259765097,153.28818804581715
2021-07-20 22:00:00,2,112.0,121.0,0,0,144.70298356763564,152.56458028217378,144.70298356763564,152.56458028217378,144.70298356763564,152.56458028217378,144.70298356763564,152.56458028217378
2021-07-20 23:00:00,2,109.0,117.0,0,0,149.3614224314026,155.10089121405707,149.3614224314026,155.10089121405707,149.3614224314026,155.10089121405707,149.3614224314026,155.10089121405707
2021-07-21 00:00:00,3,78.0,85.0,0,0,72.01086212227862,76.97977875031029,72.01086212227862,76.97977875031029,66.24676345016663,69.47418774724383,66.24676345016663,69.47418774724383
2021-07-21 01:00:00,3,107.0,113.0,0,0,103.89755967493902,114.13346562290309,103.89755967493902,114.13346562290309,103.89755967493902,114.13346562290309,103.89755967493902,114.13346562290309
2021-07-21 02:00:00,3,100.0,108.0,0,0,104.36699057220395,110.59818736122179,104.36699057220395,110.59818736122179,104.36699057220395,110.59818736122179,104.36699057220395,110.59818736122179
2021-07-21 03:00:00,3,102.0,111.0,0,0,103.7696150552127,117.02385880376133,103.7696150552127,117.02385880376133,103.7696150552127,117.02385880376133,103.7696150552127,117.02385880376133
2021-07-21 04:00:00,3,107.0,117.0,0,0,102.90710566866191,108.9452197403372,102.90710566866191,108.9452197403372,102.90710566866191,108.9452197403372,102.90710566866191,108.9452197403372
2021-07-21 05:00:00,3,94.0,111.0,0,0,89.08713832096326,111.48784852230358,89.08713832096326,111.48784852230358,89.08713832096326,111.48784852230358,89.08713832096326,111.48784852230358
2021-07-21 06:00:00,3,106.0,110.0,0,0,107.96163257039377,115.95510445878982,107.96163257039377,115.95510445878982,107.96163257039377,115.95510445878982,107.96163257039377,115.95510445878982
2021-07-21 07:00:00,3,128.0,149.0,0,0,130.9978521642064,152.35713143916044,130.9978521642064,152.35713143916044,130.9978521642064,152.35713143916044,130.9978521642064,152.35713143916044
2021-07-21 08:00:00,3,193.0,209.0,1,0,178.60272325073043,188.2714369896785,178.60272325073043,188.2714369896785,178.60272325073043,188.2714369896785,178.60272325073043,188.2714369896785
2021-07-21 09:00:00,3,204.0,214.0,1,0,171.61004448752237,179.9334633442568,171.61004448752237,179.9334633442568,171.61004448752237,179.9334633442568,171.61004448752237,179.9334633442568
2021-07-21 10:00:00,3,179.0,197.0,1,0,174.0601647980711,182.72847077098265,174.0601647980711,182.72847077098265,174.0601647980711,182.72847077098265,174.0601647980711,182.72847077098265
2021-07-21 11:00:00,3,197.0,206.0,1,0,173.02244080289364,181.0010312871354,173.02244080289364,181.0010312871354,173.02244080289364,181.0010312871354,173.02244080289364,181.0010312871354
2021-07-21 12:00:00,3,128.0,150.0,0,0,111.94408501153194,116.36099267946283,111.94408501153194,116.36099267946283,111.94408501153194,116.36099267946283,111.94408501153194,116.36099267946283
2021-07-21 13:00:00,3,189.0,204.0,1,0,169.0926281412756,178.90251811596093,169.0926281412756,178.90251811596093,169.0926281412756,178.90251811596093,169.0926281412756,178.90251811596093
2021-07-21 14:00:00,3,199.0,203.0,1,0,174.09396946689856,181.12576726123265,174.09396946689856,181.12576726123265,174.09396946689856,181.12576726123265,174.09396946689856,181.12576726123265
2021-07-21 15:00:00,3,171.0,199.0,1,0,145.83918164828802,150.39783420674829,145.83918164828802,150.39783420674829,145.83918164828802,150.39783420674829,145.83918164828802,150.39783420674829
2021-07-21 16:00:00,3,182.0,189.0,1,0,169.18434311838922,176.6192559617925,169.18434311838922,176.6192559617925,169.18434311838922,176.6192559617925,169.18434311838922,176.6192559617925
2021-07-21 17:00:00,3,138.0,153.0,0,0,138.24054521395038,177.4074547352713,138.24054521395038,177.4074547352713,138.24054521395038,177.4074547352713,138.24054521395038,177.4074547352713
2021-07-21 18:00:00,3,162.0,168.0,0,0,161.1998620854098,166.6362714865841,161.1998620854098,166.6362714865841,161.1998620854098,166.6362714865841,161.1998620854098,166.6362714865841
2021-07-21 19:00:00,3,162.0,174.0,0,0,143.32297072654342,153.03444161644745,143.32297072654342,153.03444161644745,143.32297072654342,153.03444161644745,143.32297072654342,153.03444161644745
2021-07-21 20:00:00,3,131.0,138.0,0,0,117.61844664369104,119.49737296276474,117.61844664369104,119.49737296276474,117.61844664369104,119.49737296276474,117.61844664369104,119.49737296276474
2021-07-21 21:00:00,3,117.0,118.0,0,0,115.689790660563,120.44602248251338,115.689790660563,120.44602248251338,115.689790660563,120.44602248251338,115.689790660563,120.44602248251338
2021-07-21 22:00:00,3,104.0,114.0,0,0,109.64075561711442,117.59186177855821,109.64075561711442,117.59186177855821,109.64075561711442,117.59186177855821,109.64075561711442,117.59186177855821
2021-07-21 23:00:00,3,103.0,111.0,0,0,105.31879653026792,113.54780456200945,105.31879653026792,113.54780456200945,105.31879653026792,113.54780456200945,105.31879653026792,113.54780456200945
2021-07-22 00:00:00,3,71.0,73.0,0,0,77.02078342365796,81.45845795753179,77.02078342365796,81.45845795753179,77.02078342365796,81.45845795753179,77.02078342365796,81.45845795753179
2021-07-22 01:00:00,3,99.0,106.0,0,0,102.79302332238032,114.50745563959869,102.79302332238032,114.50745563959869,102.79302332238032,114.50745563959869,102.79302332238032,114.50745563959869
2021-07-22 02:00:00,3,103.0,111.0,0,0,106.60439189898463,113.3307948987602,106.60439189898463,113.3307948987602,106.60439189898463,113.3307948987602,106.60439189898463,113.3307948987602
2021-07-22 03:00:00,3,100.0,105.0,0,0,105.96839084338794,112.36363282794098,105.96839084338794,112.36363282794098,105.96839084338794,112.36363282794098,105.96839084338794,112.36363282794098
2021-07-22 04:00:00,3,105.0,108.0,0,0,104.93854163589162,113.29539868181523,104.93854163589162,113.29539868181523,104.93854163589162,113.29539868181523,104.93854163589162,113.29539868181523
2021-07-22 05:00:00,3,86.0,103.0,0,0,95.39764016611953,112.64384909947692,95.39764016611953,112.64384909947692,95.39764016611953,112.64384909947692,95.39764016611953,112.64384909947692
2021-07-22 06:00:00,3,106.0,109.0,0,0,110.24201114339853,112.87318908436059,110.24201114339853,112.87318908436059,110.24201114339853,112.87318908436059,110.24201114339853,112.87318908436059
2021-07-22 07:00:00,3,122.0,146.0,0,0,120.6145401734874,140.6633712782108,120.6145401734874,140.6633712782108,120.6145401734874,140.6633712782108,120.6145401734874,140.6633712782108
2021-07-22 08:00:00,3,197.0,213.0,1,0,160.50293416911876,178.87748890697213,160.50293416911876,178.87748890697213,160.50293416911876,178.87748890697213,160.50293416911876,178.87748890697213
2021-07-22 09:00:00,3,192.0,197.0,1,0,146.25933042400956,167.29736363263362,146.25933042400956,167.29736363263362,146.25933042400956,167.29736363263362,146.25933042400956,167.29736363263362
2021-07-22 10:00:00,3,180.0,192.0,1,0,145.45762876705794,166.59602730251487,145.45762876705794,166.59602730251487,145.45762876705794,166.59602730251487,145.45762876705794,166.59602730251487
2021-07-22 11:00:00,3,186.0,192.0,1,0,153.57572492895056,178.031795134527,153.57572492895056,178.031795134527,153.57572492895056,178.031795134527,153.57572492895056,178.031795134527
2021-07-22 12:00:00,3,104.0,119.0,0,0,121.94279621457346,125.20510223495604,121.94279621457346,125.20510223495604,121.94279621457346,125.20510223495604,121.94279621457346,125.20510223495604
2021-07-22 13:00:00,3,171.0,177.0,0,0,145.10577931732988,168.09457600654852,145.10577931732988,168.09457600654852,145.10577931732988,168.09457600654852,145.10577931732988,168.09457600654852
2021-07-22 14:00:00,3,182.0,189.0,1,0,161.152800591807,176.16169194656987,161.152800591807,176.16169194656987,161.152800591807,176.16169194656987,161.152800591807,176.16169194656987
2021-07-22 15:00:00,3,164.0,182.0,0,0,159.71157469303085,173.86592855919758,159.71157469303085,173.86592855919758,159.71157469303085,173.86592855919758,159.71157469303085,173.86592855919758
2021-07-22 16:00:00,3,165.0,172.0,0,0,163.25659594144142,176.49173203859763,163.25659594144142,176.49173203859763,163.25659594144142,176.49173203859763,163.25659594144142,176.49173203859763
2021-07-22 17:00:00,3,124.0,155.0,0,0,148.86863286748272,166.37458297529471,148.86863286748272,166.37458297529471,148.86863286748272,166.37458297529471,148.86863286748272,166.37458297529471
2021-07-22 18:00:00,3,164.0,169.0,0,0,162.48161844260724,164.4207883898894,162.48161844260724,164.4207883898894,162.48161844260724,164.4207883898894,162.48161844260724,164.4207883898894
2021-07-22 19:00:00,3,154.0,163.0,0,0,149.9280250064794,155.58838294582853,149.9280250064794,155.58838294582853,149.9280250064794,155.58838294582853,149.9280250064794,155.58838294582853
2021-07-22 20:00:00,3,132.0,138.0,0,0,142.67933694243277,143.41438072262608,142.67933694243277,143.41438072262608,142.67933694243277,143.41438072262608,142.67933694243277,143.41438072262608
2021-07-22 21:00:00,3,120.0,123.0,0,0,149.44160706945527,145.96212881031406,149.44160706945527,145.96212881031406,149.44160706945527,145.96212881031406,149.44160706945527,145.96212881031406
2021-07-22 22:00:00,3,115.0,122.0,0,0,153.52613827074606,145.0111656594077,153.52613827074606,145.0111656594077,153.52613827074606,145.0111656594077,153.52613827074606,145.0111656594077
2021-07-22 23:00:00,3,107.0,114.0,0,0,146.48825910693586,141.83712720139184,146.48825910693586,141.83712720139184,146.48825910693586,141.83712720139184,146.48825910693586,141.83712720139184
2021-07-23 00:00:00,3,78.0,87.0,0,0,75.77323207696963,79.73551850519377,75.77323207696963,79.73551850519377,75.77323207696963,79.73551850519377,75.77323207696963,79.73551850519377
2021-07-23 01:00:00,3,105.0,111.0,0,0,95.39672713371112,109.04806500781064,95.39672713371112,109.04806500781064,95.39672713371112,109.04806500781064,95.39672713371112,109.04806500781064
2021-07-23 02:00:00,3,105.0,110.0,0,0,104.34315284263363,110.39580795985307,104.34315284263363,110.39580795985307,104.34315284263363,110.39580795985307,104.34315284263363,110.39580795985307
2021-07-23 03:00:00,3,102.0,109.0,0,0,102.49763965714708,111.09391333473619,102.49763965714708,111.09391333473619,102.49763965714708,111.09391333473619,102.49763965714708,111.09391333473619
2021-07-23 04:00:00,3,99.0,101.0,0,0,106.56338347581026,109.7396941210634,106.56338347581026,109.7396941210634,106.56338347581026,109.7396941210634,106.56338347581026,109.7396941210634
2021-07-23 05:00:00,3,89.0,99.0,0,0,91.79412055020293,108.03339867697233,91.79412055020293,108.03339867697233,91.79412055020293,108.03339867697233,91.79412055020293,108.03339867697233
2021-07-23 06:00:00,3,103.0,105.0,0,0,107.66223868414204,109.46547557551648,107.66223868414204,109.46547557551648,107.66223868414204,109.46547557551648,107.66223868414204,109.46547557551648
2021-07-23 07:00:00,3,122.0,144.0,0,0,123.94615676189753,146.42803562639565,123.94615676189753,146.42803562639565,123.94615676189753,146.42803562639565,123.94615676189753,146.42803562639565
2021-07-23 08:00:00,3,191.0,202.0,1,0,169.7952241596758,185.24123903415048,169.7952241596758,185.24123903415048,169.7952241596758,185.24123903415048,169.7952241596758,185.24123903415048
2021-07-23 09:00:00,3,185.0,190.0,1,0,168.30313088686577,183.62575721061128,168.30313088686577,183.62575721061128,168.30313088686577,183.62575721061128,168.30313088686577,183.62575721061128
2021-07-23 10:00:00,3,179.0,189.0,1,0,172.69797030782328,186.5299370480091,172.69797030782328,186.5299370480091,172.69797030782328,186.5299370480091,172.69797030782328,186.5299370480091
2021-07-23 11:00:00,3,188.0,199.0,1,0,174.4561809670565,181.34996255621442,174.4561809670565,181.34996255621442,174.4561809670565,181.34996255621442,174.4561809670565,181.34996255621442
2021-07-23 12:00:00,3,113.0,125.0,0,0,118.81204036136357,120.35765078668913,118.81204036136357,120.35765078668913,118.81204036136357,120.35765078668913,118.81204036136357,120.35765078668913
2021-07-23 13:00:00,3,180.0,192.0,1,0,171.95256883553583,184.45676552321777,171.95256883553583,184.45676552321777,171.95256883553583,184.45676552321777,171.95256883553583,184.45676552321777
2021-07-23 14:00:00,3,184.0,190.0,1,0,170.46822312547258,182.2443528674334,170.46822312547258,182.2443528674334,170.46822312547258,182.2443528674334,170.46822312547258,182.2443528674334
2021-07-23 15:00:00,3,175.0,206.0,1,0,158.7522118653319,178.77143590736,158.7522118653319,178.77143590736,158.7522118653319,178.77143590736,158.7522118653319,178.77143590736
2021-07-23 16:00:00,3,189.0,197.0,1,0,158.33410281962153,176.836232504461,158.33410281962153,176.836232504461,158.33410281962153,176.836232504461,158.33410281962153,176.836232504461
2021-07-23 17:00:00,3,138.0,178.0,0,0,127.3295769948202,163.8917498153919,127.3295769948202,163.8917498153919,127.3295769948202,163.8917498153919,127.3295769948202,163.8917498153919
2021-07-23 18:00:00,3,175.0,176.0,0,0,153.86188681529967,165.216195651526,153.86188681529967,165.216195651526,153.86188681529967,165.216195651526,153.86188681529967,165.216195651526
2021-07-23 19:00:00,3,145.0,165.0,0,0,141.3487617440437,154.77170511321015,141.3487617440437,154.77170511321015,141.3487617440437,154.77170511321015,141.3487617440437,154.77170511321015
2021-07-23 20:00:00,3,111.0,115.0,0,0,114.89978121084752,121.31156258808485,114.89978121084752,121.31156258808485,114.89978121084752,121.31156258808485,114.89978121084752,121.31156258808485
2021-07-23 21:00:00,3,107.0,110.0,0,0,113.31827810312983,117.76667913905747,113.31827810312983,117.76667913905747,113.31827810312983,117.76667913905747,113.31827810312983,117.76667913905747
2021-07-23 22:00:00,3,100.0,107.0,0,0,105.318421715968,116.04010795661324,105.318421715968,116.04010795661324,105.318421715968,116.04010795661324,105.318421715968,116.04010795661324
2021-07-23 23:00:00,3,102.0,111.0,0,0,102.24457747676611,116.94357852564778,102.24457747676611,116.94357852564778,102.24457747676611,116.94357852564778,102.24457747676611,116.94357852564778
2021-07-24 00:00:00,3,68.0,72.0,0,0,65.07411872727921,70.63997890865846,65.07411872727921,70.63997890865846,65.07411872727921,70.63997890865846,65.07411872727921,70.63997890865846
2021-07-24 01:00:00,3,96.0,101.0,0,0,103.0866183977555,108.33675406026694,103.0866183977555,108.33675406026694,103.0866183977555,108.33675406026694,103.0866183977555,108.33675406026694
2021-07-24 02:00:00,3,95.0,100.0,0,0,101.88447922328635,105.10951145547378,101.88447922328635,105.10951145547378,101.88447922328635,105.10951145547378,101.88447922328635,105.10951145547378
2021-07-24 03:00:00,3,93.0,104.0,0,0,97.06785607733016,106.43021739049155,97.06785607733016,106.43021739049155,97.06785607733016,106.43021739049155,97.06785607733016,106.43021739049155
2021-07-24 04:00:00,3,97.0,100.0,0,0,98.25667490161165,106.94258947710091,98.25667490161165,106.94258947710091,98.25667490161165,106.94258947710091,98.25667490161165,106.94258947710091
2021-07-24 05:00:00,3,81.0,91.0,0,0,89.6336250662853,105.10490091573166,89.6336250662853,105.10490091573166,89.6336250662853,105.10490091573166,89.6336250662853,105.10490091573166
2021-07-24 06:00:00,3,95.0,98.0,0,0,100.79055664422972,108.62407624367307,100.79055664422972,108.62407624367307,100.79055664422972,108.62407624367307,100.79055664422972,108.62407624367307
2021-07-24 07:00:00,3,61.0,81.0,0,0,110.78197603292817,129.8076378602172,110.78197603292817,129.8076378602172,60.34902607102354,83.97288933227169,60.34902607102354,83.97288933227169
2021-07-24 08:00:00,3,25.0,28.0,0,0,22.529709036881606,22.913564070586354,22.529709036881606,22.913564070586354,22.529709036881606,22.913564070586354,22.529709036881606,22.913564070586354
2021-07-24 09:00:00,3,24.0,24.0,0,0,22.726992062760736,22.86739125523959,22.726992062760736,22.86739125523959,22.726992062760736,22.86739125523959,22.726992062760736,22.86739125523959
2021-07-24 10:00:00,3,24.0,24.0,0,0,22.866902186069048,23.126006260086214,22.866902186069048,23.126006260086214,22.866902186069048,23.126006260086214,22.866902186069048,23.126006260086214
2021-07-24 11:00:00,3,27.0,29.0,0,0,22.509219397264427,22.47089263055235,22.509219397264427,22.47089263055235,22.509219397264427,22.47089263055235,22.509219397264427,22.47089263055235
2021-07-24 12:00:00,3,23.0,24.0,0,0,22.7679365982159,22.75868340336877,22.7679365982159,22.75868340336877,22.7679365982159,22.75868340336877,22.7679365982159,22.75868340336877
2021-07-24 13:00:00,3,24.0,24.0,0,0,22.690996520468055,22.568577834799193,22.690996520468055,22.568577834799193,22.690996520468055,22.568577834799193,22.690996520468055,22.568577834799193
2021-07-24 14:00:00,3,24.0,24.0,0,0,22.774761359203055,23.24855224368421,22.774761359203055,23.24855224368421,22.774761359203055,23.24855224368421,22.774761359203055,23.24855224368421
2021-07-24 15:00:00,3,26.0,28.0,0,0,22.523703194450167,22.56594208590825,22.523703194450167,22.56594208590825,22.523703194450167,22.56594208590825,22.523703194450167,22.56594208590825
2021-07-24 16:00:00,3,24.0,25.0,0,0,22.584572715907246,22.39338612523666,22.584572715907246,22.39338612523666,22.584572715907246,22.39338612523666,22.584572715907246,22.39338612523666
2021-07-24 17:00:00,3,24.0,24.0,0,0,23.156179738140384,23.45602117380694,23.156179738140384,23.45602117380694,23.156179738140384,23.45602117380694,23.156179738140384,23.45602117380694
2021-07-24 18:00:00,3,25.0,29.0,0,0,21.852930353000797,21.864240020741907,21.852930353000797,21.864240020741907,21.852930353000797,21.864240020741907,21.852930353000797,21.864240020741907
2021-07-24 19:00:00,3,25.0,28.0,0,0,22.303117440092596,23.402304761968526,22.303117440092596,23.402304761968526,22.303117440092596,23.402304761968526,22.303117440092596,23.402304761968526
2021-07-24 20:00:00,3,24.0,25.0,0,0,22.747762745001857,23.813819564837313,22.747762745001857,23.813819564837313,22.747762745001857,23.813819564837313,22.747762745001857,23.813819564837313
2021-07-24 21:00:00,3,25.0,25.0,0,0,23.111697779000657,23.497494364147386,23.111697779000657,23.497494364147386,23.111697779000657,23.497494364147386,23.111697779000657,23.497494364147386
2021-07-24 22:00:00,3,26.0,28.0,0,0,22.644478567237556,22.74701157569731,22.644478567237556,22.74701157569731,22.644478567237556,22.74701157569731,22.644478567237556,22.74701157569731
2021-07-24 23:00:00,3,24.0,24.0,0,0,23.027469233248524,23.21946527172894,23.027469233248524,23.21946527172894,23.027469233248524,23.21946527172894,23.027469233248524,23.21946527172894
2021-07-25 00:00:00,3,24.0,24.0,0,1,21.978994267741854,22.614172963667517,21.978994267741854,22.614172963667517,21.978994267741854,22.614172963667517,21.978994267741854,22.614172963667517
2021-07-25 01:00:00,3,25.0,26.0,0,1,22.167176280073896,23.214679085246882,22.167176280073896,23.214679085246882,22.167176280073896,23.214679085246882,22.167176280073896,23.214679085246882
2021-07-25 02:00:00,3,25.0,29.0,0,1,22.02969763266761,22.89360575797259,22.02969763266761,22.89360575797259,22.02969763266761,22.89360575797259,22.02969763266761,22.89360575797259
2021-07-25 03:00:00,3,24.0,26.0,0,1,22.174618665952657,23.278839404421664,22.174618665952657,23.278839404421664,22.174618665952657,23.278839404421664,22.174618665952657,23.278839404421664
2021-07-25 04:00:00,3,24.0,24.0,0,1,22.71475991230372,23.719811964464878,22.71475991230372,23.719811964464878,22.71475991230372,23.719811964464878,22.71475991230372,23.719811964464878
2021-07-25 05:00:00,3,26.0,28.0,0,1,22.46880327813851,23.323139660378484,22.46880327813851,23.323139660378484,22.46880327813851,23.323139660378484,22.46880327813851,23.323139660378484
2021-07-25 06:00:00,3,24.0,24.0,0,1,21.696248889151175,22.59017428142735,21.696248889151175,22.59017428142735,21.696248889151175,22.59017428142735,21.696248889151175,22.59017428142735
2021-07-25 07:00:00,3,24.0,24.0,0,1,22.15538727354562,23.14630243549804,22.15538727354562,23.14630243549804,22.15538727354562,23.14630243549804,22.15538727354562,23.14630243549804
2021-07-25 08:00:00,3,24.0,24.0,0,1,22.16998408424234,23.10674896414494,22.16998408424234,23.10674896414494,22.16998408424234,23.10674896414494,22.16998408424234,23.10674896414494
2021-07-25 09:00:00,3,26.0,29.0,0,1,21.86052583829429,22.82835848437753,21.86052583829429,22.82835848437753,21.86052583829429,22.82835848437753,21.86052583829429,22.82835848437753
2021-07-25 10:00:00,3,24.0,24.0,0,1,22.084421736304822,23.72190890880229,22.084421736304822,23.72190890880229,22.084421736304822,23.72190890880229,22.084421736304822,23.72190890880229
2021-07-25 11:00:00,3,24.0,24.0,0,1,22.553711818514454,23.761043230181205,22.553711818514454,23.761043230181205,22.553711818514454,23.761043230181205,22.553711818514454,23.761043230181205
2021-07-25 12:00:00,3,26.0,28.0,0,1,22.464236207300722,24.156955678005627,22.464236207300722,24.156955678005627,22.464236207300722,24.156955678005627,22.464236207300722,24.156955678005627
2021-07-25 13:00:00,3,24.0,24.0,0,1,22.142851172356096,23.63411149111632,22.142851172356096,23.63411149111632,22.142851172356096,23.63411149111632,22.142851172356096,23.63411149111632
2021-07-25 14:00:00,3,24.0,25.0,0,1,22.956304330415836,24.790235222653074,22.956304330415836,24.790235222653074,22.956304330415836,24.790235222653074,22.956304330415836,24.790235222653074
2021-07-25 15:00:00,3,25.0,25.0,0,1,22.528032533128492,23.784616099801376,22.528032533128492,23.784616099801376,22.528032533128492,23.784616099801376,22.528032533128492,23.784616099801376
2021-07-25 16:00:00,3,26.0,29.0,0,1,22.376784858487913,23.172266233526308,22.376784858487913,23.172266233526308,22.376784858487913,23.172266233526308,22.376784858487913,23.172266233526308
2021-07-25 17:00:00,3,24.0,24.0,0,1,22.66255221181411,23.931079995277564,22.66255221181411,23.931079995277564,22.66255221181411,23.931079995277564,22.66255221181411,23.931079995277564
2021-07-25 18:00:00,3,23.0,24.0,0,1,22.51019131444053,23.509186531137654,22.51019131444053,23.509186531137654,22.51019131444053,23.509186531137654,22.51019131444053,23.509186531137654
2021-07-25 19:00:00,3,25.0,28.0,0,1,22.0082354770986,23.050461777589618,22.0082354770986,23.050461777589618,22.0082354770986,23.050461777589618,22.0082354770986,23.050461777589618
2021-07-25 20:00:00,3,24.0,24.0,0,1,22.316829054389807,22.928844417699317,22.316829054389807,22.928844417699317,22.316829054389807,22.928844417699317,22.316829054389807,22.928844417699317
2021-07-25 21:00:00,3,24.0,24.0,0,1,22.803655170215983,24.165098104715373,22.803655170215983,24.165098104715373,22.803655170215983,24.165098104715373,22.803655170215983,24.165098104715373
2021-07-25 22:00:00,3,24.0,24.0,0,1,22.604287044492235,23.04361150781752,22.604287044492235,23.04361150781752,22.604287044492235,23.04361150781752,22.604287044492235,23.04361150781752
2021-07-25 23:00:00,3,26.0,28.0,0,1,22.274654567979937,23.362575559950816,22.274654567979937,23.362575559950816,22.274654567979937,23.362575559950816,22.274654567979937,23.362575559950816
2021-07-26 00:00:00,3,24.0,24.0,0,0,22.99482551741942,24.098323374295788,22.99482551741942,24.098323374295788,22.99482551741942,24.098323374295788,22.99482551741942,24.098323374295788
2021-07-26 01:00:00,3,24.0,24.0,0,0,22.390489403423135,22.960527541689135,22.390489403423135,22.960527541689135,22.390489403423135,22.960527541689135,22.390489403423135,22.960527541689135
2021-07-26 02:00:00,3,25.0,27.0,0,0,22.340871435860834,22.884418454058217,22.340871435860834,22.884418454058217,22.340871435860834,22.884418454058217,22.340871435860834,22.884418454058217
2021-07-26 03:00:00,3,25.0,27.0,0,0,22.3053863960234,23.027621248581934,22.3053863960234,23.027621248581934,22.3053863960234,23.027621248581934,22.3053863960234,23.027621248581934
2021-07-26 04:00:00,3,24.0,24.0,0,0,22.801636216782548,23.525470901973573,22.801636216782548,23.525470901973573,22.801636216782548,23.525470901973573,22.801636216782548,23.525470901973573
2021-07-26 05:00:00,3,24.0,24.0,0,0,22.04956893991251,22.556751510963124,22.04956893991251,22.556751510963124,22.04956893991251,22.556751510963124,22.04956893991251,22.556751510963124
2021-07-26 06:00:00,3,26.0,27.0,0,0,22.143533969369052,23.327800652848474,22.143533969369052,23.327800652848474,22.143533969369052,23.327800652848474,22.143533969369052,23.327800652848474
2021-07-26 07:00:00,3,71.0,127.0,0,0,58.547626532116546,100.89261595206001,58.547626532116546,100.89261595206001,58.547626532116546,100.89261595206001,58.547626532116546,100.89261595206001
2021-07-26 08:00:00,3,198.0,217.0,1,0,178.93316141042538,191.85011882013399,178.93316141042538,191.85011882013399,178.93316141042538,191.85011882013399,178.93316141042538,191.85011882013399
2021-07-26 09:00:00,3,184.0,189.0,1,0,181.6142444877825,190.1326402279301,181.6142444877825,190.1326402279301,181.6142444877825,190.1326402279301,181.6142444877825,190.1326402279301
2021-07-26 10:00:00,3,185.0,207.0,1,0,177.44095114960768,185.8203118159999,177.44095114960768,185.8203118159999,177.44095114960768,185.8203118159999,177.44095114960768,185.8203118159999
2021-07-26 11:00:00,3,190.0,202.0,1,0,176.47667690701562,183.06656999957764,176.47667690701562,183.06656999957764,176.47667690701562,183.06656999957764,176.47667690701562,183.06656999957764
2021-07-26 12:00:00,3,113.0,130.0,0,0,113.73709525263851,131.40873488307824,113.73709525263851,131.40873488307824,113.73709525263851,131.40873488307824,113.73709525263851,131.40873488307824
2021-07-26 13:00:00,3,169.0,180.0,0,0,170.37765432302817,183.03663184094887,170.37765432302817,183.03663184094887,170.37765432302817,183.03663184094887,170.37765432302817,183.03663184094887
2021-07-26 14:00:00,3,186.0,199.0,1,0,176.64568128789696,187.53571504703407,176.64568128789696,187.53571504703407,176.64568128789696,187.53571504703407,176.64568128789696,187.53571504703407
2021-07-26 15:00:00,3,158.0,180.0,0,0,161.9898935844549,175.8355137250428,161.9898935844549,175.8355137250428,161.9898935844549,175.8355137250428,161.9898935844549,175.8355137250428
2021-07-26 16:00:00,3,169.0,177.0,0,0,170.03098254331744,181.21736527256226,170.03098254331744,181.21736527256226,170.03098254331744,181.21736527256226,170.03098254331744,181.21736527256226
2021-07-26 17:00:00,3,136.0,169.0,0,0,142.57392664654645,163.80610208723434,142.57392664654645,163.80610208723434,142.57392664654645,163.80610208723434,142.57392664654645,163.80610208723434
2021-07-26 18:00:00,3,175.0,186.0,0,0,159.1108198208087,167.5526054294217,159.1108198208087,167.5526054294217,159.1108198208087,167.5526054294217,159.1108198208087,167.5526054294217
2021-07-26 19:00:00,3,157.0,177.0,0,0,147.73609633213678,167.67564203667285,147.73609633213678,167.67564203667285,147.73609633213678,167.67564203667285,147.73609633213678,167.67564203667285
2021-07-26 20:00:00,3,102.0,103.0,0,0,119.92834992747673,131.81458219239153,119.92834992747673,131.81458219239153,119.92834992747673,131.81458219239153,119.92834992747673,131.81458219239153
2021-07-26 21:00:00,3,110.0,116.0,0,0,118.67958467442271,127.72360549483668,118.67958467442271,127.72360549483668,118.67958467442271,127.72360549483668,118.67958467442271,127.72360549483668
2021-07-26 22:00:00,3,110.0,116.0,0,0,108.61984372524681,118.85761997580846,108.61984372524681,118.85761997580846,108.61984372524681,118.85761997580846,108.61984372524681,118.85761997580846
2021-07-26 23:00:00,3,95.0,107.0,0,0,104.410517643986,116.21626740671994,104.410517643986,116.21626740671994,104.410517643986,116.21626740671994,104.410517643986,116.21626740671994
2021-07-27 00:00:00,3,68.0,70.0,0,0,66.07387612014811,67.06445646110842,66.07387612014811,67.06445646110842,66.07387612014811,67.06445646110842,66.07387612014811,67.06445646110842
2021-07-27 01:00:00,3,102.0,110.0,0,0,105.47038784045344,113.25723434831673,105.47038784045344,113.25723434831673,105.47038784045344,113.25723434831673,105.47038784045344,113.25723434831673
2021-07-27 02:00:00,3,115.0,119.0,0,0,110.07502714795223,114.68834509796838,110.07502714795223,114.68834509796838,110.07502714795223,114.68834509796838,110.07502714795223,114.68834509796838
2021-07-27 03:00:00,3,105.0,111.0,0,0,109.13651005768283,116.63045045215148,109.13651005768283,116.63045045215148,109.13651005768283,116.63045045215148,109.13651005768283,116.63045045215148
2021-07-27 04:00:00,3,108.0,114.0,0,0,109.28991457006015,115.8427366099605,109.28991457006015,115.8427366099605,109.28991457006015,115.8427366099605,109.28991457006015,115.8427366099605
2021-07-27 05:00:00,3,89.0,106.0,0,0,91.93576734284905,111.79301902218654,91.93576734284905,111.79301902218654,91.93576734284905,111.79301902218654,91.93576734284905,111.79301902218654
2021-07-27 06:00:00,3,105.0,111.0,0,0,111.52417456642755,118.12633489578025,111.52417456642755,118.12633489578025,111.52417456642755,118.12633489578025,111.52417456642755,118.12633489578025
2021-07-27 07:00:00,3,134.0,161.0,0,0,129.87822408496285,152.6747122356321,129.87822408496285,152.6747122356321,129.87822408496285,152.6747122356321,129.87822408496285,152.6747122356321
2021-07-27 08:00:00,3,194.0,207.0,1,0,169.95508903940186,179.6939748836626,169.95508903940186,179.6939748836626,169.95508903940186,179.6939748836626,169.95508903940186,179.6939748836626
2021-07-27 09:00:00,3,181.0,192.0,1,0,177.83529865114684,188.0754668149083,177.83529865114684,188.0754668149083,177.83529865114684,188.0754668149083,177.83529865114684,188.0754668149083
2021-07-27 10:00:00,3,188.0,206.0,1,0,178.54627478500626,185.31716126558263,178.54627478500626,185.31716126558263,178.54627478500626,185.31716126558263,178.54627478500626,185.31716126558263
2021-07-27 11:00:00,3,207.0,211.0,1,0,174.75822181285548,182.74731596512902,174.75822181285548,182.74731596512902,174.75822181285548,182.74731596512902,174.75822181285548,182.74731596512902
2021-07-27 12:00:00,3,110.0,124.0,0,0,115.42046495957439,134.3978287737977,115.42046495957439,134.3978287737977,115.42046495957439,134.3978287737977,115.42046495957439,134.3978287737977
2021-07-27 13:00:00,3,182.0,198.0,1,0,165.80117233087057,182.57624691114273,165.80117233087057,182.57624691114273,165.80117233087057,182.57624691114273,165.80117233087057,182.57624691114273
2021-07-27 14:00:00,3,195.0,199.0,1,0,172.98765631723984,182.34871947496853,172.98765631723984,182.34871947496853,172.98765631723984,182.34871947496853,172.98765631723984,182.34871947496853
2021-07-27 15:00:00,3,179.0,201.0,1,0,157.5850040266304,178.34890143122485,157.5850040266304,178.34890143122485,157.5850040266304,178.34890143122485,157.5850040266304,178.34890143122485
2021-07-27 16:00:00,3,186.0,187.0,1,0,160.49849615005473,175.420559110114,160.49849615005473,175.420559110114,160.49849615005473,175.420559110114,160.49849615005473,175.420559110114
2021-07-27 17:00:00,3,159.0,184.0,0,0,130.40163686420613,155.9382902159958,130.40163686420613,155.9382902159958,130.40163686420613,155.9382902159958,130.40163686420613,155.9382902159958
2021-07-27 18:00:00,3,169.0,174.0,0,0,158.35093382766576,164.52095772073645,158.35093382766576,164.52095772073645,158.35093382766576,164.52095772073645,158.35093382766576,164.52095772073645
2021-07-27 19:00:00,3,169.0,180.0,0,0,148.85351249298625,163.91209736397968,148.85351249298625,163.91209736397968,148.85351249298625,163.91209736397968,148.85351249298625,163.91209736397968
2021-07-27 20:00:00,3,144.0,147.0,0,0,124.61403363161527,129.89725448843424,124.61403363161527,129.89725448843424,124.61403363161527,129.89725448843424,124.61403363161527,129.89725448843424
2021-07-27 21:00:00,3,144.0,148.0,0,0,127.29206942390579,130.50265063819276,127.29206942390579,130.50265063819276,127.29206942390579,130.50265063819276,127.29206942390579,130.50265063819276
2021-07-27 22:00:00,3,129.0,132.0,0,0,110.9171179108129,117.27508911505433,110.9171179108129,117.27508911505433,110.9171179108129,117.27508911505433,110.9171179108129,117.27508911505433
2021-07-27 23:00:00,3,122.0,139.0,0,0,107.06165077373247,119.79653522077345,107.06165077373247,119.79653522077345,107.06165077373247,119.79653522077345,107.06165077373247,119.79653522077345
2021-07-28 00:00:00,3,88.0,91.0,0,0,73.68189985086646,78.68945015375184,73.68189985086646,78.68945015375184,73.68189985086646,78.68945015375184,73.68189985086646,78.68945015375184
2021-07-28 01:00:00,3,121.0,130.0,0,0,103.75816990506429,108.84894945149286,103.75816990506429,108.84894945149286,103.75816990506429,108.84894945149286,103.75816990506429,108.84894945149286
2021-07-28 02:00:00,3,119.0,130.0,0,0,104.09440051695466,115.43773646272929,104.09440051695466,115.43773646272929,104.09440051695466,115.43773646272929,104.09440051695466,115.43773646272929
2021-07-28 03:00:00,3,122.0,128.0,0,0,106.18679711905614,111.84131780512924,106.18679711905614,111.84131780512924,106.18679711905614,111.84131780512924,106.18679711905614,111.84131780512924
2021-07-28 04:00:00,3,119.0,123.0,0,0,106.2580331192856,113.63049899694353,106.2580331192856,113.63049899694353,106.2580331192856,113.63049899694353,106.2580331192856,113.63049899694353
2021-07-28 05:00:00,3,105.0,119.0,0,0,94.77461903889485,112.09008598387148,94.77461903889485,112.09008598387148,94.77461903889485,112.09008598387148,94.77461903889485,112.09008598387148
2021-07-28 06:00:00,3,124.0,127.0,0,0,107.38899838870583,112.21469095173039,107.38899838870583,112.21469095173039,107.38899838870583,112.21469095173039,107.38899838870583,112.21469095173039
2021-07-28 07:00:00,3,156.0,174.0,0,0,128.6710538615694,149.9084581612543,128.6710538615694,149.9084581612543,128.6710538615694,149.9084581612543,128.6710538615694,149.9084581612543
2021-07-28 08:00:00,3,198.0,204.0,1,0,174.5870341377539,184.32049258379524,174.5870341377539,184.32049258379524,174.5870341377539,184.32049258379524,174.5870341377539,184.32049258379524
2021-07-28 09:00:00,3,198.0,204.0,1,0,174.86785272830272,180.45664030501237,174.86785272830272,180.45664030501237,174.86785272830272,180.45664030501237,174.86785272830272,180.45664030501237
2021-07-28 10:00:00,3,188.0,202.0,1,0,169.9582498434197,178.72936540297647,169.9582498434197,178.72936540297647,169.9582498434197,178.72936540297647,169.9582498434197,178.72936540297647
2021-07-28 11:00:00,3,208.0,212.0,1,0,170.97259307841978,176.1315603864427,170.97259307841978,176.1315603864427,170.97259307841978,176.1315603864427,170.97259307841978,176.1315603864427
2021-07-28 12:00:00,3,121.0,145.0,0,0,128.10647831651926,129.45676438871124,128.10647831651926,129.45676438871124,128.10647831651926,129.45676438871124,128.10647831651926,129.45676438871124
2021-07-28 13:00:00,3,194.0,200.0,1,0,174.71171282913653,177.56398564672827,174.71171282913653,177.56398564672827,174.71171282913653,177.56398564672827,174.71171282913653,177.56398564672827
2021-07-28 14:00:00,3,196.0,203.0,1,0,174.39950556443162,177.14675482907148,174.39950556443162,177.14675482907148,174.39950556443162,177.14675482907148,174.39950556443162,177.14675482907148
2021-07-28 15:00:00,3,161.0,187.0,1,0,159.01027191627074,171.80366982234642,159.01027191627074,171.80366982234642,159.01027191627074,171.80366982234642,159.01027191627074,171.80366982234642
2021-07-28 16:00:00,3,174.0,181.0,0,0,163.29774357674393,171.86732752578231,163.29774357674393,171.86732752578231,163.29774357674393,171.86732752578231,163.29774357674393,171.86732752578231
2021-07-28 17:00:00,3,147.0,190.0,1,0,136.74220379421683,168.48621865306583,136.74220379421683,168.48621865306583,136.74220379421683,168.48621865306583,136.74220379421683,168.48621865306583
2021-07-28 18:00:00,3,183.0,190.0,1,0,155.1496420258108,164.20722937008696,155.1496420258108,164.20722937008696,155.1496420258108,164.20722937008696,155.1496420258108,164.20722937008696
2021-07-28 19:00:00,3,151.0,175.0,0,0,147.80354574468288,155.51548297694367,147.80354574468288,155.51548297694367,147.80354574468288,155.51548297694367,147.80354574468288,155.51548297694367
2021-07-28 20:00:00,3,107.0,113.0,0,0,121.53745005298804,127.97143134703241,121.53745005298804,127.97143134703241,121.53745005298804,127.97143134703241,121.53745005298804,127.97143134703241
2021-07-28 21:00:00,3,110.0,115.0,0,0,112.661272158647,122.07977090038388,112.661272158647,122.07977090038388,112.661272158647,122.07977090038388,112.661272158647,122.07977090038388
2021-07-28 22:00:00,3,103.0,109.0,0,0,109.92672409447421,115.31789106337037,109.92672409447421,115.31789106337037,109.92672409447421,115.31789106337037,109.92672409447421,115.31789106337037
2021-07-28 23:00:00,3,103.0,116.0,0,0,110.2156472288753,116.3851878209886,110.2156472288753,116.3851878209886,110.2156472288753,116.3851878209886,110.2156472288753,116.3851878209886
2021-07-29 00:00:00,3,68.0,70.0,0,0,65.74940715681561,70.05724415475969,65.74940715681561,70.05724415475969,65.74940715681561,70.05724415475969,65.74940715681561,70.05724415475969
2021-07-29 01:00:00,3,110.0,118.0,0,0,107.11082589258446,115.531908328733,107.11082589258446,115.531908328733,107.11082589258446,115.531908328733,107.11082589258446,115.531908328733
2021-07-29 02:00:00,3,111.0,118.0,0,0,109.7511344061789,117.45219461739906,109.7511344061789,117.45219461739906,109.7511344061789,117.45219461739906,109.7511344061789,117.45219461739906
2021-07-29 03:00:00,3,110.0,117.0,0,0,104.65717382400663,115.98640648586705,104.65717382400663,115.98640648586705,104.65717382400663,115.98640648586705,104.65717382400663,115.98640648586705
2021-07-29 04:00:00,3,111.0,116.0,0,0,104.09193284303946,114.64550770612406,104.09193284303946,114.64550770612406,104.09193284303946,114.64550770612406,104.09193284303946,114.64550770612406
2021-07-29 05:00:00,3,94.0,119.0,0,0,100.43235810714712,114.12368071492152,100.43235810714712,114.12368071492152,100.43235810714712,114.12368071492152,100.43235810714712,114.12368071492152
2021-07-29 06:00:00,3,116.0,121.0,0,0,112.777596832352,117.75329001292347,112.777596832352,117.75329001292347,112.777596832352,117.75329001292347,112.777596832352,117.75329001292347
2021-07-29 07:00:00,3,141.0,159.0,0,0,121.70090448637154,151.31352139659322,121.70090448637154,151.31352139659322,121.70090448637154,151.31352139659322,121.70090448637154,151.31352139659322
2021-07-29 08:00:00,3,192.0,204.0,1,0,176.21370810599313,187.28748532166355,176.21370810599313,187.28748532166355,176.21370810599313,187.28748532166355,176.21370810599313,187.28748532166355
2021-07-29 09:00:00,3,198.0,205.0,1,0,176.3194125787495,181.4870449975268,176.3194125787495,181.4870449975268,176.3194125787495,181.4870449975268,176.3194125787495,181.4870449975268
2021-07-29 10:00:00,3,187.0,203.0,1,0,172.28388037683564,183.48097797640463,172.28388037683564,183.48097797640463,172.28388037683564,183.48097797640463,172.28388037683564,183.48097797640463
2021-07-29 11:00:00,3,207.0,211.0,1,0,169.44122107446367,179.65090166304307,169.44122107446367,179.65090166304307,169.44122107446367,179.65090166304307,169.44122107446367,179.65090166304307
2021-07-29 12:00:00,3,112.0,133.0,0,0,120.80000924204259,118.13046344539431,120.80000924204259,118.13046344539431,120.80000924204259,118.13046344539431,120.80000924204259,118.13046344539431
2021-07-29 13:00:00,3,192.0,206.0,1,0,166.338143280605,180.51184419453733,166.338143280605,180.51184419453733,166.338143280605,180.51184419453733,166.338143280605,180.51184419453733
2021-07-29 14:00:00,3,187.0,201.0,1,0,164.14982053456228,176.17195921217396,164.14982053456228,176.17195921217396,164.14982053456228,176.17195921217396,164.14982053456228,176.17195921217396
2021-07-29 15:00:00,3,164.0,186.0,0,0,158.44533030386762,177.14456792911247,158.44533030386762,177.14456792911247,158.44533030386762,177.14456792911247,158.44533030386762,177.14456792911247
2021-07-29 16:00:00,3,166.0,172.0,0,0,162.28009745110876,169.91062550525365,162.28009745110876,169.91062550525365,162.28009745110876,169.91062550525365,162.28009745110876,169.91062550525365
2021-07-29 17:00:00,3,129.0,152.0,0,0,133.02515748073264,163.62291207137676,133.02515748073264,163.62291207137676,133.02515748073264,163.62291207137676,133.02515748073264,163.62291207137676
2021-07-29 18:00:00,3,174.0,180.0,0,0,153.45831004920703,158.37798403589545,153.45831004920703,158.37798403589545,153.45831004920703,158.37798403589545,153.45831004920703,158.37798403589545
2021-07-29 19:00:00,3,169.0,181.0,0,0,150.3608922408177,163.317376741097,150.3608922408177,163.317376741097,150.3608922408177,163.317376741097,150.3608922408177,163.317376741097
2021-07-29 20:00:00,3,128.0,134.0,0,0,125.89446903899969,123.51391691379739,125.89446903899969,123.51391691379739,125.89446903899969,123.51391691379739,125.89446903899969,123.51391691379739
2021-07-29 21:00:00,3,126.0,131.0,0,0,119.79864647331159,121.89726377850339,119.79864647331159,121.89726377850339,119.79864647331159,121.89726377850339,119.79864647331159,121.89726377850339
2021-07-29 22:00:00,3,122.0,130.0,0,0,116.44851946381348,120.20384006795807,116.44851946381348,120.20384006795807,116.44851946381348,120.20384006795807,116.44851946381348,120.20384006795807
2021-07-29 23:00:00,3,114.0,127.0,0,0,115.21546397873688,121.68385382648977,115.21546397873688,121.68385382648977,115.21546397873688,121.68385382648977,115.21546397873688,121.68385382648977
2021-07-30 00:00:00,3,88.0,91.0,0,0,73.8264437474406,80.91179817785611,73.8264437474406,80.91179817785611,64.98401822168134,70.7847667063153,64.98401822168134,70.7847667063153
2021-07-30 01:00:00,3,121.0,130.0,0,0,110.2605315457767,115.41120478943098,110.2605315457767,115.41120478943098,110.2605315457767,115.41120478943098,110.2605315457767,115.41120478943098
2021-07-30 02:00:00,3,119.0,130.0,0,0,108.98077715085442,115.38503127641452,108.98077715085442,115.38503127641452,108.98077715085442,115.38503127641452,108.98077715085442,115.38503127641452
2021-07-30 03:00:00,3,122.0,128.0,0,0,116.27517063454366,118.67202355809188,116.27517063454366,118.67202355809188,116.27517063454366,118.67202355809188,116.27517063454366,118.67202355809188
2021-07-30 04:00:00,3,119.0,123.0,0,0,110.3014841985297,116.37732596347998,110.3014841985297,116.37732596347998,110.3014841985297,116.37732596347998,110.3014841985297,116.37732596347998
2021-07-30 05:00:00,3,105.0,119.0,0,0,93.9908435305087,115.31103154548104,93.9908435305087,115.31103154548104,93.9908435305087,115.31103154548104,93.9908435305087,115.31103154548104
2021-07-30 06:00:00,3,124.0,127.0,0,0,121.84458655233823,123.3768317233261,121.84458655233823,123.3768317233261,121.84458655233823,123.3768317233261,121.84458655233823,123.3768317233261
2021-07-30 07:00:00,3,156.0,174.0,0,0,134.13352283273093,154.54234674366182,134.13352283273093,154.54234674366182,134.13352283273093,154.54234674366182,134.13352283273093,154.54234674366182
2021-07-30 08:00:00,3,198.0,204.0,1,0,175.93698650514955,184.10375799313198,175.93698650514955,184.10375799313198,175.93698650514955,184.10375799313198,175.93698650514955,184.10375799313198
2021-07-30 09:00:00,3,198.0,204.0,1,0,167.81743507948522,181.4824444909339,167.81743507948522,181.4824444909339,167.81743507948522,181.4824444909339,167.81743507948522,181.4824444909339
2021-07-30 10:00:00,3,188.0,202.0,1,0,170.45326113847233,183.77841405193985,170.45326113847233,183.77841405193985,170.45326113847233,183.77841405193985,170.45326113847233,183.77841405193985
2021-07-30 11:00:00,3,208.0,212.0,1,0,172.27824819304496,178.6792693026889,172.27824819304496,178.6792693026889,172.27824819304496,178.6792693026889,172.27824819304496,178.6792693026889
2021-07-30 12:00:00,3,121.0,145.0,0,0,108.0029403586994,116.41127826423603,108.0029403586994,116.41127826423603,108.0029403586994,116.41127826423603,108.0029403586994,116.41127826423603
2021-07-30 13:00:00,3,194.0,200.0,1,0,165.45307907937774,176.97340955909024,165.45307907937774,176.97340955909024,165.45307907937774,176.97340955909024,165.45307907937774,176.97340955909024
2021-07-30 14:00:00,3,196.0,203.0,1,0,172.36716117957056,182.25715017014414,172.36716117957056,182.25715017014414,172.36716117957056,182.25715017014414,172.36716117957056,182.25715017014414
2021-07-30 15:00:00,3,161.0,187.0,1,0,155.50365880536455,172.45686246802975,155.50365880536455,172.45686246802975,155.50365880536455,172.45686246802975,155.50365880536455,172.45686246802975
2021-07-30 16:00:00,3,174.0,181.0,0,0,166.15224982475624,169.99756483741626,166.15224982475624,169.99756483741626,166.15224982475624,169.99756483741626,166.15224982475624,169.99756483741626
2021-07-30 17:00:00,3,147.0,190.0,1,0,136.34803933430965,166.59214133197716,136.34803933430965,166.59214133197716,136.34803933430965,166.59214133197716,136.34803933430965,166.59214133197716
2021-07-30 18:00:00,3,183.0,190.0,1,0,159.58140282334372,162.29440594702655,159.58140282334372,162.29440594702655,159.58140282334372,162.29440594702655,159.58140282334372,162.29440594702655
2021-07-30 19:00:00,3,151.0,175.0,0,0,150.3550371171203,151.5177319874889,150.3550371171203,151.5177319874889,150.3550371171203,151.5177319874889,150.3550371171203,151.5177319874889
2021-07-30 20:00:00,3,107.0,113.0,0,0,114.45112055874841,118.4550519394184,114.45112055874841,118.4550519394184,114.45112055874841,118.4550519394184,114.45112055874841,118.4550519394184
2021-07-30 21:00:00,3,110.0,115.0,0,0,113.53420399745647,116.59916541573968,113.53420399745647,116.59916541573968,113.53420399745647,116.59916541573968,113.53420399745647,116.59916541573968
2021-07-30 22:00:00,3,103.0,109.0,0,0,109.70368666827667,115.31288690748234,109.70368666827667,115.31288690748234,109.70368666827667,115.31288690748234,109.70368666827667,115.31288690748234
2021-07-30 23:00:00,3,103.0,116.0,0,0,103.22449996964096,114.81731173926612,103.22449996964096,114.81731173926612,103.22449996964096,114.81731173926612,103.22449996964096,114.81731173926612
2021-07-31 00:00:00,3,23.0,24.0,0,1,64.80981543352951,68.7823303427292,22.210182177055522,23.016122918704323,22.210182177055522,23.016122918704323,22.210182177055522,23.016122918704323
2021-07-31 01:00:00,3,21.0,21.0,0,1,104.41985716707737,114.78963150743267,22.05303118506628,22.88594940290542,22.05303118506628,22.88594940290542,22.05303118506628,22.88594940290542
2021-07-31 02:00:00,3,21.0,21.0,0,1,103.07291983331646,114.0504947004437,22.065687630132544,22.660469043874112,22.065687630132544,22.660469043874112,22.065687630132544,22.660469043874112
2021-07-31 03:00:00,3,21.0,21.0,0,1,103.07666142182538,112.73038032172671,21.87443485431782,23.45714272852227,21.87443485431782,23.45714272852227,21.87443485431782,23.45714272852227
2021-07-31 04:00:00,3,23.0,26.0,0,1,101.78858944914919,112.26098270449036,22.352698765348144,23.72727779312853,22.352698765348144,23.72727779312853,22.352698765348144,23.72727779312853
2021-07-31 05:00:00,3,20.0,21.0,0,1,95.9349218954076,109.48710434995836,21.848015856333276,22.675483476134815,21.848015856333276,22.675483476134815,21.848015856333276,22.675483476134815
2021-07-31 06:00:00,3,21.0,21.0,0,1,110.40986827662172,113.99386572362717,21.75981589843677,22.875191511061473,21.75981589843677,22.875191511061473,21.75981589843677,22.875191511061473
2021-07-31 07:00:00,3,22.0,23.0,0,1,60.883328589572045,82.32890823501654,22.236345592542826,23.78849127285952,22.236345592542826,23.78849127285952,22.236345592542826,23.78849127285952
2021-07-31 08:00:00,3,21.0,21.0,0,1,22.588844508246204,23.390565738579788,22.588844508246204,23.390565738579788,22.588844508246204,23.390565738579788,22.588844508246204,23.390565738579788
2021-07-31 09:00:00,3,21.0,21.0,0,1,22.47770553455137,22.813703007095242,22.47770553455137,22.813703007095242,22.47770553455137,22.813703007095242,22.47770553455137,22.813703007095242
2021-07-31 10:00:00,3,22.0,23.0,0,1,22.62141759241797,22.892679841018545,22.62141759241797,22.892679841018545,61.06882924741319,83.72498190777202,22.62141759241797,22.892679841018545
2021-07-31 11:00:00,3,23.0,26.0,0,1,22.600644868629125,24.311925822224403,22.600644868629125,24.311925822224403,22.600644868629125,24.311925822224403,22.600644868629125,24.311925822224403
2021-07-31 12:00:00,3,21.0,21.0,0,1,22.808729888884137,23.53850857820158,22.808729888884137,23.53850857820158,22.808729888884137,23.53850857820158,22.808729888884137,23.53850857820158
2021-07-31 13:00:00,3,21.0,21.0,0,1,22.239883934895232,22.839383790084824,22.239883934895232,22.839383790084824,22.239883934895232,22.839383790084824,22.239883934895232,22.839383790084824
2021-07-31 14:00:00,3,22.0,25.0,0,1,22.301634757479498,23.14878604072495,22.301634757479498,23.14878604072495,22.301634757479498,23.14878604072495,22.301634757479498,23.14878604072495
2021-07-31 15:00:00,3,22.0,23.0,0,1,22.316740850863688,22.884920351309205,22.316740850863688,22.884920351309205,22.316740850863688,22.884920351309205,22.316740850863688,22.884920351309205
2021-07-31 16:00:00,3,21.0,21.0,0,1,22.106754673212528,22.50159294093485,22.106754673212528,22.50159294093485,22.106754673212528,22.50159294093485,22.106754673212528,22.50159294093485
2021-07-31 17:00:00,3,21.0,21.0,0,1,22.22543737972704,22.704377119158593,22.22543737972704,22.704377119158593,22.22543737972704,22.704377119158593,22.22543737972704,22.704377119158593
2021-07-31 18:00:00,3,23.0,28.0,0,1,22.240374432972793,22.589887454257234,22.240374432972793,22.589887454257234,22.240374432972793,22.589887454257234,22.240374432972793,22.589887454257234
2021-07-31 19:00:00,3,21.0,21.0,0,1,22.007188634791937,22.73884993569403,22.007188634791937,22.73884993569403,22.007188634791937,22.73884993569403,22.007188634791937,22.73884993569403
2021-07-31 20:00:00,3,21.0,21.0,0,1,22.801856794974256,23.02557818172318,22.801856794974256,23.02557818172318,22.801856794974256,23.02557818172318,22.801856794974256,23.02557818172318
2021-07-31 21:00:00,3,23.0,25.0,0,1,23.277488709505953,23.815422819580913,23.277488709505953,23.815422819580913,23.277488709505953,23.815422819580913,23.277488709505953,23.815422819580913
2021-07-31 22:00:00,3,21.0,21.0,0,1,22.838273772975022,23.2101604773609,22.838273772975022,23.2101604773609,22.838273772975022,23.2101604773609,22.838273772975022,23.2101604773609
2021-07-31 23:00:00,3,21.0,21.0,0,1,22.705819066373486,23.39825358529299,22.705819066373486,23.39825358529299,22.705819066373486,23.39825358529299,22.705819066373486,23.39825358529299
2021-08-01 00:00:00,3,21.0,21.0,0,1,22.138444870174126,23.104249611155655,22.138444870174126,23.104249611155655,22.138444870174126,23.104249611155655,22.138444870174126,23.104249611155655
2021-08-01 01:00:00,3,23.0,26.0,0,1,22.329548869401883,23.64254062646357,22.329548869401883,23.64254062646357,22.329548869401883,23.64254062646357,22.329548869401883,23.64254062646357
2021-08-01 02:00:00,3,21.0,21.0,0,1,22.3649205835651,24.134608910302397,22.3649205835651,24.134608910302397,22.3649205835651,24.134608910302397,22.3649205835651,24.134608910302397
2021-08-01 03:00:00,3,21.0,21.0,0,1,21.726816211977358,22.92094115738668,21.726816211977358,22.92094115738668,21.726816211977358,22.92094115738668,21.726816211977358,22.92094115738668
2021-08-01 04:00:00,3,22.0,25.0,0,1,21.97025984404236,22.934437642104832,21.97025984404236,22.934437642104832,21.97025984404236,22.934437642104832,21.97025984404236,22.934437642104832
2021-08-01 05:00:00,3,22.0,24.0,0,1,21.27737322979656,22.936129718380883,21.27737322979656,22.936129718380883,21.27737322979656,22.936129718380883,21.27737322979656,22.936129718380883
2021-08-01 06:00:00,3,20.0,21.0,0,1,21.65857234337397,22.870554627666518,21.65857234337397,22.870554627666518,21.65857234337397,22.870554627666518,21.65857234337397,22.870554627666518
2021-08-01 07:00:00,3,20.0,21.0,0,1,21.987595188421523,23.499091735322384,21.987595188421523,23.499091735322384,21.987595188421523,23.499091735322384,21.987595188421523,23.499091735322384
2021-08-01 08:00:00,3,23.0,28.0,0,1,21.831672168870575,23.60319600750325,21.831672168870575,23.60319600750325,21.831672168870575,23.60319600750325,21.831672168870575,23.60319600750325
2021-08-01 09:00:00,3,22.0,24.0,0,1,22.170155945947528,24.058756546741655,22.170155945947528,24.058756546741655,22.170155945947528,24.058756546741655,22.170155945947528,24.058756546741655
2021-08-01 10:00:00,3,21.0,21.0,0,1,22.172810127842055,23.205988795566007,22.172810127842055,23.205988795566007,22.172810127842055,23.205988795566007,22.172810127842055,23.205988795566007
2021-08-01 11:00:00,3,21.0,21.0,0,1,22.3631915715315,23.316431024698414,22.3631915715315,23.316431024698414,22.3631915715315,23.316431024698414,22.3631915715315,23.316431024698414
2021-08-01 12:00:00,3,23.0,25.0,0,1,22.62853329946641,24.858604937331762,22.62853329946641,24.858604937331762,22.62853329946641,24.858604937331762,22.62853329946641,24.858604937331762
2021-08-01 13:00:00,3,21.0,21.0,0,1,21.637659830664354,23.435301667636192,21.637659830664354,23.435301667636192,21.637659830664354,23.435301667636192,21.637659830664354,23.435301667636192
2021-08-01 14:00:00,3,21.0,21.0,0,1,22.227243947224338,23.316756251284787,22.227243947224338,23.316756251284787,22.227243947224338,23.316756251284787,22.227243947224338,23.316756251284787
2021-08-01 15:00:00,3,22.0,23.0,0,1,22.82514491293807,24.057516308678505,22.82514491293807,24.057516308678505,22.82514491293807,24.057516308678505,22.82514491293807,24.057516308678505
2021-08-01 16:00:00,3,23.0,25.0,0,1,22.57281379536127,24.440502774120215,22.57281379536127,24.440502774120215,22.57281379536127,24.440502774120215,22.57281379536127,24.440502774120215
2021-08-01 17:00:00,3,21.0,21.0,0,1,22.224792668793604,23.33152596781105,22.224792668793604,23.33152596781105,22.224792668793604,23.33152596781105,22.224792668793604,23.33152596781105
2021-08-01 18:00:00,3,20.0,21.0,0,1,22.217081824898656,22.68418923918173,22.217081824898656,22.68418923918173,22.217081824898656,22.68418923918173,22.217081824898656,22.68418923918173
2021-08-01 19:00:00,3,21.0,22.0,0,1,22.611967648940627,24.333701283313953,22.611967648940627,24.333701283313953,22.611967648940627,24.333701283313953,22.611967648940627,24.333701283313953
2021-08-01 20:00:00,3,23.0,26.0,0,1,22.095738229434396,23.500286804714303,22.095738229434396,23.500286804714303,22.095738229434396,23.500286804714303,22.095738229434396,23.500286804714303
2021-08-01 21:00:00,3,22.0,22.0,0,1,22.417539105004217,23.58333110696247,22.417539105004217,23.58333110696247,22.417539105004217,23.58333110696247,22.417539105004217,23.58333110696247
2021-08-01 22:00:00,3,22.0,23.0,0,1,22.487373315528785,23.81297100478062,22.487373315528785,23.81297100478062,22.487373315528785,23.81297100478062,22.487373315528785,23.81297100478062
2021-08-01 23:00:00,3,22.0,24.0,0,1,22.32483857257266,24.44768224086556,22.32483857257266,24.44768224086556,22.32483857257266,24.44768224086556,22.32483857257266,24.44768224086556
2021-08-02 00:00:00,3,21.0,23.0,0,1,22.317641296465872,23.532497690388777,22.317641296465872,23.532497690388777,22.317641296465872,23.532497690388777,22.317641296465872,23.532497690388777
2021-08-02 01:00:00,3,21.0,21.0,0,1,22.19144888199797,22.933116602308274,22.19144888199797,22.933116602308274,22.19144888199797,22.933116602308274,22.19144888199797,22.933116602308274
2021-08-02 02:00:00,3,21.0,21.0,0,1,21.73248247641402,23.017019269392296,21.73248247641402,23.017019269392296,21.73248247641402,23.017019269392296,21.73248247641402,23.017019269392296
2021-08-02 03:00:00,3,23.0,26.0,0,1,21.85058140046965,23.027421871101396,21.85058140046965,23.027421871101396,21.85058140046965,23.027421871101396,21.85058140046965,23.027421871101396
2021-08-02 04:00:00,3,21.0,21.0,0,1,22.237230064444766,23.21211458157735,22.237230064444766,23.21211458157735,22.237230064444766,23.21211458157735,22.237230064444766,23.21211458157735
2021-08-02 05:00:00,3,21.0,21.0,0,1,21.872796956577503,22.680316562946928,21.872796956577503,22.680316562946928,21.872796956577503,22.680316562946928,21.872796956577503,22.680316562946928
2021-08-02 06:00:00,3,22.0,25.0,0,1,21.23598680938069,22.4401138164271,21.23598680938069,22.4401138164271,21.23598680938069,22.4401138164271,21.23598680938069,22.4401138164271
2021-08-02 07:00:00,3,21.0,24.0,0,1,59.47612752957864,100.38053845293875,21.222242824004766,21.031899954991378,59.47612752957864,100.38053845293875,21.222242824004766,21.031899954991378
2021-08-02 08:00:00,3,20.0,21.0,0,1,180.83612999325973,195.54983471989306,21.743436736364124,22.63239277884346,21.743436736364124,22.63239277884346,21.743436736364124,22.63239277884346
2021-08-02 09:00:00,3,21.0,21.0,0,1,176.2980287611484,188.80889320153915,21.712646307913836,22.63617856816542,21.712646307913836,22.63617856816542,21.712646307913836,22.63617856816542
2021-08-02 10:00:00,3,22.0,25.0,0,1,174.1138891686088,186.94338760845295,22.1644898612835,23.954302858445512,22.1644898612835,23.954302858445512,22.1644898612835,23.954302858445512
2021-08-02 11:00:00,3,21.0,21.0,0,1,179.38893481960076,189.55053270894302,22.272842930815962,24.271638253559935,22.272842930815962,24.271638253559935,22.272842930815962,24.271638253559935
2021-08-02 12:00:00,3,21.0,21.0,0,1,107.87067986064585,130.32954611265876,21.816753243371345,22.75013589993117,21.816753243371345,22.75013589993117,21.816753243371345,22.75013589993117
2021-08-02 13:00:00,3,22.0,23.0,0,1,169.8721837012495,184.70673761920952,21.552491340347636,23.101091333685883,21.552491340347636,23.101091333685883,21.552491340347636,23.101091333685883
2021-08-02 14:00:00,3,23.0,25.0,0,1,173.76024533165307,188.02840520469448,22.007363115950888,23.385329643054487,22.007363115950888,23.385329643054487,22.007363115950888,23.385329643054487
2021-08-02 15:00:00,3,21.0,21.0,0,1,156.4109064132026,180.78794553986478,22.284529752624607,22.9640284309591,22.284529752624607,22.9640284309591,22.284529752624607,22.9640284309591
2021-08-02 16:00:00,3,21.0,21.0,0,1,163.56136428495697,176.20573386861963,21.735944069113295,21.970348529348787,21.735944069113295,21.970348529348787,21.735944069113295,21.970348529348787
2021-08-02 17:00:00,3,22.0,24.0,0,1,133.50195244501214,162.44590547133782,21.906978860479292,22.367969303480862,21.906978860479292,22.367969303480862,21.906978860479292,22.367969303480862
2021-08-02 18:00:00,3,22.0,26.0,0,1,158.05256317174738,167.5517990002501,21.02391375715475,20.6500028861403,21.02391375715475,20.6500028861403,21.02391375715475,20.6500028861403
2021-08-02 19:00:00,3,21.0,21.0,0,1,146.36558097421272,157.3996149942673,21.691489795609066,22.133040392954527,21.691489795609066,22.133040392954527,21.691489795609066,22.133040392954527
2021-08-02 20:00:00,3,22.0,24.0,0,1,118.67161918086802,123.7137517884901,21.639095841897593,22.32076264781867,21.639095841897593,22.32076264781867,21.639095841897593,22.32076264781867
2021-08-02 21:00:00,3,22.0,24.0,0,1,118.70514033179685,118.31712829960583,22.1896059166691,23.251539216624185,22.1896059166691,23.251539216624185,22.1896059166691,23.251539216624185
2021-08-02 22:00:00,3,22.0,24.0,0,1,108.70869475253795,113.16611807396811,21.971833124045467,22.90132127164724,21.971833124045467,22.90132127164724,21.971833124045467,22.90132127164724
2021-08-02 23:00:00,3,21.0,21.0,0,1,98.30033877648279,110.42886148987107,21.714425763696163,22.575123511138,21.714425763696163,22.575123511138,21.714425763696163,22.575123511138
2021-08-03 00:00:00,3,21.0,22.0,0,1,60.868828801323495,67.42008124509817,22.648742190917964,24.386800229029557,60.868828801323495,67.42008124509817,22.648742190917964,24.386800229029557
2021-08-03 01:00:00,3,23.0,26.0,0,1,100.46899810344149,104.86070698459065,22.041148933401857,23.03871623818546,22.041148933401857,23.03871623818546,22.041148933401857,23.03871623818546
2021-08-03 02:00:00,3,21.0,21.0,0,1,104.68791005258302,107.35171687982044,21.968774126875253,22.38032964959421,21.968774126875253,22.38032964959421,21.968774126875253,22.38032964959421
2021-08-03 03:00:00,3,21.0,22.0,0,1,100.23801638090015,106.73681569789467,21.788973663119002,21.86242311672797,21.788973663119002,21.86242311672797,21.788973663119002,21.86242311672797
2021-08-03 04:00:00,3,21.0,21.0,0,1,100.88977946333402,104.96460774885222,22.09869487894388,23.084469289813157,22.09869487894388,23.084469289813157,22.09869487894388,23.084469289813157
2021-08-03 05:00:00,3,22.0,24.0,0,1,88.49469076598025,102.6266977040822,22.217569655996307,22.544186584344132,22.217569655996307,22.544186584344132,22.217569655996307,22.544186584344132
2021-08-03 06:00:00,3,21.0,21.0,0,1,103.6455484492996,110.57859655509414,21.587413847843365,21.86936395370392,21.587413847843365,21.86936395370392,21.587413847843365,21.86936395370392
2021-08-03 07:00:00,3,20.0,21.0,0,1,132.82486493645104,147.06505395394987,21.69564375204937,22.433920815715027,21.69564375204937,22.433920815715027,21.69564375204937,22.433920815715027
2021-08-03 08:00:00,3,22.0,25.0,0,1,179.82252044085652,188.82313617661282,21.24087155353036,21.527724426609613,21.24087155353036,21.527724426609613,21.24087155353036,21.527724426609613
2021-08-03 09:00:00,3,21.0,21.0,0,1,175.27008214918533,182.01322321934794,22.065562400531853,22.96855169455611,22.065562400531853,22.96855169455611,22.065562400531853,22.96855169455611
2021-08-03 10:00:00,3,21.0,21.0,0,1,175.64726073567317,183.70260773972302,21.869502157088,23.245426235480465,21.869502157088,23.245426235480465,21.869502157088,23.245426235480465
2021-08-03 11:00:00,3,22.0,24.0,0,1,179.38297671856975,184.64651861905375,21.80140162398432,23.903242209112506,21.80140162398432,23.903242209112506,21.80140162398432,23.903242209112506
2021-08-03 12:00:00,3,23.0,25.0,0,1,108.89487284595688,129.11181402798383,21.897666010620313,23.69522940518111,21.897666010620313,23.69522940518111,21.897666010620313,23.69522940518111
2021-08-03 13:00:00,3,21.0,21.0,0,1,174.39922554870492,183.10428962298906,21.740988563923565,23.310050333751647,21.740988563923565,23.310050333751647,21.740988563923565,23.310050333751647
2021-08-03 14:00:00,3,21.0,22.0,0,1,178.34855180282563,183.37472646569626,21.710001839084626,22.800843193001405,21.710001839084626,22.800843193001405,21.710001839084626,22.800843193001405
2021-08-03 15:00:00,3,23.0,26.0,0,1,164.74567388407473,177.66965728330348,22.05132596789096,23.306602724077255,22.05132596789096,23.306602724077255,22.05132596789096,23.306602724077255
2021-08-03 16:00:00,3,22.0,24.0,0,1,168.62743025377233,180.38925631696077,22.120921280420525,22.805441826491062,22.120921280420525,22.805441826491062,22.120921280420525,22.805441826491062
2021-08-03 17:00:00,3,21.0,21.0,0,1,149.94660227263597,165.97170855168073,21.589186549901854,22.307034449811496,21.589186549901854,22.307034449811496,21.589186549901854,22.307034449811496
2021-08-03 18:00:00,3,22.0,24.0,0,1,156.6965546188478,158.90298845956352,21.538238180316952,21.91767106489428,21.538238180316952,21.91767106489428,21.538238180316952,21.91767106489428
2021-08-03 19:00:00,3,23.0,25.0,0,1,150.90125296013332,151.32750801807373,21.473593966763623,22.265614135106325,21.473593966763623,22.265614135106325,21.473593966763623,22.265614135106325
2021-08-03 20:00:00,3,21.0,22.0,0,1,141.18550841664057,132.93895698103708,21.85061481451163,22.693354475481602,21.85061481451163,22.693354475481602,21.85061481451163,22.693354475481602
2021-08-03 21:00:00,3,22.0,22.0,0,1,141.16938118317802,133.32046042421914,22.03945208462296,22.671166309583114,22.03945208462296,22.671166309583114,22.03945208462296,22.671166309583114
2021-08-03 22:00:00,3,21.0,21.0,0,1,119.06584325910963,114.99748186212594,21.97474929867853,22.56080758451186,21.97474929867853,22.56080758451186,21.97474929867853,22.56080758451186
2021-08-03 23:00:00,3,23.0,26.0,0,1,105.06610497567898,112.01812381830038,22.052021024552843,22.91945460369476,22.052021024552843,22.91945460369476,22.052021024552843,22.91945460369476
2021-08-04 00:00:00,4,21.0,21.0,0,1,20.96974698915526,22.38575605671362,20.96974698915526,22.38575605671362,20.96974698915526,22.38575605671362,20.96974698915526,22.38575605671362
2021-08-04 01:00:00,4,21.0,21.0,0,1,20.652200667779653,21.47405566784402,20.652200667779653,21.47405566784402,20.652200667779653,21.47405566784402,20.652200667779653,21.47405566784402
2021-08-04 02:00:00,4,20.0,21.0,0,1,20.873798582178868,21.300205219491204,20.873798582178868,21.300205219491204,20.873798582178868,21.300205219491204,20.873798582178868,21.300205219491204
2021-08-04 03:00:00,4,22.0,25.0,0,1,20.79454771401325,21.962402899585996,20.79454771401325,21.962402899585996,20.79454771401325,21.962402899585996,20.79454771401325,21.962402899585996
2021-08-04 04:00:00,4,21.0,21.0,0,1,20.786828016631258,21.79236552154299,20.786828016631258,21.79236552154299,20.786828016631258,21.79236552154299,20.786828016631258,21.79236552154299
2021-08-04 05:00:00,4,21.0,21.0,0,1,20.488552539461267,21.487507641964914,20.488552539461267,21.487507641964914,20.488552539461267,21.487507641964914,20.488552539461267,21.487507641964914
2021-08-04 06:00:00,4,23.0,26.0,0,1,20.954120855102563,22.590090151369054,20.954120855102563,22.590090151369054,20.954120855102563,22.590090151369054,20.954120855102563,22.590090151369054
2021-08-04 07:00:00,4,20.0,21.0,0,1,20.298866629959978,21.47102795062041,20.298866629959978,21.47102795062041,20.298866629959978,21.47102795062041,20.298866629959978,21.47102795062041
2021-08-04 08:00:00,4,21.0,23.0,0,1,20.560862449341894,21.598427459403,20.560862449341894,21.598427459403,20.560862449341894,21.598427459403,20.560862449341894,21.598427459403
2021-08-04 09:00:00,4,21.0,21.0,0,1,21.016632149630922,22.31403438545501,21.016632149630922,22.31403438545501,21.016632149630922,22.31403438545501,21.016632149630922,22.31403438545501
2021-08-04 10:00:00,4,22.0,25.0,0,1,21.377644497989227,23.14394429969121,21.377644497989227,23.14394429969121,21.377644497989227,23.14394429969121,21.377644497989227,23.14394429969121
2021-08-04 11:00:00,4,21.0,21.0,0,1,20.793633810644966,22.02910534778419,20.793633810644966,22.02910534778419,20.793633810644966,22.02910534778419,20.793633810644966,22.02910534778419
2021-08-04 12:00:00,4,21.0,21.0,0,1,20.716477177696984,21.581563030023656,20.716477177696984,21.581563030023656,20.716477177696984,21.581563030023656,20.716477177696984,21.581563030023656
2021-08-04 13:00:00,4,22.0,25.0,0,1,21.252109884943916,22.825189690861876,21.252109884943916,22.825189690861876,21.252109884943916,22.825189690861876,21.252109884943916,22.825189690861876
2021-08-04 14:00:00,4,22.0,24.0,0,1,21.189728035654028,23.28989949120897,21.189728035654028,23.28989949120897,21.189728035654028,23.28989949120897,21.189728035654028,23.28989949120897
2021-08-04 15:00:00,4,22.0,24.0,0,1,20.784664153066455,21.320130158205135,20.784664153066455,21.320130158205135,20.784664153066455,21.320130158205135,20.784664153066455,21.320130158205135
2021-08-04 16:00:00,4,21.0,22.0,0,1,20.715748949770035,21.45871774037759,20.715748949770035,21.45871774037759,20.715748949770035,21.45871774037759,20.715748949770035,21.45871774037759
2021-08-04 17:00:00,4,23.0,26.0,0,1,21.33436210680109,23.63449904209729,21.33436210680109,23.63449904209729,21.33436210680109,23.63449904209729,21.33436210680109,23.63449904209729
2021-08-04 18:00:00,4,21.0,22.0,0,1,21.095012908193958,22.382163763099364,21.095012908193958,22.382163763099364,21.095012908193958,22.382163763099364,21.095012908193958,22.382163763099364
2021-08-04 19:00:00,4,21.0,21.0,0,1,20.72200258681838,22.048862781391094,20.72200258681838,22.048862781391094,20.72200258681838,22.048862781391094,20.72200258681838,22.048862781391094
2021-08-04 20:00:00,4,21.0,21.0,0,1,20.81961226344855,22.15705631516365,20.81961226344855,22.15705631516365,20.81961226344855,22.15705631516365,20.81961226344855,22.15705631516365
2021-08-04 21:00:00,4,23.0,26.0,0,1,20.99660499876444,22.199077381658597,20.99660499876444,22.199077381658597,20.99660499876444,22.199077381658597,20.99660499876444,22.199077381658597
2021-08-04 22:00:00,4,21.0,21.0,0,1,21.358345981627018,21.834880043964517,21.358345981627018,21.834880043964517,21.358345981627018,21.834880043964517,21.358345981627018,21.834880043964517
2021-08-04 23:00:00,4,21.0,22.0,0,1,20.737585835628163,21.1288117053547,20.737585835628163,21.1288117053547,20.737585835628163,21.1288117053547,20.737585835628163,21.1288117053547
2021-08-05 00:00:00,4,21.0,21.0,0,1,21.267113844420084,22.961941872323656,21.267113844420084,22.961941872323656,21.267113844420084,22.961941872323656,21.267113844420084,22.961941872323656
2021-08-05 01:00:00,4,22.0,25.0,0,1,21.155033007411493,21.959575030111562,21.155033007411493,21.959575030111562,21.155033007411493,21.959575030111562,21.155033007411493,21.959575030111562
2021-08-05 02:00:00,4,21.0,21.0,0,1,20.549929294280492,21.405930466260994,20.549929294280492,21.405930466260994,20.549929294280492,21.405930466260994,20.549929294280492,21.405930466260994
2021-08-05 03:00:00,4,21.0,21.0,0,1,20.378095507535186,21.483004246611078,20.378095507535186,21.483004246611078,20.378095507535186,21.483004246611078,20.378095507535186,21.483004246611078
2021-08-05 04:00:00,4,22.0,25.0,0,1,20.841500998751126,21.98073052276783,20.841500998751126,21.98073052276783,20.841500998751126,21.98073052276783,20.841500998751126,21.98073052276783
2021-08-05 05:00:00,4,21.0,22.0,0,1,20.76631729598932,22.172441105419654,20.76631729598932,22.172441105419654,20.76631729598932,22.172441105419654,20.76631729598932,22.172441105419654
2021-08-05 06:00:00,4,21.0,22.0,0,1,20.358839467796845,21.431150802363867,20.358839467796845,21.431150802363867,20.358839467796845,21.431150802363867,20.358839467796845,21.431150802363867
2021-08-05 07:00:00,4,20.0,20.0,0,1,20.65349506297505,22.586659293609014,20.65349506297505,22.586659293609014,20.65349506297505,22.586659293609014,20.65349506297505,22.586659293609014
2021-08-05 08:00:00,4,22.0,24.0,0,1,20.835842725171297,22.891651841289647,20.835842725171297,22.891651841289647,20.835842725171297,22.891651841289647,20.835842725171297,22.891651841289647
2021-08-05 09:00:00,4,21.0,21.0,0,1,20.826217653828834,22.408783719603328,20.826217653828834,22.408783719603328,20.826217653828834,22.408783719603328,20.826217653828834,22.408783719603328
2021-08-05 10:00:00,4,21.0,21.0,0,1,20.488875088259018,22.195191578379465,20.488875088259018,22.195191578379465,20.488875088259018,22.195191578379465,20.488875088259018,22.195191578379465
2021-08-05 11:00:00,4,22.0,25.0,0,1,21.07668120004504,23.062840408136037,21.07668120004504,23.062840408136037,21.07668120004504,23.062840408136037,21.07668120004504,23.062840408136037
2021-08-05 12:00:00,4,22.0,24.0,0,1,21.200308603614793,23.091416843077074,21.200308603614793,23.091416843077074,21.200308603614793,23.091416843077074,21.200308603614793,23.091416843077074
2021-08-05 13:00:00,4,22.0,24.0,0,1,20.47377905226715,21.8770736326491,20.47377905226715,21.8770736326491,20.47377905226715,21.8770736326491,20.47377905226715,21.8770736326491
2021-08-05 14:00:00,4,21.0,22.0,0,1,20.69728488245386,22.054870541472795,20.69728488245386,22.054870541472795,20.69728488245386,22.054870541472795,20.69728488245386,22.054870541472795
2021-08-05 15:00:00,4,23.0,25.0,0,1,20.83837890334186,22.291779417831403,20.83837890334186,22.291779417831403,20.83837890334186,22.291779417831403,20.83837890334186,22.291779417831403
2021-08-05 16:00:00,4,22.0,22.0,0,1,20.669751091772692,22.078150472884836,20.669751091772692,22.078150472884836,20.669751091772692,22.078150472884836,20.669751091772692,22.078150472884836
2021-08-05 17:00:00,4,22.0,22.0,0,1,20.507645924401256,22.183985865281322,20.507645924401256,22.183985865281322,20.507645924401256,22.183985865281322,20.507645924401256,22.183985865281322
2021-08-05 18:00:00,4,21.0,21.0,0,1,20.72923229663217,22.457560034843638,20.72923229663217,22.457560034843638,20.72923229663217,22.457560034843638,20.72923229663217,22.457560034843638
2021-08-05 19:00:00,4,22.0,25.0,0,1,21.118596480155702,22.744787148596494,21.118596480155702,22.744787148596494,21.118596480155702,22.744787148596494,21.118596480155702,22.744787148596494
2021-08-05 20:00:00,4,21.0,22.0,0,1,20.869149119748155,22.775046514008977,20.869149119748155,22.775046514008977,20.869149119748155,22.775046514008977,20.869149119748155,22.775046514008977
2021-08-05 21:00:00,4,21.0,22.0,0,1,20.74498427904427,22.492417470330974,20.74498427904427,22.492417470330974,20.74498427904427,22.492417470330974,20.74498427904427,22.492417470330974
2021-08-05 22:00:00,4,22.0,23.0,0,1,20.857236133471787,21.810135517679058,20.857236133471787,21.810135517679058,20.857236133471787,21.810135517679058,20.857236133471787,21.810135517679058
2021-08-05 23:00:00,4,23.0,26.0,0,1,20.90525983011934,22.27095610776004,20.90525983011934,22.27095610776004,20.90525983011934,22.27095610776004,20.90525983011934,22.27095610776004
2021-08-06 00:00:00,4,21.0,21.0,0,1,21.288606343447768,22.271231004332385,21.288606343447768,22.271231004332385,21.288606343447768,22.271231004332385,21.288606343447768,22.271231004332385
2021-08-06 01:00:00,4,21.0,21.0,0,1,20.921752391468758,21.382151666045758,20.921752391468758,21.382151666045758,20.921752391468758,21.382151666045758,20.921752391468758,21.382151666045758
2021-08-06 02:00:00,4,20.0,21.0,0,1,20.846919257281762,21.028694057744783,20.846919257281762,21.028694057744783,20.846919257281762,21.028694057744783,20.846919257281762,21.028694057744783
2021-08-06 03:00:00,4,22.0,25.0,0,1,21.130902064187318,21.994426561722452,21.130902064187318,21.994426561722452,21.130902064187318,21.994426561722452,21.130902064187318,21.994426561722452
2021-08-06 04:00:00,4,22.0,23.0,0,1,20.884882201854243,21.444306160185608,20.884882201854243,21.444306160185608,20.884882201854243,21.444306160185608,20.884882201854243,21.444306160185608
2021-08-06 05:00:00,4,21.0,21.0,0,1,20.909405491663257,21.97379119821092,20.909405491663257,21.97379119821092,20.909405491663257,21.97379119821092,20.909405491663257,21.97379119821092
2021-08-06 06:00:00,4,22.0,25.0,0,1,20.98727089326242,22.473041889699466,20.98727089326242,22.473041889699466,20.98727089326242,22.473041889699466,20.98727089326242,22.473041889699466
2021-08-06 07:00:00,4,20.0,21.0,0,1,20.77912984741578,21.27442007045925,20.77912984741578,21.27442007045925,20.77912984741578,21.27442007045925,20.77912984741578,21.27442007045925
2021-08-06 08:00:00,4,20.0,21.0,0,1,20.92760236185658,21.717535544550806,20.92760236185658,21.717535544550806,20.92760236185658,21.717535544550806,20.92760236185658,21.717535544550806
2021-08-06 09:00:00,4,21.0,21.0,0,1,20.895404683193696,22.478414845983682,20.895404683193696,22.478414845983682,20.895404683193696,22.478414845983682,20.895404683193696,22.478414845983682
2021-08-06 10:00:00,4,24.0,25.0,0,1,21.208856024140015,23.240069707981874,21.208856024140015,23.240069707981874,21.208856024140015,23.240069707981874,21.208856024140015,23.240069707981874
2021-08-06 11:00:00,4,24.0,25.0,0,1,20.924205460346048,21.970941540636563,20.924205460346048,21.970941540636563,20.924205460346048,21.970941540636563,20.924205460346048,21.970941540636563
2021-08-06 12:00:00,4,24.0,24.0,0,1,20.870082048646974,21.796776936777654,20.870082048646974,21.796776936777654,20.870082048646974,21.796776936777654,20.870082048646974,21.796776936777654
2021-08-06 13:00:00,4,23.0,24.0,0,1,21.08138379999853,22.170978077290897,21.08138379999853,22.170978077290897,21.08138379999853,22.170978077290897,21.08138379999853,22.170978077290897
2021-08-06 14:00:00,4,24.0,27.0,0,1,21.13508044483064,22.995219295888408,21.13508044483064,22.995219295888408,21.13508044483064,22.995219295888408,21.13508044483064,22.995219295888408
2021-08-06 15:00:00,4,22.0,22.0,0,1,20.99018591852136,21.618509772183586,20.99018591852136,21.618509772183586,20.99018591852136,21.618509772183586,20.99018591852136,21.618509772183586
2021-08-06 16:00:00,4,22.0,22.0,0,1,20.842019150985458,21.877333182672004,20.842019150985458,21.877333182672004,20.842019150985458,21.877333182672004,20.842019150985458,21.877333182672004
2021-08-06 17:00:00,4,23.0,25.0,0,1,21.15623142967266,23.287052477904666,21.15623142967266,23.287052477904666,21.15623142967266,23.287052477904666,21.15623142967266,23.287052477904666
2021-08-06 18:00:00,4,22.0,22.0,0,1,21.138456123491103,22.613809025938103,21.138456123491103,22.613809025938103,21.138456123491103,22.613809025938103,21.138456123491103,22.613809025938103
2021-08-06 19:00:00,4,21.0,21.0,0,1,20.853944169337154,21.651464341322225,20.853944169337154,21.651464341322225,20.853944169337154,21.651464341322225,20.853944169337154,21.651464341322225
2021-08-06 20:00:00,4,21.0,21.0,0,1,21.17518104411997,22.294634700561044,21.17518104411997,22.294634700561044,21.17518104411997,22.294634700561044,21.17518104411997,22.294634700561044
2021-08-06 21:00:00,4,23.0,26.0,0,1,21.317734220377027,22.560475904119055,21.317734220377027,22.560475904119055,21.317734220377027,22.560475904119055,21.317734220377027,22.560475904119055
2021-08-06 22:00:00,4,21.0,21.0,0,1,21.2099890621166,21.746591635478485,21.2099890621166,21.746591635478485,21.2099890621166,21.746591635478485,21.2099890621166,21.746591635478485
2021-08-06 23:00:00,4,21.0,21.0,0,1,21.07015954485771,21.256731324855455,21.07015954485771,21.256731324855455,21.07015954485771,21.256731324855455,21.07015954485771,21.256731324855455
2021-08-07 00:00:00,4,22.0,24.0,0,1,20.90484517361811,20.86221602817284,20.90484517361811,20.86221602817284,20.90484517361811,20.86221602817284,20.90484517361811,20.86221602817284
2021-08-07 01:00:00,4,22.0,25.0,0,1,21.708610327836777,23.751884949782845,21.708610327836777,23.751884949782845,21.708610327836777,23.751884949782845,21.708610327836777,23.751884949782845
2021-08-07 02:00:00,4,21.0,21.0,0,1,21.78657295516525,23.548403113023948,21.78657295516525,23.548403113023948,21.78657295516525,23.548403113023948,21.78657295516525,23.548403113023948
2021-08-07 03:00:00,4,21.0,21.0,0,1,21.350632836321097,23.232243289127283,21.350632836321097,23.232243289127283,21.350632836321097,23.232243289127283,21.350632836321097,23.232243289127283
2021-08-07 04:00:00,4,21.0,21.0,0,1,20.835728327774177,20.5905554269539,20.835728327774177,20.5905554269539,20.835728327774177,20.5905554269539,20.835728327774177,20.5905554269539
2021-08-07 05:00:00,4,22.0,24.0,0,1,21.142874438780193,23.48252789997299,21.142874438780193,23.48252789997299,21.142874438780193,23.48252789997299,21.142874438780193,23.48252789997299
2021-08-07 06:00:00,4,21.0,21.0,0,1,20.899174048006223,23.009885447104438,20.899174048006223,23.009885447104438,20.899174048006223,23.009885447104438,20.899174048006223,23.009885447104438
2021-08-07 07:00:00,4,21.0,21.0,0,1,21.108890972341698,20.609534582303283,21.108890972341698,20.609534582303283,21.108890972341698,20.609534582303283,21.108890972341698,20.609534582303283
2021-08-07 08:00:00,4,22.0,25.0,0,1,20.85808490292496,23.68421856288166,20.85808490292496,23.68421856288166,20.85808490292496,23.68421856288166,20.85808490292496,23.68421856288166
2021-08-07 09:00:00,4,22.0,24.0,0,1,21.309102209898303,23.674230852795887,21.309102209898303,23.674230852795887,21.309102209898303,23.674230852795887,21.309102209898303,23.674230852795887
2021-08-07 10:00:00,4,21.0,21.0,0,1,21.03512241305332,21.002351612347038,21.03512241305332,21.002351612347038,21.03512241305332,21.002351612347038,21.03512241305332,21.002351612347038
2021-08-07 11:00:00,4,21.0,21.0,0,1,21.041535979222097,21.04720898736608,21.041535979222097,21.04720898736608,21.041535979222097,21.04720898736608,21.041535979222097,21.04720898736608
2021-08-07 12:00:00,4,23.0,26.0,0,1,20.751296801188268,23.703932442352873,20.751296801188268,23.703932442352873,20.751296801188268,23.703932442352873,20.751296801188268,23.703932442352873
2021-08-07 13:00:00,4,21.0,21.0,0,1,20.710160499494553,23.455662319346747,20.710160499494553,23.455662319346747,20.710160499494553,23.455662319346747,20.710160499494553,23.455662319346747
2021-08-07 14:00:00,4,21.0,21.0,0,1,20.97401349107934,20.459021903264723,20.97401349107934,20.459021903264723,20.97401349107934,20.459021903264723,20.97401349107934,20.459021903264723
2021-08-07 15:00:00,4,21.0,22.0,0,1,20.975564678720836,20.81284923591846,20.975564678720836,20.81284923591846,20.975564678720836,20.81284923591846,20.975564678720836,20.81284923591846
2021-08-07 16:00:00,4,24.0,25.0,0,1,20.75648369448731,23.37880761897437,20.75648369448731,23.37880761897437,20.75648369448731,23.37880761897437,20.75648369448731,23.37880761897437
2021-08-07 17:00:00,4,21.0,21.0,0,1,20.88071817261884,23.250415229447615,20.88071817261884,23.250415229447615,20.88071817261884,23.250415229447615,20.88071817261884,23.250415229447615
2021-08-07 18:00:00,4,21.0,21.0,0,1,21.217991716337878,20.739569677609165,21.217991716337878,20.739569677609165,21.217991716337878,20.739569677609165,21.217991716337878,20.739569677609165
2021-08-07 19:00:00,4,22.0,24.0,0,1,21.27346372019309,23.319095098136096,21.27346372019309,23.319095098136096,21.27346372019309,23.319095098136096,21.27346372019309,23.319095098136096
2021-08-07 20:00:00,4,23.0,26.0,0,1,21.357814344587734,23.362992683257296,21.357814344587734,23.362992683257296,21.357814344587734,23.362992683257296,21.357814344587734,23.362992683257296
2021-08-07 21:00:00,4,22.0,22.0,0,1,20.961563061318763,20.27704853141887,20.961563061318763,20.27704853141887,20.961563061318763,20.27704853141887,20.961563061318763,20.27704853141887
2021-08-07 22:00:00,4,21.0,21.0,0,1,21.366180748122627,23.366604743927535,21.366180748122627,23.366604743927535,21.366180748122627,23.366604743927535,21.366180748122627,23.366604743927535
2021-08-07 23:00:00,4,23.0,25.0,0,1,21.82722735051855,23.209321930977456,21.82722735051855,23.209321930977456,21.82722735051855,23.209321930977456,21.82722735051855,23.209321930977456
2021-08-08 00:00:00,4,21.0,21.0,0,1,21.36576951402302,23.30197008109066,21.36576951402302,23.30197008109066,21.36576951402302,23.30197008109066,21.36576951402302,23.30197008109066
2021-08-08 01:00:00,4,21.0,21.0,0,1,20.82769678502654,20.249996270609444,20.82769678502654,20.249996270609444,20.82769678502654,20.249996270609444,20.82769678502654,20.249996270609444
2021-08-08 02:00:00,4,21.0,21.0,0,1,21.743564347345423,23.574215512949095,21.743564347345423,23.574215512949095,21.743564347345423,23.574215512949095,21.743564347345423,23.574215512949095
2021-08-08 03:00:00,4,23.0,24.0,0,1,21.69418373363489,23.623499205739023,21.69418373363489,23.623499205739023,21.69418373363489,23.623499205739023,21.69418373363489,23.623499205739023
2021-08-08 04:00:00,4,21.0,21.0,0,1,20.939193868813685,20.21059884750335,20.939193868813685,20.21059884750335,20.939193868813685,20.21059884750335,20.939193868813685,20.21059884750335
2021-08-08 05:00:00,4,21.0,21.0,0,1,20.905981498967293,20.242122532009354,20.905981498967293,20.242122532009354,20.905981498967293,20.242122532009354,20.905981498967293,20.242122532009354
2021-08-08 06:00:00,4,21.0,23.0,0,1,21.22667906405979,23.552508029069887,21.22667906405979,23.552508029069887,21.22667906405979,23.552508029069887,21.22667906405979,23.552508029069887
2021-08-08 07:00:00,4,22.0,25.0,0,1,20.85808490292496,23.440917126256604,20.85808490292496,23.440917126256604,20.85808490292496,23.440917126256604,20.85808490292496,23.440917126256604
2021-08-08 08:00:00,4,21.0,21.0,0,1,21.085346407097212,20.511530858697178,21.085346407097212,20.511530858697178,21.085346407097212,20.511530858697178,21.085346407097212,20.511530858697178
2021-08-08 09:00:00,4,21.0,21.0,0,1,20.888153533900784,20.166825042595164,20.888153533900784,20.166825042595164,20.888153533900784,20.166825042595164,20.888153533900784,20.166825042595164
2021-08-08 10:00:00,4,23.0,25.0,0,1,21.150804693535385,23.920328459816297,21.150804693535385,23.920328459816297,21.150804693535385,23.920328459816297,21.150804693535385,23.920328459816297
2021-08-08 11:00:00,4,21.0,21.0,0,1,21.14526027804382,23.80189329139558,21.14526027804382,23.80189329139558,21.14526027804382,23.80189329139558,21.14526027804382,23.80189329139558
2021-08-08 12:00:00,4,21.0,21.0,0,1,20.959366881585026,20.272174025026217,20.959366881585026,20.272174025026217,20.959366881585026,20.272174025026217,20.959366881585026,20.272174025026217
2021-08-08 13:00:00,4,21.0,23.0,0,1,20.946317643335462,23.820218764225654,20.946317643335462,23.820218764225654,20.946317643335462,23.820218764225654,20.946317643335462,23.820218764225654
2021-08-08 14:00:00,4,22.0,25.0,0,1,20.95956214441678,23.81428450074552,20.95956214441678,23.81428450074552,20.95956214441678,23.81428450074552,20.95956214441678,23.81428450074552
2021-08-08 15:00:00,4,21.0,21.0,0,1,21.10767484630615,20.974314007096005,21.10767484630615,20.974314007096005,21.10767484630615,20.974314007096005,21.10767484630615,20.974314007096005
2021-08-08 16:00:00,4,21.0,21.0,0,1,21.05801566400465,20.170714620400865,21.05801566400465,20.170714620400865,21.05801566400465,20.170714620400865,21.05801566400465,20.170714620400865
2021-08-08 17:00:00,4,22.0,25.0,0,1,20.912046464431466,23.789640216967925,20.912046464431466,23.789640216967925,20.912046464431466,23.789640216967925,20.912046464431466,23.789640216967925
2021-08-08 18:00:00,4,22.0,24.0,0,1,20.82527476367272,23.75021397841228,20.82527476367272,23.75021397841228,20.82527476367272,23.75021397841228,20.82527476367272,23.75021397841228
2021-08-08 19:00:00,4,21.0,21.0,0,1,20.343478303848173,21.272050346459775,20.343478303848173,21.272050346459775,20.343478303848173,21.272050346459775,20.343478303848173,21.272050346459775
2021-08-08 20:00:00,4,21.0,22.0,0,1,20.905603578668206,20.434227172518863,20.905603578668206,20.434227172518863,20.905603578668206,20.434227172518863,20.905603578668206,20.434227172518863
2021-08-08 21:00:00,4,22.0,26.0,0,1,21.065166732813765,21.59119746304797,21.065166732813765,21.59119746304797,21.065166732813765,21.59119746304797,21.065166732813765,21.59119746304797
2021-08-08 22:00:00,4,21.0,22.0,0,1,21.087157095629465,20.869019019538428,21.087157095629465,20.869019019538428,21.087157095629465,20.869019019538428,21.087157095629465,20.869019019538428
2021-08-08 23:00:00,4,21.0,21.0,0,1,20.9913523163345,20.41367360632196,20.9913523163345,20.41367360632196,20.9913523163345,20.41367360632196,20.9913523163345,20.41367360632196
2021-08-09 00:00:00,4,21.0,21.0,0,0,21.564410592863364,21.146327254970014,21.564410592863364,21.146327254970014,21.564410592863364,21.146327254970014,21.564410592863364,21.146327254970014
2021-08-09 01:00:00,4,23.0,25.0,0,0,21.751130245859112,23.668138920730577,21.751130245859112,23.668138920730577,21.751130245859112,23.668138920730577,21.751130245859112,23.668138920730577
2021-08-09 02:00:00,4,20.0,21.0,0,0,21.751130245859112,23.4699692514796,21.751130245859112,23.4699692514796,21.751130245859112,23.4699692514796,21.751130245859112,23.4699692514796
2021-08-09 03:00:00,4,22.0,23.0,0,0,20.68619769105703,20.095141274826144,20.68619769105703,20.095141274826144,20.68619769105703,20.095141274826144,20.68619769105703,20.095141274826144
2021-08-09 04:00:00,4,21.0,22.0,0,0,21.730716558633898,23.789347954206,21.730716558633898,23.789347954206,21.730716558633898,23.789347954206,21.730716558633898,23.789347954206
2021-08-09 05:00:00,4,21.0,25.0,0,0,21.198871090365348,23.731322499248115,21.198871090365348,23.731322499248115,21.198871090365348,23.731322499248115,21.198871090365348,23.731322499248115
2021-08-09 06:00:00,4,20.0,20.0,0,0,20.813767459918207,20.571648917414926,20.813767459918207,20.571648917414926,20.813767459918207,20.571648917414926,20.813767459918207,20.571648917414926
2021-08-09 07:00:00,4,70.0,112.0,0,0,59.1150014229541,90.72318181416436,59.1150014229541,90.72318181416436,111.8566087222505,142.5400907465122,111.8566087222505,142.5400907465122
2021-08-09 08:00:00,4,193.0,215.0,1,0,121.01057171363377,158.49750662772703,121.01057171363377,158.49750662772703,121.01057171363377,158.49750662772703,121.01057171363377,158.49750662772703
2021-08-09 09:00:00,4,191.0,197.0,1,0,122.4484794251149,153.78353610040605,122.4484794251149,153.78353610040605,122.4484794251149,153.78353610040605,122.4484794251149,153.78353610040605
2021-08-09 10:00:00,4,182.0,201.0,1,0,121.68030411049656,156.22252363171125,121.68030411049656,156.22252363171125,121.68030411049656,156.22252363171125,121.68030411049656,156.22252363171125
2021-08-09 11:00:00,4,187.0,192.0,1,0,125.5046464968131,158.35364493460338,125.5046464968131,158.35364493460338,125.5046464968131,158.35364493460338,125.5046464968131,158.35364493460338
2021-08-09 12:00:00,4,129.0,144.0,0,0,104.255872522773,127.55747232870327,104.255872522773,127.55747232870327,104.255872522773,127.55747232870327,104.255872522773,127.55747232870327
2021-08-09 13:00:00,4,182.0,200.0,1,0,122.97502772958913,150.88473603329507,122.97502772958913,150.88473603329507,122.97502772958913,150.88473603329507,122.97502772958913,150.88473603329507
2021-08-09 14:00:00,4,183.0,191.0,1,0,128.60367836506407,154.3274345364294,128.60367836506407,154.3274345364294,128.60367836506407,154.3274345364294,128.60367836506407,154.3274345364294
2021-08-09 15:00:00,4,167.0,183.0,0,0,127.27175900674051,154.39623923313593,127.27175900674051,154.39623923313593,127.27175900674051,154.39623923313593,127.27175900674051,154.39623923313593
2021-08-09 16:00:00,4,184.0,191.0,1,0,129.50882750685227,151.9145420315319,129.50882750685227,151.9145420315319,129.50882750685227,151.9145420315319,129.50882750685227,151.9145420315319
2021-08-09 17:00:00,4,146.0,169.0,0,0,126.07315988592025,151.32737782822727,126.07315988592025,151.32737782822727,126.07315988592025,151.32737782822727,126.07315988592025,151.32737782822727
2021-08-09 18:00:00,4,98.0,103.0,0,0,129.27235971415507,146.99492052686105,129.27235971415507,146.99492052686105,129.27235971415507,146.99492052686105,129.27235971415507,146.99492052686105
2021-08-09 19:00:00,4,93.0,95.0,0,0,119.50296475207783,134.03208983355415,119.50296475207783,134.03208983355415,119.50296475207783,134.03208983355415,119.50296475207783,134.03208983355415
2021-08-09 20:00:00,4,109.0,113.0,0,0,106.30756224556539,113.44026542469344,106.30756224556539,113.44026542469344,106.30756224556539,113.44026542469344,106.30756224556539,113.44026542469344
2021-08-09 21:00:00,4,115.0,119.0,0,0,106.1543448811114,110.09214858471064,106.1543448811114,110.09214858471064,106.1543448811114,110.09214858471064,106.1543448811114,110.09214858471064
2021-08-09 22:00:00,4,109.0,112.0,0,0,99.04893765918258,105.25207462984248,99.04893765918258,105.25207462984248,99.04893765918258,105.25207462984248,99.04893765918258,105.25207462984248
2021-08-09 23:00:00,4,98.0,108.0,0,0,93.60264327698458,103.90638725957922,93.60264327698458,103.90638725957922,93.60264327698458,103.90638725957922,93.60264327698458,103.90638725957922
2021-08-10 00:00:00,4,68.0,71.0,0,0,73.99919237247512,80.4420198017403,73.99919237247512,80.4420198017403,63.75568554951843,67.16404403144189,63.75568554951843,67.16404403144189
2021-08-10 01:00:00,4,99.0,104.0,0,0,96.64359175432286,108.34924543183308,96.64359175432286,108.34924543183308,96.64359175432286,108.34924543183308,96.64359175432286,108.34924543183308
2021-08-10 02:00:00,4,96.0,97.0,0,0,99.05304195859047,107.2788267714645,99.05304195859047,107.2788267714645,99.05304195859047,107.2788267714645,99.05304195859047,107.2788267714645
2021-08-10 03:00:00,4,98.0,104.0,0,0,98.73434064834787,108.02192333698139,98.73434064834787,108.02192333698139,98.73434064834787,108.02192333698139,98.73434064834787,108.02192333698139
2021-08-10 04:00:00,4,101.0,103.0,0,0,96.70477677833948,106.4796866840328,96.70477677833948,106.4796866840328,96.70477677833948,106.4796866840328,96.70477677833948,106.4796866840328
2021-08-10 05:00:00,4,85.0,99.0,0,0,88.53605806151266,106.12337371864754,88.53605806151266,106.12337371864754,88.53605806151266,106.12337371864754,88.53605806151266,106.12337371864754
2021-08-10 06:00:00,4,100.0,105.0,0,0,105.05452029739156,107.0137421763475,105.05452029739156,107.0137421763475,105.05452029739156,107.0137421763475,105.05452029739156,107.0137421763475
2021-08-10 07:00:00,4,128.0,138.0,0,0,121.92941138009265,147.08043765985755,121.92941138009265,147.08043765985755,121.92941138009265,147.08043765985755,121.92941138009265,147.08043765985755
2021-08-10 08:00:00,4,183.0,195.0,1,0,166.89239291559275,176.796534425048,166.89239291559275,176.796534425048,166.89239291559275,176.796534425048,166.89239291559275,176.796534425048
2021-08-10 09:00:00,4,185.0,193.0,1,0,162.53656842904073,173.49776679508503,162.53656842904073,173.49776679508503,162.53656842904073,173.49776679508503,162.53656842904073,173.49776679508503
2021-08-10 10:00:00,4,175.0,192.0,1,0,162.96349229259118,178.07183374438745,162.96349229259118,178.07183374438745,162.96349229259118,178.07183374438745,162.96349229259118,178.07183374438745
2021-08-10 11:00:00,4,185.0,191.0,1,0,167.79704745248426,177.22638955975637,167.79704745248426,177.22638955975637,167.79704745248426,177.22638955975637,167.79704745248426,177.22638955975637
2021-08-10 12:00:00,4,107.0,119.0,0,0,119.03933257873118,130.43424559420768,119.03933257873118,130.43424559420768,119.03933257873118,130.43424559420768,119.03933257873118,130.43424559420768
2021-08-10 13:00:00,4,181.0,190.0,1,0,163.87439435030313,181.95210174597463,163.87439435030313,181.95210174597463,163.87439435030313,181.95210174597463,163.87439435030313,181.95210174597463
2021-08-10 14:00:00,4,170.0,180.0,0,0,163.5646038280227,178.11190526233764,163.5646038280227,178.11190526233764,163.5646038280227,178.11190526233764,163.5646038280227,178.11190526233764
2021-08-10 15:00:00,4,155.0,181.0,0,0,157.22350806547763,167.3251273337385,157.22350806547763,167.3251273337385,157.22350806547763,167.3251273337385,157.22350806547763,167.3251273337385
2021-08-10 16:00:00,4,169.0,182.0,0,0,162.97728754430676,172.9791157367067,162.97728754430676,172.9791157367067,162.97728754430676,172.9791157367067,162.97728754430676,172.9791157367067
2021-08-10 17:00:00,4,126.0,156.0,0,0,125.5792016280853,156.04422867670996,125.5792016280853,156.04422867670996,125.5792016280853,156.04422867670996,125.5792016280853,156.04422867670996
2021-08-10 18:00:00,4,165.0,168.0,0,0,134.20696214021544,159.17138217403394,134.20696214021544,159.17138217403394,134.20696214021544,159.17138217403394,134.20696214021544,159.17138217403394
2021-08-10 19:00:00,4,156.0,163.0,0,0,128.49071121981487,144.54045030765343,128.49071121981487,144.54045030765343,128.49071121981487,144.54045030765343,128.49071121981487,144.54045030765343
2021-08-10 20:00:00,4,129.0,135.0,0,0,115.6084537937946,124.21927756629415,115.6084537937946,124.21927756629415,115.6084537937946,124.21927756629415,115.6084537937946,124.21927756629415
2021-08-10 21:00:00,4,123.0,127.0,0,0,113.18629113950969,117.3892350864466,113.18629113950969,117.3892350864466,113.18629113950969,117.3892350864466,113.18629113950969,117.3892350864466
2021-08-10 22:00:00,4,106.0,114.0,0,0,104.96785940242458,113.84763346902551,104.96785940242458,113.84763346902551,104.96785940242458,113.84763346902551,104.96785940242458,113.84763346902551
2021-08-10 23:00:00,4,99.0,109.0,0,0,94.35635496671058,110.30805523081412,94.35635496671058,110.30805523081412,94.35635496671058,110.30805523081412,94.35635496671058,110.30805523081412
2021-08-11 00:00:00,4,77.0,83.0,0,0,65.11489784499653,69.9500209147881,65.11489784499653,69.9500209147881,65.11489784499653,69.9500209147881,65.11489784499653,69.9500209147881
2021-08-11 01:00:00,4,99.0,108.0,0,0,95.79785401643582,104.40900027396904,95.79785401643582,104.40900027396904,95.79785401643582,104.40900027396904,95.79785401643582,104.40900027396904
2021-08-11 02:00:00,4,109.0,114.0,0,0,95.67980540204553,103.27822777259357,95.67980540204553,103.27822777259357,95.67980540204553,103.27822777259357,95.67980540204553,103.27822777259357
2021-08-11 03:00:00,4,104.0,113.0,0,0,95.3622231497154,104.19211333064527,95.3622231497154,104.19211333064527,95.3622231497154,104.19211333064527,95.3622231497154,104.19211333064527
2021-08-11 04:00:00,4,111.0,116.0,0,0,99.74043723840343,103.508269624874,99.74043723840343,103.508269624874,99.74043723840343,103.508269624874,99.74043723840343,103.508269624874
2021-08-11 05:00:00,4,92.0,105.0,0,0,87.08728632649489,102.4725008458899,87.08728632649489,102.4725008458899,87.08728632649489,102.4725008458899,87.08728632649489,102.4725008458899
2021-08-11 06:00:00,4,122.0,129.0,0,0,98.7060152369081,107.86176507689478,98.7060152369081,107.86176507689478,98.7060152369081,107.86176507689478,98.7060152369081,107.86176507689478
2021-08-11 07:00:00,4,132.0,150.0,0,0,120.82744090799132,148.43243518718822,120.82744090799132,148.43243518718822,120.82744090799132,148.43243518718822,120.82744090799132,148.43243518718822
2021-08-11 08:00:00,4,203.0,218.0,1,0,180.9317578185837,182.3293931417795,180.9317578185837,182.3293931417795,180.9317578185837,182.3293931417795,180.9317578185837,182.3293931417795
2021-08-11 09:00:00,4,179.0,189.0,1,0,179.0493632658641,183.3548633338836,179.0493632658641,183.3548633338836,179.0493632658641,183.3548633338836,179.0493632658641,183.3548633338836
2021-08-11 10:00:00,4,183.0,192.0,1,0,171.69173888658324,187.1619868043194,171.69173888658324,187.1619868043194,171.69173888658324,187.1619868043194,171.69173888658324,187.1619868043194
2021-08-11 11:00:00,4,184.0,192.0,1,0,172.98831172624614,185.56830414955994,172.98831172624614,185.56830414955994,172.98831172624614,185.56830414955994,172.98831172624614,185.56830414955994
2021-08-11 12:00:00,4,113.0,132.0,0,0,126.53439782906776,132.0266673699396,126.53439782906776,132.0266673699396,126.53439782906776,132.0266673699396,126.53439782906776,132.0266673699396
2021-08-11 13:00:00,4,183.0,205.0,1,0,169.63006680706005,185.59024623109303,169.63006680706005,185.59024623109303,169.63006680706005,185.59024623109303,169.63006680706005,185.59024623109303
2021-08-11 14:00:00,4,187.0,207.0,1,0,172.35996036360737,183.71488958029536,172.35996036360737,183.71488958029536,172.35996036360737,183.71488958029536,172.35996036360737,183.71488958029536
2021-08-11 15:00:00,4,153.0,177.0,0,0,154.97714739397435,175.25392078171623,154.97714739397435,175.25392078171623,154.97714739397435,175.25392078171623,154.97714739397435,175.25392078171623
2021-08-11 16:00:00,4,182.0,187.0,1,0,166.49180085792113,175.45968093457543,166.49180085792113,175.45968093457543,166.49180085792113,175.45968093457543,166.49180085792113,175.45968093457543
2021-08-11 17:00:00,4,151.0,177.0,0,0,128.07558461299575,161.2534841348988,128.07558461299575,161.2534841348988,128.07558461299575,161.2534841348988,128.07558461299575,161.2534841348988
2021-08-11 18:00:00,4,180.0,194.0,1,0,143.49003484514247,167.85747900186846,143.49003484514247,167.85747900186846,143.49003484514247,167.85747900186846,143.49003484514247,167.85747900186846
2021-08-11 19:00:00,4,150.0,163.0,0,0,134.2247099336076,152.9926809137164,134.2247099336076,152.9926809137164,134.2247099336076,152.9926809137164,134.2247099336076,152.9926809137164
2021-08-11 20:00:00,4,125.0,128.0,0,0,108.23478308833126,119.12513660244997,108.23478308833126,119.12513660244997,108.23478308833126,119.12513660244997,108.23478308833126,119.12513660244997
2021-08-11 21:00:00,4,108.0,115.0,0,0,106.20627892074202,113.83025532146635,106.20627892074202,113.83025532146635,106.20627892074202,113.83025532146635,106.20627892074202,113.83025532146635
2021-08-11 22:00:00,4,110.0,116.0,0,0,104.19526586895502,113.6739556891952,104.19526586895502,113.6739556891952,104.19526586895502,113.6739556891952,104.19526586895502,113.6739556891952
2021-08-11 23:00:00,4,99.0,109.0,0,0,93.27990580247955,109.52483995792645,93.27990580247955,109.52483995792645,93.27990580247955,109.52483995792645,93.27990580247955,109.52483995792645
2021-08-12 00:00:00,4,76.0,81.0,0,0,64.81396309536646,71.57376820323486,64.81396309536646,71.57376820323486,64.81396309536646,71.57376820323486,64.81396309536646,71.57376820323486
2021-08-12 01:00:00,4,105.0,115.0,0,0,96.78310089357889,111.03486194587677,96.78310089357889,111.03486194587677,96.78310089357889,111.03486194587677,96.78310089357889,111.03486194587677
2021-08-12 02:00:00,4,108.0,110.0,0,0,103.97867884777087,116.44302426664365,103.97867884777087,116.44302426664365,103.97867884777087,116.44302426664365,103.97867884777087,116.44302426664365
2021-08-12 03:00:00,4,104.0,110.0,0,0,99.7497495346041,117.00889421871491,99.7497495346041,117.00889421871491,99.7497495346041,117.00889421871491,99.7497495346041,117.00889421871491
2021-08-12 04:00:00,4,107.0,114.0,0,0,105.87613250052364,117.72141993309634,105.87613250052364,117.72141993309634,105.87613250052364,117.72141993309634,105.87613250052364,117.72141993309634
2021-08-12 05:00:00,4,89.0,103.0,0,0,89.73919511204006,107.78273286919291,89.73919511204006,107.78273286919291,89.73919511204006,107.78273286919291,89.73919511204006,107.78273286919291
2021-08-12 06:00:00,4,114.0,117.0,0,0,112.90879033830632,119.03190846200725,112.90879033830632,119.03190846200725,112.90879033830632,119.03190846200725,112.90879033830632,119.03190846200725
2021-08-12 07:00:00,4,130.0,149.0,0,0,120.31680837155722,143.8052954675453,120.31680837155722,143.8052954675453,120.31680837155722,143.8052954675453,120.31680837155722,143.8052954675453
2021-08-12 08:00:00,4,187.0,196.0,1,0,180.49496026471252,184.9151544808362,180.49496026471252,184.9151544808362,180.49496026471252,184.9151544808362,180.49496026471252,184.9151544808362
2021-08-12 09:00:00,4,181.0,189.0,1,0,175.21812506903646,185.60733891629334,175.21812506903646,185.60733891629334,175.21812506903646,185.60733891629334,175.21812506903646,185.60733891629334
2021-08-12 10:00:00,4,177.0,186.0,0,0,174.77604185104545,187.29342725635348,174.77604185104545,187.29342725635348,174.77604185104545,187.29342725635348,174.77604185104545,187.29342725635348
2021-08-12 11:00:00,4,188.0,199.0,1,0,179.16606066594701,185.25864169576545,179.16606066594701,185.25864169576545,179.16606066594701,185.25864169576545,179.16606066594701,185.25864169576545
2021-08-12 12:00:00,4,120.0,133.0,0,0,105.68780173010948,123.54333247741039,105.68780173010948,123.54333247741039,105.68780173010948,123.54333247741039,105.68780173010948,123.54333247741039
2021-08-12 13:00:00,4,170.0,191.0,1,0,176.6249918107867,193.0281908034789,176.6249918107867,193.0281908034789,176.6249918107867,193.0281908034789,176.6249918107867,193.0281908034789
2021-08-12 14:00:00,4,184.0,193.0,1,0,167.37490473210346,180.288855410559,167.37490473210346,180.288855410559,167.37490473210346,180.288855410559,167.37490473210346,180.288855410559
2021-08-12 15:00:00,4,165.0,197.0,1,0,156.02298003276394,172.17555400987445,156.02298003276394,172.17555400987445,156.02298003276394,172.17555400987445,156.02298003276394,172.17555400987445
2021-08-12 16:00:00,4,170.0,176.0,0,0,158.5608853526671,173.09571804041164,158.5608853526671,173.09571804041164,158.5608853526671,173.09571804041164,158.5608853526671,173.09571804041164
2021-08-12 17:00:00,4,135.0,160.0,0,0,128.71359631335642,162.6191885310043,128.71359631335642,162.6191885310043,128.71359631335642,162.6191885310043,128.71359631335642,162.6191885310043
2021-08-12 18:00:00,4,172.0,177.0,0,0,143.65200343880014,159.63940273857847,143.65200343880014,159.63940273857847,143.65200343880014,159.63940273857847,143.65200343880014,159.63940273857847
2021-08-12 19:00:00,4,161.0,182.0,0,0,132.85377588209207,153.32302396723176,132.85377588209207,153.32302396723176,132.85377588209207,153.32302396723176,132.85377588209207,153.32302396723176
2021-08-12 20:00:00,4,125.0,127.0,0,0,116.3248897349934,123.134642242495,116.3248897349934,123.134642242495,116.3248897349934,123.134642242495,116.3248897349934,123.134642242495
2021-08-12 21:00:00,4,112.0,114.0,0,0,113.64741797163795,122.15528640498593,113.64741797163795,122.15528640498593,113.64741797163795,122.15528640498593,113.64741797163795,122.15528640498593
2021-08-12 22:00:00,4,116.0,122.0,0,0,103.83695640454876,113.03617626201574,103.83695640454876,113.03617626201574,103.83695640454876,113.03617626201574,103.83695640454876,113.03617626201574
2021-08-12 23:00:00,4,103.0,118.0,0,0,95.28604025367521,113.13986404644896,95.28604025367521,113.13986404644896,95.28604025367521,113.13986404644896,95.28604025367521,113.13986404644896
2021-08-13 00:00:00,4,72.0,79.0,0,0,73.99429813289647,76.31918727503255,73.99429813289647,76.31918727503255,73.99429813289647,76.31918727503255,73.99429813289647,76.31918727503255
2021-08-13 01:00:00,4,100.0,105.0,0,0,99.43527278260721,110.30534620517447,99.43527278260721,110.30534620517447,99.43527278260721,110.30534620517447,99.43527278260721,110.30534620517447
2021-08-13 02:00:00,4,112.0,117.0,0,0,100.70160356428381,109.93164814732064,100.70160356428381,109.93164814732064,100.70160356428381,109.93164814732064,100.70160356428381,109.93164814732064
2021-08-13 03:00:00,4,116.0,120.0,0,0,99.41188572218617,108.58483397203402,99.41188572218617,108.58483397203402,99.41188572218617,108.58483397203402,99.41188572218617,108.58483397203402
2021-08-13 04:00:00,4,110.0,116.0,0,0,100.46031809921094,109.0243099033144,100.46031809921094,109.0243099033144,100.46031809921094,109.0243099033144,100.46031809921094,109.0243099033144
2021-08-13 05:00:00,4,88.0,108.0,0,0,88.02513777775873,101.46400898889529,88.02513777775873,101.46400898889529,88.02513777775873,101.46400898889529,88.02513777775873,101.46400898889529
2021-08-13 06:00:00,4,110.0,116.0,0,0,115.91722792215823,118.01537802554483,115.91722792215823,118.01537802554483,115.91722792215823,118.01537802554483,115.91722792215823,118.01537802554483
2021-08-13 07:00:00,4,136.0,166.0,0,0,124.48851988849714,145.18225110528314,124.48851988849714,145.18225110528314,124.48851988849714,145.18225110528314,124.48851988849714,145.18225110528314
2021-08-13 08:00:00,4,196.0,207.0,1,0,180.64571011014135,185.76146168311843,180.64571011014135,185.76146168311843,180.64571011014135,185.76146168311843,180.64571011014135,185.76146168311843
2021-08-13 09:00:00,4,188.0,191.0,1,0,174.33521640822258,177.51207692881746,174.33521640822258,177.51207692881746,174.33521640822258,177.51207692881746,174.33521640822258,177.51207692881746
2021-08-13 10:00:00,4,184.0,201.0,1,0,173.42365373320195,177.91851559278828,173.42365373320195,177.91851559278828,173.42365373320195,177.91851559278828,173.42365373320195,177.91851559278828
2021-08-13 11:00:00,4,196.0,204.0,1,0,175.00560124732488,181.65549302102482,175.00560124732488,181.65549302102482,175.00560124732488,181.65549302102482,175.00560124732488,181.65549302102482
2021-08-13 12:00:00,4,111.0,134.0,0,0,108.43400551951585,119.48574250461535,108.43400551951585,119.48574250461535,108.43400551951585,119.48574250461535,108.43400551951585,119.48574250461535
2021-08-13 13:00:00,4,183.0,195.0,1,0,170.67908306830313,181.3211628998278,170.67908306830313,181.3211628998278,170.67908306830313,181.3211628998278,170.67908306830313,181.3211628998278
2021-08-13 14:00:00,4,189.0,200.0,1,0,177.23037097470367,184.05357914906898,177.23037097470367,184.05357914906898,177.23037097470367,184.05357914906898,177.23037097470367,184.05357914906898
2021-08-13 15:00:00,4,167.0,195.0,1,0,164.28087726387307,176.8459671583759,164.28087726387307,176.8459671583759,164.28087726387307,176.8459671583759,164.28087726387307,176.8459671583759
2021-08-13 16:00:00,4,183.0,186.0,0,0,170.19148308786959,175.29111896492415,170.19148308786959,175.29111896492415,170.19148308786959,175.29111896492415,170.19148308786959,175.29111896492415
2021-08-13 17:00:00,4,149.0,176.0,0,0,129.89798324272792,159.816604301134,129.89798324272792,159.816604301134,129.89798324272792,159.816604301134,129.89798324272792,159.816604301134
2021-08-13 18:00:00,4,174.0,177.0,0,0,154.92604797805853,166.68820399832452,154.92604797805853,166.68820399832452,154.92604797805853,166.68820399832452,154.92604797805853,166.68820399832452
2021-08-13 19:00:00,4,146.0,168.0,0,0,137.07457280444743,149.95900367184055,137.07457280444743,149.95900367184055,137.07457280444743,149.95900367184055,137.07457280444743,149.95900367184055
2021-08-13 20:00:00,4,117.0,125.0,0,0,113.12200423382019,118.34424307315815,113.12200423382019,118.34424307315815,113.12200423382019,118.34424307315815,113.12200423382019,118.34424307315815
2021-08-13 21:00:00,4,113.0,119.0,0,0,109.71646124968102,114.87248051994614,109.71646124968102,114.87248051994614,109.71646124968102,114.87248051994614,109.71646124968102,114.87248051994614
2021-08-13 22:00:00,4,109.0,118.0,0,0,102.77195952465749,108.16342602770695,102.77195952465749,108.16342602770695,102.77195952465749,108.16342602770695,102.77195952465749,108.16342602770695
2021-08-13 23:00:00,4,97.0,116.0,0,0,94.33201606105585,107.9160921079944,94.33201606105585,107.9160921079944,94.33201606105585,107.9160921079944,94.33201606105585,107.9160921079944
2021-08-14 00:00:00,4,62.0,67.0,0,0,66.20021668816185,70.14070738318908,66.20021668816185,70.14070738318908,66.20021668816185,70.14070738318908,66.20021668816185,70.14070738318908
2021-08-14 01:00:00,4,97.0,106.0,0,0,95.87670483121424,105.39998684641766,95.87670483121424,105.39998684641766,95.87670483121424,105.39998684641766,95.87670483121424,105.39998684641766
2021-08-14 02:00:00,4,107.0,108.0,0,0,101.42004199852215,109.57379633112896,101.42004199852215,109.57379633112896,101.42004199852215,109.57379633112896,101.42004199852215,109.57379633112896
2021-08-14 03:00:00,4,91.0,98.0,0,0,102.48983143786862,109.65088427384518,102.48983143786862,109.65088427384518,102.48983143786862,109.65088427384518,102.48983143786862,109.65088427384518
2021-08-14 04:00:00,4,98.0,100.0,0,0,99.91638876844324,107.54119883473098,99.91638876844324,107.54119883473098,99.91638876844324,107.54119883473098,99.91638876844324,107.54119883473098
2021-08-14 05:00:00,4,83.0,91.0,0,0,87.88068230639878,106.30193393522937,87.88068230639878,106.30193393522937,87.88068230639878,106.30193393522937,87.88068230639878,106.30193393522937
2021-08-14 06:00:00,4,86.0,91.0,0,0,103.6613722681253,110.792160017008,103.6613722681253,110.792160017008,103.6613722681253,110.792160017008,103.6613722681253,110.792160017008
2021-08-14 07:00:00,4,53.0,75.0,0,0,116.80387639831272,145.37434575950763,116.80387639831272,145.37434575950763,59.954433497929635,80.75372661601082,59.954433497929635,80.75372661601082
2021-08-14 08:00:00,4,23.0,26.0,0,0,22.60485509045904,24.02929177060278,22.60485509045904,24.02929177060278,22.60485509045904,24.02929177060278,22.60485509045904,24.02929177060278
2021-08-14 09:00:00,4,22.0,23.0,0,0,22.834306219119583,23.27029170678992,22.834306219119583,23.27029170678992,22.834306219119583,23.27029170678992,22.834306219119583,23.27029170678992
2021-08-14 10:00:00,4,21.0,21.0,0,0,22.34372427168176,23.76607068468824,22.34372427168176,23.76607068468824,22.34372427168176,23.76607068468824,22.34372427168176,23.76607068468824
2021-08-14 11:00:00,4,23.0,26.0,0,0,22.375146877112304,23.736337744537057,22.375146877112304,23.736337744537057,22.375146877112304,23.736337744537057,22.375146877112304,23.736337744537057
2021-08-14 12:00:00,4,22.0,23.0,0,0,23.063505885297076,24.517982010387055,23.063505885297076,24.517982010387055,23.063505885297076,24.517982010387055,23.063505885297076,24.517982010387055
2021-08-14 13:00:00,4,21.0,21.0,0,0,22.218018349620646,23.678630232017206,22.218018349620646,23.678630232017206,22.218018349620646,23.678630232017206,22.218018349620646,23.678630232017206
2021-08-14 14:00:00,4,22.0,22.0,0,0,22.035314527675485,24.09800583303289,22.035314527675485,24.09800583303289,22.035314527675485,24.09800583303289,22.035314527675485,24.09800583303289
2021-08-14 15:00:00,4,23.0,26.0,0,0,21.51709823313442,23.830979792037308,21.51709823313442,23.830979792037308,21.51709823313442,23.830979792037308,21.51709823313442,23.830979792037308
2021-08-14 16:00:00,4,22.0,22.0,0,0,23.012686291996065,23.754392691652768,23.012686291996065,23.754392691652768,23.012686291996065,23.754392691652768,23.012686291996065,23.754392691652768
2021-08-14 17:00:00,4,21.0,22.0,0,0,22.170088578678502,23.090623771121173,22.170088578678502,23.090623771121173,22.170088578678502,23.090623771121173,22.170088578678502,23.090623771121173
2021-08-14 18:00:00,4,22.0,24.0,0,0,21.97022972872202,23.773535712347318,21.97022972872202,23.773535712347318,21.97022972872202,23.773535712347318,21.97022972872202,23.773535712347318
2021-08-14 19:00:00,4,23.0,26.0,0,0,22.54166213723556,23.41493649851026,22.54166213723556,23.41493649851026,22.54166213723556,23.41493649851026,22.54166213723556,23.41493649851026
2021-08-14 20:00:00,4,22.0,22.0,0,0,23.268905789043185,24.099860834890368,23.268905789043185,24.099860834890368,23.268905789043185,24.099860834890368,23.268905789043185,24.099860834890368
2021-08-14 21:00:00,4,22.0,23.0,0,0,23.25552190193005,24.09593630292299,23.25552190193005,24.09593630292299,23.25552190193005,24.09593630292299,23.25552190193005,24.09593630292299
2021-08-14 22:00:00,4,23.0,25.0,0,0,22.60080785754337,23.690932369263365,22.60080785754337,23.690932369263365,22.60080785754337,23.690932369263365,22.60080785754337,23.690932369263365
2021-08-14 23:00:00,4,22.0,22.0,0,0,23.002356408873812,23.45861375486787,23.002356408873812,23.45861375486787,23.002356408873812,23.45861375486787,23.002356408873812,23.45861375486787
2021-08-15 00:00:00,4,22.0,22.0,0,1,22.768254205290265,23.56147934617745,22.768254205290265,23.56147934617745,22.768254205290265,23.56147934617745,22.768254205290265,23.56147934617745
2021-08-15 01:00:00,4,23.0,28.0,0,1,22.58811528918057,23.977840130705438,22.58811528918057,23.977840130705438,22.58811528918057,23.977840130705438,22.58811528918057,23.977840130705438
2021-08-15 02:00:00,4,22.0,24.0,0,1,22.894133234982952,23.358667330600703,22.894133234982952,23.358667330600703,22.894133234982952,23.358667330600703,22.894133234982952,23.358667330600703
2021-08-15 03:00:00,4,21.0,22.0,0,1,22.72613366124753,23.149077758907094,22.72613366124753,23.149077758907094,22.72613366124753,23.149077758907094,22.72613366124753,23.149077758907094
2021-08-15 04:00:00,4,22.0,22.0,0,1,22.78383088805977,23.101223408892928,22.78383088805977,23.101223408892928,22.78383088805977,23.101223408892928,22.78383088805977,23.101223408892928
2021-08-15 05:00:00,4,23.0,25.0,0,1,22.210222916216335,23.233130996536744,22.210222916216335,23.233130996536744,22.210222916216335,23.233130996536744,22.210222916216335,23.233130996536744
2021-08-15 06:00:00,4,22.0,22.0,0,1,22.06763889094975,22.73254781953493,22.06763889094975,22.73254781953493,22.06763889094975,22.73254781953493,22.06763889094975,22.73254781953493
2021-08-15 07:00:00,4,21.0,21.0,0,1,22.810248402251453,23.211994663976594,22.810248402251453,23.211994663976594,22.810248402251453,23.211994663976594,22.810248402251453,23.211994663976594
2021-08-15 08:00:00,4,23.0,26.0,0,1,22.406181645495867,23.403940239742777,22.406181645495867,23.403940239742777,22.406181645495867,23.403940239742777,22.406181645495867,23.403940239742777
2021-08-15 09:00:00,4,23.0,24.0,0,1,22.44733299332206,22.95428974294897,22.44733299332206,22.95428974294897,22.44733299332206,22.95428974294897,22.44733299332206,22.95428974294897
2021-08-15 10:00:00,4,21.0,21.0,0,1,22.689890355719346,23.539943102047495,22.689890355719346,23.539943102047495,22.689890355719346,23.539943102047495,22.689890355719346,23.539943102047495
2021-08-15 11:00:00,4,22.0,22.0,0,1,21.969394793752244,23.167123535157575,21.969394793752244,23.167123535157575,21.969394793752244,23.167123535157575,21.969394793752244,23.167123535157575
2021-08-15 12:00:00,4,23.0,26.0,0,1,22.21772719980693,23.319659359109462,22.21772719980693,23.319659359109462,22.21772719980693,23.319659359109462,22.21772719980693,23.319659359109462
2021-08-15 13:00:00,4,22.0,22.0,0,1,21.799447473327106,22.873569185954363,21.799447473327106,22.873569185954363,21.799447473327106,22.873569185954363,21.799447473327106,22.873569185954363
2021-08-15 14:00:00,4,22.0,22.0,0,1,22.696422502633997,24.13938018325556,22.696422502633997,24.13938018325556,22.696422502633997,24.13938018325556,22.696422502633997,24.13938018325556
2021-08-15 15:00:00,4,21.0,21.0,0,1,22.026541265183898,23.331605922778177,22.026541265183898,23.331605922778177,22.026541265183898,23.331605922778177,22.026541265183898,23.331605922778177
2021-08-15 16:00:00,4,23.0,25.0,0,1,22.0200909906068,23.167414340193808,22.0200909906068,23.167414340193808,22.0200909906068,23.167414340193808,22.0200909906068,23.167414340193808
2021-08-15 17:00:00,4,22.0,22.0,0,1,22.734393530428115,23.405167034236428,22.734393530428115,23.405167034236428,22.734393530428115,23.405167034236428,22.734393530428115,23.405167034236428
2021-08-15 18:00:00,4,21.0,21.0,0,1,22.561023450149033,23.118171947139103,22.561023450149033,23.118171947139103,22.561023450149033,23.118171947139103,22.561023450149033,23.118171947139103
2021-08-15 19:00:00,4,23.0,25.0,0,1,21.814748155972513,23.120938468268516,21.814748155972513,23.120938468268516,21.814748155972513,23.120938468268516,21.814748155972513,23.120938468268516
2021-08-15 20:00:00,4,22.0,22.0,0,1,21.904125631397466,22.88992626976767,21.904125631397466,22.88992626976767,21.904125631397466,22.88992626976767,21.904125631397466,22.88992626976767
2021-08-15 21:00:00,4,22.0,22.0,0,1,23.414057582708864,24.119469240326183,23.414057582708864,24.119469240326183,23.414057582708864,24.119469240326183,23.414057582708864,24.119469240326183
2021-08-15 22:00:00,4,23.0,24.0,0,1,21.914741778864627,23.353486024137464,21.914741778864627,23.353486024137464,21.914741778864627,23.353486024137464,21.914741778864627,23.353486024137464
2021-08-15 23:00:00,4,23.0,25.0,0,1,22.447624038363518,23.389928045501794,22.447624038363518,23.389928045501794,22.447624038363518,23.389928045501794,22.447624038363518,23.389928045501794
2021-08-16 00:00:00,4,22.0,22.0,0,0,22.65058759365255,25.270842596654138,22.65058759365255,25.270842596654138,22.65058759365255,25.270842596654138,22.65058759365255,25.270842596654138
2021-08-16 01:00:00,4,21.0,23.0,0,0,22.90071862505425,24.059768547299925,22.90071862505425,24.059768547299925,22.90071862505425,24.059768547299925,22.90071862505425,24.059768547299925
2021-08-16 02:00:00,4,23.0,26.0,0,0,22.80515491061905,24.733355019455825,22.80515491061905,24.733355019455825,22.80515491061905,24.733355019455825,22.80515491061905,24.733355019455825
2021-08-16 03:00:00,4,21.0,21.0,0,0,22.94089787940635,24.028327753632553,22.94089787940635,24.028327753632553,22.94089787940635,24.028327753632553,22.94089787940635,24.028327753632553
2021-08-16 04:00:00,4,22.0,22.0,0,0,22.096509031520835,23.747301760691936,22.096509031520835,23.747301760691936,22.096509031520835,23.747301760691936,22.096509031520835,23.747301760691936
2021-08-16 05:00:00,4,22.0,22.0,0,0,21.583634717969485,23.40710507335496,21.583634717969485,23.40710507335496,21.583634717969485,23.40710507335496,21.583634717969485,23.40710507335496
2021-08-16 06:00:00,4,23.0,26.0,0,0,22.36785149041165,24.375602505055397,22.36785149041165,24.375602505055397,22.36785149041165,24.375602505055397,22.36785149041165,24.375602505055397
2021-08-16 07:00:00,4,60.0,122.0,0,0,59.858080267013385,101.79486256906128,59.858080267013385,101.79486256906128,115.5628703713365,140.11490955943134,115.5628703713365,140.11490955943134
2021-08-16 08:00:00,4,174.0,183.0,0,0,180.4874840578495,201.62374752612573,180.4874840578495,201.62374752612573,180.4874840578495,201.62374752612573,180.4874840578495,201.62374752612573
2021-08-16 09:00:00,4,183.0,190.0,1,0,182.17201432032775,193.95161262647042,182.17201432032775,193.95161262647042,182.17201432032775,193.95161262647042,182.17201432032775,193.95161262647042
2021-08-16 10:00:00,4,144.0,157.0,0,0,174.09553513433445,188.0710316428745,174.09553513433445,188.0710316428745,174.09553513433445,188.0710316428745,174.09553513433445,188.0710316428745
2021-08-16 11:00:00,4,155.0,157.0,0,0,183.49764669483574,193.13210832178459,183.49764669483574,193.13210832178459,183.49764669483574,193.13210832178459,183.49764669483574,193.13210832178459
2021-08-16 12:00:00,4,97.0,107.0,0,0,141.12599888810516,148.59101410461125,141.12599888810516,148.59101410461125,141.12599888810516,148.59101410461125,141.12599888810516,148.59101410461125
2021-08-16 13:00:00,4,153.0,157.0,0,0,178.01713924553815,190.4670925782507,178.01713924553815,190.4670925782507,178.01713924553815,190.4670925782507,178.01713924553815,190.4670925782507
2021-08-16 14:00:00,4,146.0,153.0,0,0,176.61654881170352,185.64651391382887,176.61654881170352,185.64651391382887,176.61654881170352,185.64651391382887,176.61654881170352,185.64651391382887
2021-08-16 15:00:00,4,133.0,146.0,0,0,166.7122365991662,185.3482916200018,166.7122365991662,185.3482916200018,166.7122365991662,185.3482916200018,166.7122365991662,185.3482916200018
2021-08-16 16:00:00,4,116.0,125.0,0,0,165.7017322293959,174.54827938006366,165.7017322293959,174.54827938006366,165.7017322293959,174.54827938006366,165.7017322293959,174.54827938006366
2021-08-16 17:00:00,4,100.0,105.0,0,0,138.25022152857696,161.72497474073054,138.25022152857696,161.72497474073054,138.25022152857696,161.72497474073054,138.25022152857696,161.72497474073054
2021-08-16 18:00:00,4,92.0,94.0,0,0,138.48314349438218,151.34199838933154,138.48314349438218,151.34199838933154,138.48314349438218,151.34199838933154,138.48314349438218,151.34199838933154
2021-08-16 19:00:00,4,89.0,95.0,0,0,126.2562976509606,139.16206576792604,126.2562976509606,139.16206576792604,126.2562976509606,139.16206576792604,126.2562976509606,139.16206576792604
2021-08-16 20:00:00,4,98.0,102.0,0,0,118.00720860459538,125.22062615681246,118.00720860459538,125.22062615681246,118.00720860459538,125.22062615681246,118.00720860459538,125.22062615681246
2021-08-16 21:00:00,4,112.0,116.0,0,0,117.62822849096688,124.68688953540145,117.62822849096688,124.68688953540145,117.62822849096688,124.68688953540145,117.62822849096688,124.68688953540145
2021-08-16 22:00:00,4,95.0,102.0,0,0,105.43739730783498,114.70885722206022,105.43739730783498,114.70885722206022,105.43739730783498,114.70885722206022,105.43739730783498,114.70885722206022
2021-08-16 23:00:00,4,96.0,102.0,0,0,102.7818950341955,115.66625143824793,102.7818950341955,115.66625143824793,102.7818950341955,115.66625143824793,102.7818950341955,115.66625143824793
2021-08-17 00:00:00,4,70.0,71.0,0,0,66.77028185275684,69.02788796013205,66.77028185275684,69.02788796013205,66.77028185275684,69.02788796013205,66.77028185275684,69.02788796013205
2021-08-17 01:00:00,4,96.0,100.0,0,0,105.37627874011497,106.50430273652533,105.37627874011497,106.50430273652533,105.37627874011497,106.50430273652533,105.37627874011497,106.50430273652533
2021-08-17 02:00:00,4,98.0,101.0,0,0,105.0673711149547,108.57342247552278,105.0673711149547,108.57342247552278,105.0673711149547,108.57342247552278,105.0673711149547,108.57342247552278
2021-08-17 03:00:00,4,92.0,99.0,0,0,104.98362516763325,108.28828670057383,104.98362516763325,108.28828670057383,104.98362516763325,108.28828670057383,104.98362516763325,108.28828670057383
2021-08-17 04:00:00,4,93.0,98.0,0,0,103.67218005280574,108.33632221712848,103.67218005280574,108.33632221712848,103.67218005280574,108.33632221712848,103.67218005280574,108.33632221712848
2021-08-17 05:00:00,4,86.0,103.0,0,0,87.88606110463175,104.78122498030297,87.88606110463175,104.78122498030297,87.88606110463175,104.78122498030297,87.88606110463175,104.78122498030297
2021-08-17 06:00:00,4,94.0,96.0,0,0,108.50716332914249,109.22647729209903,108.50716332914249,109.22647729209903,108.50716332914249,109.22647729209903,108.50716332914249,109.22647729209903
2021-08-17 07:00:00,4,125.0,146.0,0,0,129.9606403174229,146.46976359021147,129.9606403174229,146.46976359021147,129.9606403174229,146.46976359021147,129.9606403174229,146.46976359021147
2021-08-17 08:00:00,4,164.0,171.0,0,0,173.4362509104036,181.4307185935842,173.4362509104036,181.4307185935842,173.4362509104036,181.4307185935842,173.4362509104036,181.4307185935842
2021-08-17 09:00:00,4,163.0,170.0,0,0,176.326707651373,177.80378459540137,176.326707651373,177.80378459540137,176.326707651373,177.80378459540137,176.326707651373,177.80378459540137
2021-08-17 10:00:00,4,153.0,165.0,0,0,165.28474522722846,181.40198648418192,165.28474522722846,181.40198648418192,165.28474522722846,181.40198648418192,165.28474522722846,181.40198648418192
2021-08-17 11:00:00,4,169.0,173.0,0,0,172.58515285322264,186.53375074194702,172.58515285322264,186.53375074194702,172.58515285322264,186.53375074194702,172.58515285322264,186.53375074194702
2021-08-17 12:00:00,4,110.0,134.0,0,0,108.34692059470237,130.8112632975144,108.34692059470237,130.8112632975144,108.34692059470237,130.8112632975144,108.34692059470237,130.8112632975144
2021-08-17 13:00:00,4,162.0,164.0,0,0,169.76697629619704,178.7289098923579,169.76697629619704,178.7289098923579,169.76697629619704,178.7289098923579,169.76697629619704,178.7289098923579
2021-08-17 14:00:00,4,161.0,164.0,0,0,165.95001969104544,175.91360494598604,165.95001969104544,175.91360494598604,165.95001969104544,175.91360494598604,165.95001969104544,175.91360494598604
2021-08-17 15:00:00,4,150.0,168.0,0,0,153.04310982662287,170.91257641386056,153.04310982662287,170.91257641386056,153.04310982662287,170.91257641386056,153.04310982662287,170.91257641386056
2021-08-17 16:00:00,4,152.0,158.0,0,0,159.8400693884867,169.68371685023206,159.8400693884867,169.68371685023206,159.8400693884867,169.68371685023206,159.8400693884867,169.68371685023206
2021-08-17 17:00:00,4,113.0,135.0,0,0,130.11160864024768,159.99785367632566,130.11160864024768,159.99785367632566,130.11160864024768,159.99785367632566,130.11160864024768,159.99785367632566
2021-08-17 18:00:00,4,149.0,158.0,0,0,150.54795960204362,162.40541676348474,150.54795960204362,162.40541676348474,150.54795960204362,162.40541676348474,150.54795960204362,162.40541676348474
2021-08-17 19:00:00,4,138.0,143.0,0,0,142.607953819512,160.04782402863026,142.607953819512,160.04782402863026,142.607953819512,160.04782402863026,142.607953819512,160.04782402863026
2021-08-17 20:00:00,4,120.0,128.0,0,0,126.38182894561363,130.81339095226838,126.38182894561363,130.81339095226838,126.38182894561363,130.81339095226838,126.38182894561363,130.81339095226838
2021-08-17 21:00:00,4,118.0,121.0,0,0,123.25551284288846,130.18836713205627,123.25551284288846,130.18836713205627,123.25551284288846,130.18836713205627,123.25551284288846,130.18836713205627
2021-08-17 22:00:00,4,110.0,118.0,0,0,104.63709471235677,117.03358632194451,104.63709471235677,117.03358632194451,104.63709471235677,117.03358632194451,104.63709471235677,117.03358632194451
2021-08-17 23:00:00,4,104.0,118.0,0,0,102.3836389155641,114.73456312073588,102.3836389155641,114.73456312073588,102.3836389155641,114.73456312073588,102.3836389155641,114.73456312073588
2021-08-18 00:00:00,5,65.0,66.0,0,0,70.21911589635997,73.54008812677334,70.21911589635997,73.54008812677334,70.21911589635997,73.54008812677334,70.21911589635997,73.54008812677334
2021-08-18 01:00:00,5,95.0,105.0,0,0,100.85763778080832,108.05882282991675,100.85763778080832,108.05882282991675,100.85763778080832,108.05882282991675,100.85763778080832,108.05882282991675
2021-08-18 02:00:00,5,103.0,105.0,0,0,102.22647750233432,108.67871013188129,102.22647750233432,108.67871013188129,102.22647750233432,108.67871013188129,102.22647750233432,108.67871013188129
2021-08-18 03:00:00,5,91.0,101.0,0,0,99.1965485688498,107.95231101950117,99.1965485688498,107.95231101950117,99.1965485688498,107.95231101950117,99.1965485688498,107.95231101950117
2021-08-18 04:00:00,5,95.0,99.0,0,0,102.76314856207006,107.59108474374443,102.76314856207006,107.59108474374443,102.76314856207006,107.59108474374443,102.76314856207006,107.59108474374443
2021-08-18 05:00:00,5,83.0,98.0,0,0,88.72020407808029,105.80769632483116,88.72020407808029,105.80769632483116,88.72020407808029,105.80769632483116,88.72020407808029,105.80769632483116
2021-08-18 06:00:00,5,101.0,107.0,0,0,103.4115827343887,116.18529225523143,103.4115827343887,116.18529225523143,103.4115827343887,116.18529225523143,103.4115827343887,116.18529225523143
2021-08-18 07:00:00,5,125.0,146.0,0,0,124.54815501350481,142.7515418366846,124.54815501350481,142.7515418366846,124.54815501350481,142.7515418366846,124.54815501350481,142.7515418366846
2021-08-18 08:00:00,5,163.0,174.0,0,0,172.28554062028346,191.11851063473432,172.28554062028346,191.11851063473432,172.28554062028346,191.11851063473432,172.28554062028346,191.11851063473432
2021-08-18 09:00:00,5,169.0,172.0,0,0,168.77868916552003,174.36914166274158,168.77868916552003,174.36914166274158,168.77868916552003,174.36914166274158,168.77868916552003,174.36914166274158
2021-08-18 10:00:00,5,159.0,176.0,0,0,158.79394042491512,171.95157533058017,158.79394042491512,171.95157533058017,158.79394042491512,171.95157533058017,158.79394042491512,171.95157533058017
2021-08-18 11:00:00,5,173.0,183.0,0,0,161.40264779425934,172.54882845450513,161.40264779425934,172.54882845450513,161.40264779425934,172.54882845450513,161.40264779425934,172.54882845450513
2021-08-18 12:00:00,5,102.0,120.0,0,0,104.90050264526418,121.98227320401352,104.90050264526418,121.98227320401352,104.90050264526418,121.98227320401352,104.90050264526418,121.98227320401352
2021-08-18 13:00:00,5,171.0,177.0,0,0,165.10714968983694,174.3538173961705,165.10714968983694,174.3538173961705,165.10714968983694,174.3538173961705,165.10714968983694,174.3538173961705
2021-08-18 14:00:00,5,179.0,185.0,0,0,163.2197766392397,173.7931006444119,163.2197766392397,173.7931006444119,163.2197766392397,173.7931006444119,163.2197766392397,173.7931006444119
2021-08-18 15:00:00,5,170.0,184.0,0,0,150.58011969711146,162.6157223998832,150.58011969711146,162.6157223998832,150.58011969711146,162.6157223998832,150.58011969711146,162.6157223998832
2021-08-18 16:00:00,5,166.0,188.0,1,0,152.22636184875972,163.3879749843652,152.22636184875972,163.3879749843652,152.22636184875972,163.3879749843652,152.22636184875972,163.3879749843652
2021-08-18 17:00:00,5,141.0,186.0,0,0,127.13512823998931,158.24355267172464,127.13512823998931,158.24355267172464,127.13512823998931,158.24355267172464,127.13512823998931,158.24355267172464
2021-08-18 18:00:00,5,164.0,174.0,0,0,148.7462035265173,159.21564897137006,148.7462035265173,159.21564897137006,148.7462035265173,159.21564897137006,148.7462035265173,159.21564897137006
2021-08-18 19:00:00,5,143.0,158.0,0,0,140.34308147476912,157.4884573649104,140.34308147476912,157.4884573649104,140.34308147476912,157.4884573649104,140.34308147476912,157.4884573649104
2021-08-18 20:00:00,5,120.0,124.0,0,0,114.58794173238228,122.60455891144551,114.58794173238228,122.60455891144551,114.58794173238228,122.60455891144551,114.58794173238228,122.60455891144551
2021-08-18 21:00:00,5,115.0,123.0,0,0,111.14618653958273,114.97004229219237,111.14618653958273,114.97004229219237,111.14618653958273,114.97004229219237,111.14618653958273,114.97004229219237
2021-08-18 22:00:00,5,112.0,125.0,0,0,105.74486922131145,111.72882182321229,105.74486922131145,111.72882182321229,105.74486922131145,111.72882182321229,105.74486922131145,111.72882182321229
2021-08-18 23:00:00,5,105.0,112.0,0,0,101.45101789748396,109.33855559083239,101.45101789748396,109.33855559083239,101.45101789748396,109.33855559083239,101.45101789748396,109.33855559083239
2021-08-19 00:00:00,5,71.0,77.0,0,0,73.6576909124064,79.45281427727423,73.6576909124064,79.45281427727423,73.6576909124064,79.45281427727423,73.6576909124064,79.45281427727423
2021-08-19 01:00:00,5,102.0,114.0,0,0,101.46226981826021,111.07705301746915,101.46226981826021,111.07705301746915,101.46226981826021,111.07705301746915,101.46226981826021,111.07705301746915
2021-08-19 02:00:00,5,109.0,116.0,0,0,104.82073594414342,109.72202881312892,104.82073594414342,109.72202881312892,104.82073594414342,109.72202881312892,104.82073594414342,109.72202881312892
2021-08-19 03:00:00,5,109.0,119.0,0,0,97.6694898001187,110.27207709965661,97.6694898001187,110.27207709965661,97.6694898001187,110.27207709965661,97.6694898001187,110.27207709965661
2021-08-19 04:00:00,5,104.0,108.0,0,0,102.41374416574345,110.55083514031679,102.41374416574345,110.55083514031679,102.41374416574345,110.55083514031679,102.41374416574345,110.55083514031679
2021-08-19 05:00:00,5,88.0,106.0,0,0,88.26254130465419,104.98827887298401,88.26254130465419,104.98827887298401,88.26254130465419,104.98827887298401,88.26254130465419,104.98827887298401
2021-08-19 06:00:00,5,109.0,119.0,0,0,107.94239616884896,114.72341994451581,107.94239616884896,114.72341994451581,107.94239616884896,114.72341994451581,107.94239616884896,114.72341994451581
2021-08-19 07:00:00,5,123.0,143.0,0,0,126.00235528200925,144.8809663302008,126.00235528200925,144.8809663302008,126.00235528200925,144.8809663302008,126.00235528200925,144.8809663302008
2021-08-19 08:00:00,5,174.0,185.0,0,0,171.7420423663518,181.3559331338745,171.7420423663518,181.3559331338745,171.7420423663518,181.3559331338745,171.7420423663518,181.3559331338745
2021-08-19 09:00:00,5,174.0,182.0,0,0,172.30401149333483,181.59971062308387,172.30401149333483,181.59971062308387,172.30401149333483,181.59971062308387,172.30401149333483,181.59971062308387
2021-08-19 10:00:00,5,163.0,177.0,0,0,165.70526840029584,179.23820980030683,165.70526840029584,179.23820980030683,165.70526840029584,179.23820980030683,165.70526840029584,179.23820980030683
2021-08-19 11:00:00,5,177.0,188.0,1,0,176.86862023867914,181.01681653137155,176.86862023867914,181.01681653137155,176.86862023867914,181.01681653137155,176.86862023867914,181.01681653137155
2021-08-19 12:00:00,5,105.0,120.0,0,0,107.5909355885249,125.69359734444666,107.5909355885249,125.69359734444666,107.5909355885249,125.69359734444666,107.5909355885249,125.69359734444666
2021-08-19 13:00:00,5,168.0,172.0,0,0,169.45036448268863,183.14035703436792,169.45036448268863,183.14035703436792,169.45036448268863,183.14035703436792,169.45036448268863,183.14035703436792
2021-08-19 14:00:00,5,175.0,184.0,0,0,167.4216938682732,177.09852285854862,167.4216938682732,177.09852285854862,167.4216938682732,177.09852285854862,167.4216938682732,177.09852285854862
2021-08-19 15:00:00,5,170.0,185.0,0,0,158.69650867027084,177.53007278003895,158.69650867027084,177.53007278003895,158.69650867027084,177.53007278003895,158.69650867027084,177.53007278003895
2021-08-19 16:00:00,5,166.0,171.0,0,0,159.67694300162896,174.39491692667758,159.67694300162896,174.39491692667758,159.67694300162896,174.39491692667758,159.67694300162896,174.39491692667758
2021-08-19 17:00:00,5,130.0,155.0,0,0,130.45399401399698,157.76568641133656,130.45399401399698,157.76568641133656,130.45399401399698,157.76568641133656,130.45399401399698,157.76568641133656
2021-08-19 18:00:00,5,152.0,161.0,0,0,157.57963167897614,166.05808692608147,157.57963167897614,166.05808692608147,157.57963167897614,166.05808692608147,157.57963167897614,166.05808692608147
2021-08-19 19:00:00,5,147.0,153.0,0,0,137.68381418425218,154.70191456569248,137.68381418425218,154.70191456569248,137.68381418425218,154.70191456569248,137.68381418425218,154.70191456569248
2021-08-19 20:00:00,5,128.0,134.0,0,0,113.9265166184009,131.9860202705949,113.9265166184009,131.9860202705949,113.9265166184009,131.9860202705949,113.9265166184009,131.9860202705949
2021-08-19 21:00:00,5,121.0,123.0,0,0,111.44356116417454,123.25495981312939,111.44356116417454,123.25495981312939,111.44356116417454,123.25495981312939,111.44356116417454,123.25495981312939
2021-08-19 22:00:00,5,116.0,125.0,0,0,106.41923592856739,117.40845010876396,106.41923592856739,117.40845010876396,106.41923592856739,117.40845010876396,106.41923592856739,117.40845010876396
2021-08-19 23:00:00,5,110.0,117.0,0,0,102.01570818110557,115.41639861461793,102.01570818110557,115.41639861461793,102.01570818110557,115.41639861461793,102.01570818110557,115.41639861461793
2021-08-20 00:00:00,5,73.0,80.0,0,0,71.09944169955502,75.10360124307782,71.09944169955502,75.10360124307782,71.09944169955502,75.10360124307782,71.09944169955502,75.10360124307782
2021-08-20 01:00:00,5,101.0,109.0,0,0,103.12480799664448,113.3621885399576,103.12480799664448,113.3621885399576,103.12480799664448,113.3621885399576,103.12480799664448,113.3621885399576
2021-08-20 02:00:00,5,107.0,110.0,0,0,111.15583406202265,115.80821595262107,111.15583406202265,115.80821595262107,111.15583406202265,115.80821595262107,111.15583406202265,115.80821595262107
2021-08-20 03:00:00,5,102.0,107.0,0,0,109.82440244601486,116.66343235239917,109.82440244601486,116.66343235239917,109.82440244601486,116.66343235239917,109.82440244601486,116.66343235239917
2021-08-20 04:00:00,5,99.0,106.0,0,0,106.429472272486,110.61747003947931,106.429472272486,110.61747003947931,106.429472272486,110.61747003947931,106.429472272486,110.61747003947931
2021-08-20 05:00:00,5,88.0,104.0,0,0,90.69802083833575,108.75231509478084,90.69802083833575,108.75231509478084,90.69802083833575,108.75231509478084,90.69802083833575,108.75231509478084
2021-08-20 06:00:00,5,111.0,115.0,0,0,108.3149821226252,113.80580550981239,108.3149821226252,113.80580550981239,108.3149821226252,113.80580550981239,108.3149821226252,113.80580550981239
2021-08-20 07:00:00,5,127.0,146.0,0,0,127.72497267157054,153.44841199168428,127.72497267157054,153.44841199168428,127.72497267157054,153.44841199168428,127.72497267157054,153.44841199168428
2021-08-20 08:00:00,5,171.0,179.0,0,0,176.39597112144182,188.3782914148704,176.39597112144182,188.3782914148704,176.39597112144182,188.3782914148704,176.39597112144182,188.3782914148704
2021-08-20 09:00:00,5,165.0,175.0,0,0,178.96026009291558,181.28913794412728,178.96026009291558,181.28913794412728,178.96026009291558,181.28913794412728,178.96026009291558,181.28913794412728
2021-08-20 10:00:00,5,157.0,168.0,0,0,167.6005431811946,180.60066967349243,167.6005431811946,180.60066967349243,167.6005431811946,180.60066967349243,167.6005431811946,180.60066967349243
2021-08-20 11:00:00,5,187.0,193.0,1,0,176.84277886907478,187.61804706089768,176.84277886907478,187.61804706089768,176.84277886907478,187.61804706089768,176.84277886907478,187.61804706089768
2021-08-20 12:00:00,5,111.0,134.0,0,0,107.12409533736943,127.31900125708508,107.12409533736943,127.31900125708508,107.12409533736943,127.31900125708508,107.12409533736943,127.31900125708508
2021-08-20 13:00:00,5,177.0,180.0,0,0,177.23112281018635,183.66504837818218,177.23112281018635,183.66504837818218,177.23112281018635,183.66504837818218,177.23112281018635,183.66504837818218
2021-08-20 14:00:00,5,175.0,184.0,0,0,181.9397153885562,184.81318747565362,181.9397153885562,184.81318747565362,181.9397153885562,184.81318747565362,181.9397153885562,184.81318747565362
2021-08-20 15:00:00,5,159.0,176.0,0,0,162.47425782800363,179.13792393098817,162.47425782800363,179.13792393098817,162.47425782800363,179.13792393098817,162.47425782800363,179.13792393098817
2021-08-20 16:00:00,5,171.0,177.0,0,0,166.8586228584903,178.12358654732924,166.8586228584903,178.12358654732924,166.8586228584903,178.12358654732924,166.8586228584903,178.12358654732924
2021-08-20 17:00:00,5,134.0,164.0,0,0,137.4244654162674,170.99027181298075,137.4244654162674,170.99027181298075,137.4244654162674,170.99027181298075,137.4244654162674,170.99027181298075
2021-08-20 18:00:00,5,155.0,158.0,0,0,157.81870703690743,166.5015787111382,157.81870703690743,166.5015787111382,157.81870703690743,166.5015787111382,157.81870703690743,166.5015787111382
2021-08-20 19:00:00,5,125.0,146.0,0,0,142.1669138191164,159.51811896866298,142.1669138191164,159.51811896866298,142.1669138191164,159.51811896866298,142.1669138191164,159.51811896866298
2021-08-20 20:00:00,5,114.0,125.0,0,0,114.22458159971784,125.51523456315775,114.22458159971784,125.51523456315775,114.22458159971784,125.51523456315775,114.22458159971784,125.51523456315775
2021-08-20 21:00:00,5,118.0,121.0,0,0,112.354676716913,122.33422044436101,112.354676716913,122.33422044436101,112.354676716913,122.33422044436101,112.354676716913,122.33422044436101
2021-08-20 22:00:00,5,106.0,113.0,0,0,105.34373307791027,118.28826642175444,105.34373307791027,118.28826642175444,105.34373307791027,118.28826642175444,105.34373307791027,118.28826642175444
2021-08-20 23:00:00,5,98.0,106.0,0,0,102.31969142606499,114.49887044649805,102.31969142606499,114.49887044649805,102.31969142606499,114.49887044649805,102.31969142606499,114.49887044649805
2021-08-21 00:00:00,5,63.0,64.0,0,0,62.451037867444334,69.24841783896179,62.451037867444334,69.24841783896179,62.451037867444334,69.24841783896179,62.451037867444334,69.24841783896179
2021-08-21 01:00:00,5,95.0,99.0,0,0,98.68519279711458,105.79485626827524,98.68519279711458,105.79485626827524,98.68519279711458,105.79485626827524,98.68519279711458,105.79485626827524
2021-08-21 02:00:00,5,104.0,109.0,0,0,99.83374695160643,104.72466857053489,99.83374695160643,104.72466857053489,99.83374695160643,104.72466857053489,99.83374695160643,104.72466857053489
2021-08-21 03:00:00,5,94.0,102.0,0,0,98.5498605490187,103.6994993488676,98.5498605490187,103.6994993488676,98.5498605490187,103.6994993488676,98.5498605490187,103.6994993488676
2021-08-21 04:00:00,5,104.0,107.0,0,0,98.32367818699117,103.09026440282821,98.32367818699117,103.09026440282821,98.32367818699117,103.09026440282821,98.32367818699117,103.09026440282821
2021-08-21 05:00:00,5,95.0,110.0,0,0,82.69898999566189,98.66991254528692,82.69898999566189,98.66991254528692,82.69898999566189,98.66991254528692,82.69898999566189,98.66991254528692
2021-08-21 06:00:00,5,99.0,103.0,0,0,97.45892042294956,105.29230298093088,97.45892042294956,105.29230298093088,97.45892042294956,105.29230298093088,97.45892042294956,105.29230298093088
2021-08-21 07:00:00,5,69.0,94.0,0,0,104.93965998442971,125.63316477714568,104.93965998442971,125.63316477714568,58.96222087724445,79.94455475948072,58.96222087724445,79.94455475948072
2021-08-21 08:00:00,5,23.0,26.0,0,0,22.909134917680156,27.21673207301864,22.909134917680156,27.21673207301864,22.909134917680156,27.21673207301864,22.909134917680156,27.21673207301864
2021-08-21 09:00:00,5,21.0,21.0,0,0,22.499153969623404,24.49496571752969,22.499153969623404,24.49496571752969,22.499153969623404,24.49496571752969,22.499153969623404,24.49496571752969
2021-08-21 10:00:00,5,21.0,22.0,0,0,22.154108890861984,23.525451063281782,22.154108890861984,23.525451063281782,22.154108890861984,23.525451063281782,22.154108890861984,23.525451063281782
2021-08-21 11:00:00,5,23.0,26.0,0,0,23.03633037957963,26.80365081149211,23.03633037957963,26.80365081149211,23.03633037957963,26.80365081149211,23.03633037957963,26.80365081149211
2021-08-21 12:00:00,5,22.0,22.0,0,0,22.743859860757393,24.301124808588572,22.743859860757393,24.301124808588572,22.743859860757393,24.301124808588572,22.743859860757393,24.301124808588572
2021-08-21 13:00:00,5,21.0,21.0,0,0,22.3029879389697,23.33709862533558,22.3029879389697,23.33709862533558,22.3029879389697,23.33709862533558,22.3029879389697,23.33709862533558
2021-08-21 14:00:00,5,23.0,26.0,0,0,23.1872697360683,25.739611207784463,23.1872697360683,25.739611207784463,23.1872697360683,25.739611207784463,23.1872697360683,25.739611207784463
2021-08-21 15:00:00,5,22.0,23.0,0,0,23.054843553588533,26.558952946385805,23.054843553588533,26.558952946385805,23.054843553588533,26.558952946385805,23.054843553588533,26.558952946385805
2021-08-21 16:00:00,5,22.0,22.0,0,0,22.660173353386583,24.943860473508213,22.660173353386583,24.943860473508213,22.660173353386583,24.943860473508213,22.660173353386583,24.943860473508213
2021-08-21 17:00:00,5,22.0,22.0,0,0,22.329634755236725,23.34295232229959,22.329634755236725,23.34295232229959,22.329634755236725,23.34295232229959,22.329634755236725,23.34295232229959
2021-08-21 18:00:00,5,25.0,27.0,0,0,22.578007578632597,24.23035272600746,22.578007578632597,24.23035272600746,22.578007578632597,24.23035272600746,22.578007578632597,24.23035272600746
2021-08-21 19:00:00,5,21.0,21.0,0,0,22.60695695007705,25.277495941970088,22.60695695007705,25.277495941970088,22.60695695007705,25.277495941970088,22.60695695007705,25.277495941970088
2021-08-21 20:00:00,5,22.0,22.0,0,0,22.91688618880289,24.859526466676062,22.91688618880289,24.859526466676062,22.91688618880289,24.859526466676062,22.91688618880289,24.859526466676062
2021-08-21 21:00:00,5,23.0,23.0,0,0,22.620595349357366,24.551773730427534,22.620595349357366,24.551773730427534,22.620595349357366,24.551773730427534,22.620595349357366,24.551773730427534
2021-08-21 22:00:00,5,25.0,27.0,0,0,22.9301360299062,24.635448215638068,22.9301360299062,24.635448215638068,22.9301360299062,24.635448215638068,22.9301360299062,24.635448215638068
2021-08-21 23:00:00,5,22.0,23.0,0,0,23.145147316417543,25.27172852375312,23.145147316417543,25.27172852375312,23.145147316417543,25.27172852375312,23.145147316417543,25.27172852375312
2021-08-22 00:00:00,5,22.0,23.0,0,1,22.710664651159878,23.357161331627598,22.710664651159878,23.357161331627598,22.710664651159878,23.357161331627598,22.710664651159878,23.357161331627598
2021-08-22 01:00:00,5,23.0,26.0,0,1,22.872221079463127,25.53724322136689,22.872221079463127,25.53724322136689,22.872221079463127,25.53724322136689,22.872221079463127,25.53724322136689
2021-08-22 02:00:00,5,24.0,27.0,0,1,22.592334222839984,23.539970702334966,22.592334222839984,23.539970702334966,22.592334222839984,23.539970702334966,22.592334222839984,23.539970702334966
2021-08-22 03:00:00,5,23.0,24.0,0,1,22.39626119382465,23.568410034505273,22.39626119382465,23.568410034505273,22.39626119382465,23.568410034505273,22.39626119382465,23.568410034505273
2021-08-22 04:00:00,5,22.0,22.0,0,1,23.01442452968819,24.018296661307744,23.01442452968819,24.018296661307744,23.01442452968819,24.018296661307744,23.01442452968819,24.018296661307744
2021-08-22 05:00:00,5,24.0,26.0,0,1,22.295641303447447,23.1045983113317,22.295641303447447,23.1045983113317,22.295641303447447,23.1045983113317,22.295641303447447,23.1045983113317
2021-08-22 06:00:00,5,22.0,22.0,0,1,22.769938125177372,23.16364073883571,22.769938125177372,23.16364073883571,22.769938125177372,23.16364073883571,22.769938125177372,23.16364073883571
2021-08-22 07:00:00,5,22.0,22.0,0,1,22.485401590059773,23.919333813531335,22.485401590059773,23.919333813531335,22.485401590059773,23.919333813531335,22.485401590059773,23.919333813531335
2021-08-22 08:00:00,5,22.0,22.0,0,1,22.916871566728666,24.96975917202425,22.916871566728666,24.96975917202425,22.916871566728666,24.96975917202425,22.916871566728666,24.96975917202425
2021-08-22 09:00:00,5,24.0,27.0,0,1,22.27354881712825,23.787430116352958,22.27354881712825,23.787430116352958,22.27354881712825,23.787430116352958,22.27354881712825,23.787430116352958
2021-08-22 10:00:00,5,22.0,22.0,0,1,22.814015776494934,23.497051285931857,22.814015776494934,23.497051285931857,22.814015776494934,23.497051285931857,22.814015776494934,23.497051285931857
2021-08-22 11:00:00,5,22.0,23.0,0,1,23.366243740297143,25.178131180521582,23.366243740297143,25.178131180521582,23.366243740297143,25.178131180521582,23.366243740297143,25.178131180521582
2021-08-22 12:00:00,5,23.0,24.0,0,1,22.73870160428413,24.97868189396649,22.73870160428413,24.97868189396649,22.73870160428413,24.97868189396649,22.73870160428413,24.97868189396649
2021-08-22 13:00:00,5,24.0,26.0,0,1,23.040699195402816,23.704355054194107,23.040699195402816,23.704355054194107,23.040699195402816,23.704355054194107,23.040699195402816,23.704355054194107
2021-08-22 14:00:00,5,23.0,23.0,0,1,23.496534259679663,24.001013287304527,23.496534259679663,24.001013287304527,23.496534259679663,24.001013287304527,23.496534259679663,24.001013287304527
2021-08-22 15:00:00,5,23.0,23.0,0,1,22.942525635585255,24.14178851227574,22.942525635585255,24.14178851227574,22.942525635585255,24.14178851227574,22.942525635585255,24.14178851227574
2021-08-22 16:00:00,5,25.0,27.0,0,1,22.75355449883258,24.40041137978297,22.75355449883258,24.40041137978297,22.75355449883258,24.40041137978297,22.75355449883258,24.40041137978297
2021-08-22 17:00:00,5,22.0,22.0,0,1,22.98518232256978,23.79684739173839,22.98518232256978,23.79684739173839,22.98518232256978,23.79684739173839,22.98518232256978,23.79684739173839
2021-08-22 18:00:00,5,22.0,22.0,0,1,22.39927073208515,24.158312013809688,22.39927073208515,24.158312013809688,22.39927073208515,24.158312013809688,22.39927073208515,24.158312013809688
2021-08-22 19:00:00,5,22.0,22.0,0,1,22.781096428542426,23.60075776670715,22.781096428542426,23.60075776670715,22.781096428542426,23.60075776670715,22.781096428542426,23.60075776670715
2021-08-22 20:00:00,5,24.0,26.0,0,1,22.56275268083281,22.916745414990054,22.56275268083281,22.916745414990054,22.56275268083281,22.916745414990054,22.56275268083281,22.916745414990054
2021-08-22 21:00:00,5,22.0,23.0,0,1,22.90402808403498,23.784017100247013,22.90402808403498,23.784017100247013,22.90402808403498,23.784017100247013,22.90402808403498,23.784017100247013
2021-08-22 22:00:00,5,23.0,24.0,0,1,22.886497641611424,24.557954997594358,22.886497641611424,24.557954997594358,22.886497641611424,24.557954997594358,22.886497641611424,24.557954997594358
2021-08-22 23:00:00,5,23.0,26.0,0,1,22.602302703893788,23.415037118630405,22.602302703893788,23.415037118630405,22.602302703893788,23.415037118630405,22.602302703893788,23.415037118630405
2021-08-23 00:00:00,5,23.0,25.0,0,0,23.066365438859677,24.164751785430973,23.066365438859677,24.164751785430973,23.066365438859677,24.164751785430973,23.066365438859677,24.164751785430973
2021-08-23 01:00:00,5,23.0,23.0,0,0,22.12926025041441,23.72085006756154,22.12926025041441,23.72085006756154,22.12926025041441,23.72085006756154,22.12926025041441,23.72085006756154
2021-08-23 02:00:00,5,23.0,23.0,0,0,22.91237073483373,24.815127256533067,22.91237073483373,24.815127256533067,22.91237073483373,24.815127256533067,22.91237073483373,24.815127256533067
2021-08-23 03:00:00,5,24.0,27.0,0,0,22.522838474986997,23.47910534839877,22.522838474986997,23.47910534839877,22.522838474986997,23.47910534839877,22.522838474986997,23.47910534839877
2021-08-23 04:00:00,5,22.0,22.0,0,0,23.160505535729886,23.877298935328007,23.160505535729886,23.877298935328007,23.160505535729886,23.877298935328007,23.160505535729886,23.877298935328007
2021-08-23 05:00:00,5,22.0,22.0,0,0,23.48529447128574,25.0739015232942,23.48529447128574,25.0739015232942,23.48529447128574,25.0739015232942,23.48529447128574,25.0739015232942
2021-08-23 06:00:00,5,21.0,22.0,0,0,22.31513086383776,23.587224911162323,22.31513086383776,23.587224911162323,22.31513086383776,23.587224911162323,22.31513086383776,23.587224911162323
2021-08-23 07:00:00,5,58.0,92.0,0,0,60.10913836932533,98.81068214139903,60.10913836932533,98.81068214139903,116.7182638181483,133.59197600206565,116.7182638181483,133.59197600206565
2021-08-23 08:00:00,5,167.0,181.0,0,0,176.11107049346427,188.30620674664738,176.11107049346427,188.30620674664738,176.11107049346427,188.30620674664738,176.11107049346427,188.30620674664738
2021-08-23 09:00:00,5,180.0,187.0,1,0,175.8397382068538,184.95572714497925,175.8397382068538,184.95572714497925,175.8397382068538,184.95572714497925,175.8397382068538,184.95572714497925
2021-08-23 10:00:00,5,170.0,182.0,0,0,165.6377454775891,180.17426610825612,165.6377454775891,180.17426610825612,165.6377454775891,180.17426610825612,165.6377454775891,180.17426610825612
2021-08-23 11:00:00,5,184.0,191.0,1,0,176.24584685614644,188.6633164951058,176.24584685614644,188.6633164951058,176.24584685614644,188.6633164951058,176.24584685614644,188.6633164951058
2021-08-23 12:00:00,5,116.0,136.0,0,0,112.20831674790554,129.67520273504616,112.20831674790554,129.67520273504616,112.20831674790554,129.67520273504616,112.20831674790554,129.67520273504616
2021-08-23 13:00:00,5,184.0,193.0,1,0,169.88308386197264,172.67126832540384,169.88308386197264,172.67126832540384,169.88308386197264,172.67126832540384,169.88308386197264,172.67126832540384
2021-08-23 14:00:00,5,184.0,190.0,1,0,156.2611116377016,171.88670278187078,156.2611116377016,171.88670278187078,156.2611116377016,171.88670278187078,156.2611116377016,171.88670278187078
2021-08-23 15:00:00,5,180.0,196.0,1,0,148.42862185160965,168.90038567022785,148.42862185160965,168.90038567022785,148.42862185160965,168.90038567022785,148.42862185160965,168.90038567022785
2021-08-23 16:00:00,5,172.0,177.0,0,0,132.0440583454993,153.48633839524493,132.0440583454993,153.48633839524493,132.0440583454993,153.48633839524493,132.0440583454993,153.48633839524493
2021-08-23 17:00:00,5,142.0,177.0,0,0,126.29144714351642,149.09346851439312,126.29144714351642,149.09346851439312,126.29144714351642,149.09346851439312,126.29144714351642,149.09346851439312
2021-08-23 18:00:00,5,156.0,179.0,0,0,138.39828697411852,150.3390071459339,138.39828697411852,150.3390071459339,138.39828697411852,150.3390071459339,138.39828697411852,150.3390071459339
2021-08-23 19:00:00,5,129.0,137.0,0,0,127.99344825533234,132.02339894829322,127.99344825533234,132.02339894829322,127.99344825533234,132.02339894829322,127.99344825533234,132.02339894829322
2021-08-23 20:00:00,5,112.0,118.0,0,0,109.94663855986562,122.20633926728834,109.94663855986562,122.20633926728834,109.94663855986562,122.20633926728834,109.94663855986562,122.20633926728834
2021-08-23 21:00:00,5,111.0,117.0,0,0,113.32061863610326,118.4413551029586,113.32061863610326,118.4413551029586,113.32061863610326,118.4413551029586,113.32061863610326,118.4413551029586
2021-08-23 22:00:00,5,109.0,113.0,0,0,104.45193267483248,114.26131031642151,104.45193267483248,114.26131031642151,104.45193267483248,114.26131031642151,104.45193267483248,114.26131031642151
2021-08-23 23:00:00,5,96.0,107.0,0,0,103.34412982653163,113.67833634611718,103.34412982653163,113.67833634611718,103.34412982653163,113.67833634611718,103.34412982653163,113.67833634611718
2021-08-24 00:00:00,5,65.0,67.0,0,0,65.86574334989957,68.7383138620311,65.86574334989957,68.7383138620311,65.86574334989957,68.7383138620311,65.86574334989957,68.7383138620311
2021-08-24 01:00:00,5,105.0,111.0,0,0,96.85809748185503,107.60648568440699,96.85809748185503,107.60648568440699,96.85809748185503,107.60648568440699,96.85809748185503,107.60648568440699
2021-08-24 02:00:00,5,110.0,115.0,0,0,103.15660787692485,109.36686891633241,103.15660787692485,109.36686891633241,103.15660787692485,109.36686891633241,103.15660787692485,109.36686891633241
2021-08-24 03:00:00,5,105.0,115.0,0,0,98.8053167253376,107.67061896830515,98.8053167253376,107.67061896830515,98.8053167253376,107.67061896830515,98.8053167253376,107.67061896830515
2021-08-24 04:00:00,5,108.0,113.0,0,0,97.75151297424645,105.96517420399036,97.75151297424645,105.96517420399036,97.75151297424645,105.96517420399036,97.75151297424645,105.96517420399036
2021-08-24 05:00:00,5,88.0,106.0,0,0,90.23971844279694,106.1647523851485,90.23971844279694,106.1647523851485,90.23971844279694,106.1647523851485,90.23971844279694,106.1647523851485
2021-08-24 06:00:00,5,109.0,115.0,0,0,102.3265982294761,108.17961946273832,102.3265982294761,108.17961946273832,102.3265982294761,108.17961946273832,102.3265982294761,108.17961946273832
2021-08-24 07:00:00,5,131.0,145.0,0,0,121.94813237204035,149.2974199378714,121.94813237204035,149.2974199378714,121.94813237204035,149.2974199378714,121.94813237204035,149.2974199378714
2021-08-24 08:00:00,5,187.0,196.0,1,0,174.43951556768963,182.87302699773326,174.43951556768963,182.87302699773326,174.43951556768963,182.87302699773326,174.43951556768963,182.87302699773326
2021-08-24 09:00:00,5,181.0,190.0,1,0,176.92276884969752,185.17598514617646,176.92276884969752,185.17598514617646,176.92276884969752,185.17598514617646,176.92276884969752,185.17598514617646
2021-08-24 10:00:00,5,171.0,181.0,0,0,171.18624714936348,182.09954130960995,171.18624714936348,182.09954130960995,171.18624714936348,182.09954130960995,171.18624714936348,182.09954130960995
2021-08-24 11:00:00,5,183.0,188.0,1,0,182.53398769478014,189.92495350118762,182.53398769478014,189.92495350118762,182.53398769478014,189.92495350118762,182.53398769478014,189.92495350118762
2021-08-24 12:00:00,5,115.0,130.0,0,0,114.40364742414287,129.37549263775213,114.40364742414287,129.37549263775213,114.40364742414287,129.37549263775213,114.40364742414287,129.37549263775213
2021-08-24 13:00:00,5,174.0,180.0,0,0,179.2551535095558,187.98889190357804,179.2551535095558,187.98889190357804,179.2551535095558,187.98889190357804,179.2551535095558,187.98889190357804
2021-08-24 14:00:00,5,186.0,190.0,1,0,176.25402140817584,188.50898195161895,176.25402140817584,188.50898195161895,176.25402140817584,188.50898195161895,176.25402140817584,188.50898195161895
2021-08-24 15:00:00,5,175.0,201.0,1,0,175.22323868483446,191.60776696724935,175.22323868483446,191.60776696724935,175.22323868483446,191.60776696724935,175.22323868483446,191.60776696724935
2021-08-24 16:00:00,5,184.0,191.0,1,0,177.83668884444612,184.47965954252993,177.83668884444612,184.47965954252993,177.83668884444612,184.47965954252993,177.83668884444612,184.47965954252993
2021-08-24 17:00:00,5,139.0,157.0,0,0,139.59073464552057,162.22245375465093,139.59073464552057,162.22245375465093,139.59073464552057,162.22245375465093,139.59073464552057,162.22245375465093
2021-08-24 18:00:00,5,152.0,156.0,0,0,158.25854966576642,166.910383036806,158.25854966576642,166.910383036806,158.25854966576642,166.910383036806,158.25854966576642,166.910383036806
2021-08-24 19:00:00,5,150.0,164.0,0,0,148.04392409597887,165.00792629353836,148.04392409597887,165.00792629353836,148.04392409597887,165.00792629353836,148.04392409597887,165.00792629353836
2021-08-24 20:00:00,5,121.0,125.0,0,0,128.0778033322902,132.27585137503695,128.0778033322902,132.27585137503695,128.0778033322902,132.27585137503695,128.0778033322902,132.27585137503695
2021-08-24 21:00:00,5,121.0,123.0,0,0,124.32773586999535,127.87038847078468,124.32773586999535,127.87038847078468,124.32773586999535,127.87038847078468,124.32773586999535,127.87038847078468
2021-08-24 22:00:00,5,113.0,120.0,0,0,112.4378955051652,117.54538623408608,112.4378955051652,117.54538623408608,112.4378955051652,117.54538623408608,112.4378955051652,117.54538623408608
2021-08-24 23:00:00,5,99.0,107.0,0,0,103.96099905420833,115.8975023941676,103.96099905420833,115.8975023941676,103.96099905420833,115.8975023941676,103.96099905420833,115.8975023941676
2021-08-25 00:00:00,5,77.0,81.0,0,0,66.54876943614882,70.21657670057215,66.54876943614882,70.21657670057215,73.9649860782794,78.49138522658592,73.9649860782794,78.49138522658592
2021-08-25 01:00:00,5,104.0,111.0,0,0,100.26949093669165,108.3305268685658,100.26949093669165,108.3305268685658,100.26949093669165,108.3305268685658,100.26949093669165,108.3305268685658
2021-08-25 02:00:00,5,109.0,115.0,0,0,107.04262964563046,111.66684416053685,107.04262964563046,111.66684416053685,107.04262964563046,111.66684416053685,107.04262964563046,111.66684416053685
2021-08-25 03:00:00,5,99.0,106.0,0,0,100.70637272317492,110.39901753182653,100.70637272317492,110.39901753182653,100.70637272317492,110.39901753182653,100.70637272317492,110.39901753182653
2021-08-25 04:00:00,5,109.0,110.0,0,0,102.33605617287884,108.46491758512366,102.33605617287884,108.46491758512366,102.33605617287884,108.46491758512366,102.33605617287884,108.46491758512366
2021-08-25 05:00:00,5,91.0,107.0,0,0,89.64016015897545,104.58663921119671,89.64016015897545,104.58663921119671,89.64016015897545,104.58663921119671,89.64016015897545,104.58663921119671
2021-08-25 06:00:00,5,104.0,108.0,0,0,107.2231794516556,110.56252284083979,107.2231794516556,110.56252284083979,107.2231794516556,110.56252284083979,107.2231794516556,110.56252284083979
2021-08-25 07:00:00,5,139.0,162.0,0,0,126.49461821784024,151.96258689657665,126.49461821784024,151.96258689657665,126.49461821784024,151.96258689657665,126.49461821784024,151.96258689657665
2021-08-25 08:00:00,5,174.0,182.0,0,0,167.5048567588992,185.6980995427516,167.5048567588992,185.6980995427516,167.5048567588992,185.6980995427516,167.5048567588992,185.6980995427516
2021-08-25 09:00:00,5,171.0,181.0,0,0,171.46888280981597,183.58435019201903,171.46888280981597,183.58435019201903,171.46888280981597,183.58435019201903,171.46888280981597,183.58435019201903
2021-08-25 10:00:00,5,177.0,189.0,1,0,170.12477799609835,181.49857034665422,170.12477799609835,181.49857034665422,170.12477799609835,181.49857034665422,170.12477799609835,181.49857034665422
2021-08-25 11:00:00,5,173.0,184.0,0,0,182.66892434683982,192.5352661182319,182.66892434683982,192.5352661182319,182.66892434683982,192.5352661182319,182.66892434683982,192.5352661182319
2021-08-25 12:00:00,5,110.0,121.0,0,0,103.53131747686922,119.64593372928458,103.53131747686922,119.64593372928458,103.53131747686922,119.64593372928458,103.53131747686922,119.64593372928458
2021-08-25 13:00:00,5,174.0,180.0,0,0,176.2825785852861,185.24786739106963,176.2825785852861,185.24786739106963,176.2825785852861,185.24786739106963,176.2825785852861,185.24786739106963
2021-08-25 14:00:00,5,177.0,184.0,0,0,174.3648922368184,183.5126363781045,174.3648922368184,183.5126363781045,174.3648922368184,183.5126363781045,174.3648922368184,183.5126363781045
2021-08-25 15:00:00,5,169.0,180.0,0,0,160.88414510004105,186.80200975490405,160.88414510004105,186.80200975490405,160.88414510004105,186.80200975490405,160.88414510004105,186.80200975490405
2021-08-25 16:00:00,5,162.0,172.0,0,0,162.34611484573216,179.8306350125354,162.34611484573216,179.8306350125354,162.34611484573216,179.8306350125354,162.34611484573216,179.8306350125354
2021-08-25 17:00:00,5,146.0,176.0,0,0,140.87377946676335,170.28682957894665,140.87377946676335,170.28682957894665,140.87377946676335,170.28682957894665,140.87377946676335,170.28682957894665
2021-08-25 18:00:00,5,167.0,172.0,0,0,162.26421396330093,172.67336551789737,162.26421396330093,172.67336551789737,162.26421396330093,172.67336551789737,162.26421396330093,172.67336551789737
2021-08-25 19:00:00,5,139.0,152.0,0,0,145.2851092645524,154.96242945672495,145.2851092645524,154.96242945672495,145.2851092645524,154.96242945672495,145.2851092645524,154.96242945672495
2021-08-25 20:00:00,5,111.0,124.0,0,0,110.44900380417843,114.95750739475261,110.44900380417843,114.95750739475261,110.44900380417843,114.95750739475261,110.44900380417843,114.95750739475261
2021-08-25 21:00:00,5,121.0,131.0,0,0,108.59761579286734,114.74075115030087,108.59761579286734,114.74075115030087,108.59761579286734,114.74075115030087,108.59761579286734,114.74075115030087
2021-08-25 22:00:00,5,110.0,114.0,0,0,107.0769067335033,113.53146541921805,107.0769067335033,113.53146541921805,107.0769067335033,113.53146541921805,107.0769067335033,113.53146541921805
2021-08-25 23:00:00,5,105.0,119.0,0,0,98.65210717718429,109.22900391791225,98.65210717718429,109.22900391791225,98.65210717718429,109.22900391791225,98.65210717718429,109.22900391791225
2021-08-26 00:00:00,5,72.0,73.0,0,0,67.16701206174614,70.19369017067572,67.16701206174614,70.19369017067572,71.4484839536407,77.99605861533583,71.4484839536407,77.99605861533583
2021-08-26 01:00:00,5,103.0,110.0,0,0,100.64407936280932,109.54132192278942,100.64407936280932,109.54132192278942,100.64407936280932,109.54132192278942,100.64407936280932,109.54132192278942
2021-08-26 02:00:00,5,115.0,118.0,0,0,105.07726280879275,110.84043643867476,105.07726280879275,110.84043643867476,105.07726280879275,110.84043643867476,105.07726280879275,110.84043643867476
2021-08-26 03:00:00,5,99.0,104.0,0,0,101.51915851121223,110.58645588938026,101.51915851121223,110.58645588938026,101.51915851121223,110.58645588938026,101.51915851121223,110.58645588938026
2021-08-26 04:00:00,5,110.0,115.0,0,0,105.7603406107275,109.44564727093042,105.7603406107275,109.44564727093042,105.7603406107275,109.44564727093042,105.7603406107275,109.44564727093042
2021-08-26 05:00:00,5,92.0,108.0,0,0,86.77949537135882,104.98795409637955,86.77949537135882,104.98795409637955,86.77949537135882,104.98795409637955,86.77949537135882,104.98795409637955
2021-08-26 06:00:00,5,105.0,111.0,0,0,104.26878864361716,111.65203047300305,104.26878864361716,111.65203047300305,104.26878864361716,111.65203047300305,104.26878864361716,111.65203047300305
2021-08-26 07:00:00,5,134.0,147.0,0,0,123.55196230278192,152.22494384943045,123.55196230278192,152.22494384943045,123.55196230278192,152.22494384943045,123.55196230278192,152.22494384943045
2021-08-26 08:00:00,5,183.0,196.0,1,0,183.5872376755837,186.06611860127944,183.5872376755837,186.06611860127944,183.5872376755837,186.06611860127944,183.5872376755837,186.06611860127944
2021-08-26 09:00:00,5,195.0,199.0,1,0,179.76790011963374,183.89649806447954,179.76790011963374,183.89649806447954,179.76790011963374,183.89649806447954,179.76790011963374,183.89649806447954
2021-08-26 10:00:00,5,180.0,193.0,1,0,166.04942342537603,177.70234776571965,166.04942342537603,177.70234776571965,166.04942342537603,177.70234776571965,166.04942342537603,177.70234776571965
2021-08-26 11:00:00,5,188.0,194.0,1,0,183.9495012077442,184.55263068664507,183.9495012077442,184.55263068664507,183.9495012077442,184.55263068664507,183.9495012077442,184.55263068664507
2021-08-26 12:00:00,5,111.0,127.0,0,0,108.08062140286306,127.19222423332117,108.08062140286306,127.19222423332117,108.08062140286306,127.19222423332117,108.08062140286306,127.19222423332117
2021-08-26 13:00:00,5,183.0,199.0,1,0,176.23080099230134,184.07317887953263,176.23080099230134,184.07317887953263,176.23080099230134,184.07317887953263,176.23080099230134,184.07317887953263
2021-08-26 14:00:00,5,185.0,190.0,1,0,180.23634079085082,184.8804179361697,180.23634079085082,184.8804179361697,180.23634079085082,184.8804179361697,180.23634079085082,184.8804179361697
2021-08-26 15:00:00,5,188.0,202.0,1,0,168.26391532101914,184.81458112932089,168.26391532101914,184.81458112932089,168.26391532101914,184.81458112932089,168.26391532101914,184.81458112932089
2021-08-26 16:00:00,5,173.0,186.0,0,0,169.73348601116436,184.33531753938064,169.73348601116436,184.33531753938064,169.73348601116436,184.33531753938064,169.73348601116436,184.33531753938064
2021-08-26 17:00:00,5,132.0,161.0,0,0,136.27035789063424,163.61553918046715,136.27035789063424,163.61553918046715,136.27035789063424,163.61553918046715,136.27035789063424,163.61553918046715
2021-08-26 18:00:00,5,162.0,167.0,0,0,164.31638421876193,175.98005182932025,164.31638421876193,175.98005182932025,164.31638421876193,175.98005182932025,164.31638421876193,175.98005182932025
2021-08-26 19:00:00,5,156.0,170.0,0,0,146.16781149282073,162.50714234919658,146.16781149282073,162.50714234919658,146.16781149282073,162.50714234919658,146.16781149282073,162.50714234919658
2021-08-26 20:00:00,5,116.0,121.0,0,0,123.45479420912635,130.7731870936799,123.45479420912635,130.7731870936799,123.45479420912635,130.7731870936799,123.45479420912635,130.7731870936799
2021-08-26 21:00:00,5,125.0,128.0,0,0,116.95965118622138,120.34573576511616,116.95965118622138,120.34573576511616,116.95965118622138,120.34573576511616,116.95965118622138,120.34573576511616
2021-08-26 22:00:00,5,111.0,116.0,0,0,113.90698661093818,121.16579382611846,113.90698661093818,121.16579382611846,113.90698661093818,121.16579382611846,113.90698661093818,121.16579382611846
2021-08-26 23:00:00,5,105.0,113.0,0,0,103.82899665498063,113.85935393840833,103.82899665498063,113.85935393840833,103.82899665498063,113.85935393840833,103.82899665498063,113.85935393840833
2021-08-27 00:00:00,5,72.0,77.0,0,0,65.68997662596807,70.1457305897884,65.68997662596807,70.1457305897884,73.91920748089956,80.56790730906309,73.91920748089956,80.56790730906309
2021-08-27 01:00:00,5,102.0,111.0,0,0,101.84478765652958,109.62326252946487,101.84478765652958,109.62326252946487,101.84478765652958,109.62326252946487,101.84478765652958,109.62326252946487
2021-08-27 02:00:00,5,111.0,115.0,0,0,110.15536904128085,110.41477975895059,110.15536904128085,110.41477975895059,110.15536904128085,110.41477975895059,110.15536904128085,110.41477975895059
2021-08-27 03:00:00,5,102.0,114.0,0,0,102.53179278089128,112.51103998428736,102.53179278089128,112.51103998428736,102.53179278089128,112.51103998428736,102.53179278089128,112.51103998428736
2021-08-27 04:00:00,5,108.0,112.0,0,0,107.64716766952078,112.79668302820487,107.64716766952078,112.79668302820487,107.64716766952078,112.79668302820487,107.64716766952078,112.79668302820487
2021-08-27 05:00:00,5,86.0,104.0,0,0,91.14120147255667,106.34773680299371,91.14120147255667,106.34773680299371,91.14120147255667,106.34773680299371,91.14120147255667,106.34773680299371
2021-08-27 06:00:00,5,101.0,103.0,0,0,105.18539211293941,110.490451416015,105.18539211293941,110.490451416015,105.18539211293941,110.490451416015,105.18539211293941,110.490451416015
2021-08-27 07:00:00,5,125.0,135.0,0,0,127.58323607855279,155.08518652216372,127.58323607855279,155.08518652216372,127.58323607855279,155.08518652216372,127.58323607855279,155.08518652216372
2021-08-27 08:00:00,5,181.0,190.0,1,0,171.09476657253546,186.311257880095,171.09476657253546,186.311257880095,171.09476657253546,186.311257880095,171.09476657253546,186.311257880095
2021-08-27 09:00:00,5,176.0,185.0,0,0,172.9164651358839,184.05778030059633,172.9164651358839,184.05778030059633,172.9164651358839,184.05778030059633,172.9164651358839,184.05778030059633
2021-08-27 10:00:00,5,169.0,177.0,0,0,175.8878750721973,184.4430669395742,175.8878750721973,184.4430669395742,175.8878750721973,184.4430669395742,175.8878750721973,184.4430669395742
2021-08-27 11:00:00,5,175.0,182.0,0,0,183.90601746255481,190.37136608633227,183.90601746255481,190.37136608633227,183.90601746255481,190.37136608633227,183.90601746255481,190.37136608633227
2021-08-27 12:00:00,5,106.0,125.0,0,0,110.23612900468399,130.2704935902064,110.23612900468399,130.2704935902064,110.23612900468399,130.2704935902064,110.23612900468399,130.2704935902064
2021-08-27 13:00:00,5,173.0,179.0,0,0,182.6388318871795,194.69656605461893,182.6388318871795,194.69656605461893,182.6388318871795,194.69656605461893,182.6388318871795,194.69656605461893
2021-08-27 14:00:00,5,165.0,169.0,0,0,181.15594498516137,188.20550428146956,181.15594498516137,188.20550428146956,181.15594498516137,188.20550428146956,181.15594498516137,188.20550428146956
2021-08-27 15:00:00,5,162.0,175.0,0,0,170.88042755585127,184.69808474524746,170.88042755585127,184.69808474524746,170.88042755585127,184.69808474524746,170.88042755585127,184.69808474524746
2021-08-27 16:00:00,5,156.0,161.0,0,0,167.79994630440504,186.96096051700687,167.79994630440504,186.96096051700687,167.79994630440504,186.96096051700687,167.79994630440504,186.96096051700687
2021-08-27 17:00:00,5,142.0,163.0,0,0,145.5575469456189,181.82772309132505,145.5575469456189,181.82772309132505,145.5575469456189,181.82772309132505,145.5575469456189,181.82772309132505
2021-08-27 18:00:00,5,143.0,157.0,0,0,162.70460417962187,174.77788627032152,162.70460417962187,174.77788627032152,162.70460417962187,174.77788627032152,162.70460417962187,174.77788627032152
2021-08-27 19:00:00,5,127.0,138.0,0,0,132.19893162868692,156.25501900655254,132.19893162868692,156.25501900655254,132.19893162868692,156.25501900655254,132.19893162868692,156.25501900655254
2021-08-27 20:00:00,5,108.0,111.0,0,0,111.68556349564913,123.53892572830642,111.68556349564913,123.53892572830642,111.68556349564913,123.53892572830642,111.68556349564913,123.53892572830642
2021-08-27 21:00:00,5,107.0,115.0,0,0,113.55385010347706,119.65345204892296,113.55385010347706,119.65345204892296,113.55385010347706,119.65345204892296,113.55385010347706,119.65345204892296
2021-08-27 22:00:00,5,96.0,105.0,0,0,99.99896453696763,112.51126293002051,99.99896453696763,112.51126293002051,99.99896453696763,112.51126293002051,99.99896453696763,112.51126293002051
2021-08-27 23:00:00,5,102.0,113.0,0,0,95.46277360788481,112.13597660492127,95.46277360788481,112.13597660492127,95.46277360788481,112.13597660492127,95.46277360788481,112.13597660492127
2021-08-28 00:00:00,5,72.0,75.0,0,0,66.33901470631433,70.63365255272004,66.33901470631433,70.63365255272004,66.33901470631433,70.63365255272004,66.33901470631433,70.63365255272004
2021-08-28 01:00:00,5,104.0,111.0,0,0,97.59215290450135,108.32146469688571,97.59215290450135,108.32146469688571,97.59215290450135,108.32146469688571,97.59215290450135,108.32146469688571
2021-08-28 02:00:00,5,111.0,119.0,0,0,103.92391920117322,107.87372356018474,103.92391920117322,107.87372356018474,103.92391920117322,107.87372356018474,103.92391920117322,107.87372356018474
2021-08-28 03:00:00,5,102.0,109.0,0,0,96.7966495891159,106.51718931664283,96.7966495891159,106.51718931664283,96.7966495891159,106.51718931664283,96.7966495891159,106.51718931664283
2021-08-28 04:00:00,5,103.0,107.0,0,0,98.13503712036898,104.28250875800435,98.13503712036898,104.28250875800435,98.13503712036898,104.28250875800435,98.13503712036898,104.28250875800435
2021-08-28 05:00:00,5,87.0,107.0,0,0,86.68868316864362,103.3525341273182,86.68868316864362,103.3525341273182,86.68868316864362,103.3525341273182,86.68868316864362,103.3525341273182
2021-08-28 06:00:00,5,98.0,103.0,0,0,97.05114497484051,106.85155883454038,97.05114497484051,106.85155883454038,97.05114497484051,106.85155883454038,97.05114497484051,106.85155883454038
2021-08-28 07:00:00,5,66.0,94.0,0,0,59.04585965526378,85.65561471712869,59.04585965526378,85.65561471712869,59.04585965526378,85.65561471712869,59.04585965526378,85.65561471712869
2021-08-28 08:00:00,5,35.0,36.0,0,0,22.731564929032707,26.505527698641675,22.731564929032707,26.505527698641675,22.731564929032707,26.505527698641675,22.731564929032707,26.505527698641675
2021-08-28 09:00:00,5,36.0,36.0,0,0,22.339427740461815,24.337575410890658,22.339427740461815,24.337575410890658,22.339427740461815,24.337575410890658,22.339427740461815,24.337575410890658
2021-08-28 10:00:00,5,38.0,41.0,0,0,22.31617063624767,24.723123291671218,22.31617063624767,24.723123291671218,22.31617063624767,24.723123291671218,22.31617063624767,24.723123291671218
2021-08-28 11:00:00,5,37.0,39.0,0,0,22.7791258685588,27.064771928844863,22.7791258685588,27.064771928844863,22.7791258685588,27.064771928844863,22.7791258685588,27.064771928844863
2021-08-28 12:00:00,5,38.0,38.0,0,0,23.186052284406596,24.649642442763565,23.186052284406596,24.649642442763565,23.186052284406596,24.649642442763565,23.186052284406596,24.649642442763565
2021-08-28 13:00:00,5,38.0,41.0,0,0,22.258124005060175,23.702618929052363,22.258124005060175,23.702618929052363,22.258124005060175,23.702618929052363,22.258124005060175,23.702618929052363
2021-08-28 14:00:00,5,38.0,41.0,0,0,23.040494734151387,26.74450776147925,23.040494734151387,26.74450776147925,23.040494734151387,26.74450776147925,23.040494734151387,26.74450776147925
2021-08-28 15:00:00,5,38.0,38.0,0,0,23.09839975924628,24.886199868352534,23.09839975924628,24.886199868352534,23.09839975924628,24.886199868352534,23.09839975924628,24.886199868352534
2021-08-28 16:00:00,5,46.0,52.0,0,0,23.261713873299275,25.384458046521267,23.261713873299275,25.384458046521267,23.261713873299275,25.384458046521267,23.261713873299275,25.384458046521267
2021-08-28 17:00:00,5,22.0,47.0,0,0,22.849048208858015,23.278452843106095,22.849048208858015,23.278452843106095,22.849048208858015,23.278452843106095,22.849048208858015,23.278452843106095
2021-08-29 11:00:00,5,17.0,41.0,0,1,22.63083703150039,23.851845568645306,22.63083703150039,23.851845568645306,22.63083703150039,23.851845568645306,22.63083703150039,23.851845568645306
2021-08-29 12:00:00,5,22.0,23.0,0,1,22.537256597485225,23.58447845532419,22.537256597485225,23.58447845532419,22.537256597485225,23.58447845532419,22.537256597485225,23.58447845532419
2021-08-29 13:00:00,5,19.0,19.0,0,1,22.858956088238894,24.044398065542314,22.858956088238894,24.044398065542314,22.858956088238894,24.044398065542314,22.858956088238894,24.044398065542314
2021-08-29 14:00:00,5,22.0,22.0,0,1,22.77380095011432,24.225939831992985,22.77380095011432,24.225939831992985,22.77380095011432,24.225939831992985,22.77380095011432,24.225939831992985
2021-08-29 15:00:00,5,21.0,21.0,0,1,22.41893952111544,23.436723819438413,22.41893952111544,23.436723819438413,22.41893952111544,23.436723819438413,22.41893952111544,23.436723819438413
2021-08-29 16:00:00,5,22.0,23.0,0,1,23.34573914577364,24.596193243120496,23.34573914577364,24.596193243120496,23.34573914577364,24.596193243120496,23.34573914577364,24.596193243120496
2021-08-29 17:00:00,5,26.0,26.0,0,1,23.1293654688317,24.528228111476068,23.1293654688317,24.528228111476068,23.1293654688317,24.528228111476068,23.1293654688317,24.528228111476068
2021-08-29 18:00:00,5,24.0,25.0,0,1,22.971340378342532,23.986873994504847,22.971340378342532,23.986873994504847,22.971340378342532,23.986873994504847,22.971340378342532,23.986873994504847
2021-08-29 19:00:00,5,21.0,21.0,0,1,23.14245654451452,23.862045440991196,23.14245654451452,23.862045440991196,23.14245654451452,23.862045440991196,23.14245654451452,23.862045440991196
2021-08-29 20:00:00,5,20.0,20.0,0,1,22.931600815653965,24.11892355417396,22.931600815653965,24.11892355417396,22.931600815653965,24.11892355417396,22.931600815653965,24.11892355417396
2021-08-29 21:00:00,5,20.0,21.0,0,1,22.411598729506224,23.375943745049742,22.411598729506224,23.375943745049742,22.411598729506224,23.375943745049742,22.411598729506224,23.375943745049742
2021-08-29 22:00:00,5,22.0,24.0,0,1,22.696896459093388,23.498908757192876,22.696896459093388,23.498908757192876,22.696896459093388,23.498908757192876,22.696896459093388,23.498908757192876
2021-08-29 23:00:00,5,20.0,21.0,0,1,22.537148753993787,23.706388711284582,22.537148753993787,23.706388711284582,22.537148753993787,23.706388711284582,22.537148753993787,23.706388711284582
2021-08-30 00:00:00,5,20.0,20.0,0,0,22.06886605123464,23.14611302665881,22.06886605123464,23.14611302665881,22.06886605123464,23.14611302665881,22.06886605123464,23.14611302665881
2021-08-30 01:00:00,5,21.0,23.0,0,0,22.059312775483725,23.44011201122515,22.059312775483725,23.44011201122515,22.059312775483725,23.44011201122515,22.059312775483725,23.44011201122515
2021-08-30 02:00:00,5,21.0,24.0,0,0,22.04361215579575,23.42174595229282,22.04361215579575,23.42174595229282,22.04361215579575,23.42174595229282,22.04361215579575,23.42174595229282
2021-08-30 03:00:00,5,20.0,21.0,0,0,22.067553994913663,23.7358749851621,22.067553994913663,23.7358749851621,22.067553994913663,23.7358749851621,22.067553994913663,23.7358749851621
2021-08-30 04:00:00,5,20.0,20.0,0,0,22.527976922820155,23.868014242991524,22.527976922820155,23.868014242991524,22.527976922820155,23.868014242991524,22.527976922820155,23.868014242991524
2021-08-30 05:00:00,5,20.0,20.0,0,0,22.298183842175035,23.609474422783816,22.298183842175035,23.609474422783816,22.298183842175035,23.609474422783816,22.298183842175035,23.609474422783816
2021-08-30 06:00:00,5,21.0,24.0,0,0,22.556163623508013,23.51654785243488,22.556163623508013,23.51654785243488,22.556163623508013,23.51654785243488,22.556163623508013,23.51654785243488
2021-08-30 07:00:00,5,52.0,80.0,0,0,60.610432977428886,95.84660000122297,60.610432977428886,95.84660000122297,110.3930385303182,128.4210248859121,110.3930385303182,128.4210248859121
2021-08-30 08:00:00,5,167.0,183.0,0,0,173.09317772252953,184.40816186123809,173.09317772252953,184.40816186123809,173.09317772252953,184.40816186123809,173.09317772252953,184.40816186123809
2021-08-30 09:00:00,5,170.0,180.0,0,0,175.9849741282878,182.65467283088134,175.9849741282878,182.65467283088134,175.9849741282878,182.65467283088134,175.9849741282878,182.65467283088134
2021-08-30 10:00:00,5,171.0,186.0,0,0,175.81713292169064,182.37017832253335,175.81713292169064,182.37017832253335,175.81713292169064,182.37017832253335,175.81713292169064,182.37017832253335
2021-08-30 11:00:00,5,171.0,180.0,0,0,178.58382920555223,186.09223503885363,178.58382920555223,186.09223503885363,178.58382920555223,186.09223503885363,178.58382920555223,186.09223503885363
2021-08-30 12:00:00,5,114.0,134.0,0,0,119.26800168152695,134.05267894649842,119.26800168152695,134.05267894649842,119.26800168152695,134.05267894649842,119.26800168152695,134.05267894649842
2021-08-30 13:00:00,5,172.0,177.0,0,0,178.6073708813101,186.7907617725336,178.6073708813101,186.7907617725336,178.6073708813101,186.7907617725336,178.6073708813101,186.7907617725336
2021-08-30 14:00:00,5,171.0,174.0,0,0,177.62885042515967,186.67136005737788,177.62885042515967,186.67136005737788,177.62885042515967,186.67136005737788,177.62885042515967,186.67136005737788
2021-08-30 15:00:00,5,160.0,177.0,0,0,159.21731692542278,175.12637473275123,159.21731692542278,175.12637473275123,159.21731692542278,175.12637473275123,159.21731692542278,175.12637473275123
2021-08-30 16:00:00,5,170.0,174.0,0,0,166.16681551634514,177.2033007695946,166.16681551634514,177.2033007695946,166.16681551634514,177.2033007695946,166.16681551634514,177.2033007695946
2021-08-30 17:00:00,5,140.0,172.0,0,0,134.76968494969773,157.00566812653463,134.76968494969773,157.00566812653463,134.76968494969773,157.00566812653463,134.76968494969773,157.00566812653463
2021-08-30 18:00:00,5,168.0,172.0,0,0,153.0446833333058,166.0724438755722,153.0446833333058,166.0724438755722,153.0446833333058,166.0724438755722,153.0446833333058,166.0724438755722
2021-08-30 19:00:00,5,144.0,162.0,0,0,129.63929648650554,132.49196416270595,129.63929648650554,132.49196416270595,129.63929648650554,132.49196416270595,129.63929648650554,132.49196416270595
2021-08-30 20:00:00,5,128.0,132.0,0,0,109.91084308531727,114.29836349772373,109.91084308531727,114.29836349772373,109.91084308531727,114.29836349772373,109.91084308531727,114.29836349772373
2021-08-30 21:00:00,5,129.0,135.0,0,0,109.21559147571402,114.66754045438631,109.21559147571402,114.66754045438631,109.21559147571402,114.66754045438631,109.21559147571402,114.66754045438631
2021-08-30 22:00:00,5,116.0,123.0,0,0,103.31348919097897,112.36435704665894,103.31348919097897,112.36435704665894,103.31348919097897,112.36435704665894,103.31348919097897,112.36435704665894
2021-08-30 23:00:00,5,105.0,115.0,0,0,97.04166289378061,110.58504840475767,97.04166289378061,110.58504840475767,97.04166289378061,110.58504840475767,97.04166289378061,110.58504840475767
2021-08-31 00:00:00,5,73.0,76.0,0,0,67.43470711754473,69.83487172114278,67.43470711754473,69.83487172114278,73.08807585192723,78.86180366080099,73.08807585192723,78.86180366080099
2021-08-31 01:00:00,5,106.0,111.0,0,0,102.53205415818216,111.97516270262844,102.53205415818216,111.97516270262844,102.53205415818216,111.97516270262844,102.53205415818216,111.97516270262844
2021-08-31 02:00:00,5,108.0,114.0,0,0,105.89406666932078,113.57518624782111,105.89406666932078,113.57518624782111,105.89406666932078,113.57518624782111,105.89406666932078,113.57518624782111
2021-08-31 03:00:00,5,101.0,107.0,0,0,102.28132064755978,113.00597608309697,102.28132064755978,113.00597608309697,102.28132064755978,113.00597608309697,102.28132064755978,113.00597608309697
2021-08-31 04:00:00,5,110.0,114.0,0,0,104.51143525087146,110.29202276838792,104.51143525087146,110.29202276838792,104.51143525087146,110.29202276838792,104.51143525087146,110.29202276838792
2021-08-31 05:00:00,5,93.0,114.0,0,0,88.22388018718105,103.80647054995164,88.22388018718105,103.80647054995164,88.22388018718105,103.80647054995164,88.22388018718105,103.80647054995164
2021-08-31 06:00:00,5,113.0,114.0,0,0,103.60019284759143,112.6462934324019,103.60019284759143,112.6462934324019,103.60019284759143,112.6462934324019,103.60019284759143,112.6462934324019
2021-08-31 07:00:00,5,123.0,144.0,0,0,129.69900307657574,147.2857302898646,129.69900307657574,147.2857302898646,129.69900307657574,147.2857302898646,129.69900307657574,147.2857302898646
2021-08-31 08:00:00,5,167.0,177.0,0,0,165.77640970200733,176.52898154834796,165.77640970200733,176.52898154834796,165.77640970200733,176.52898154834796,165.77640970200733,176.52898154834796
2021-08-31 09:00:00,5,169.0,185.0,0,0,165.97959636074242,177.96246662701054,165.97959636074242,177.96246662701054,165.97959636074242,177.96246662701054,165.97959636074242,177.96246662701054
2021-08-31 10:00:00,5,176.0,187.0,1,0,164.40917942053898,176.20430113501166,164.40917942053898,176.20430113501166,164.40917942053898,176.20430113501166,164.40917942053898,176.20430113501166
2021-08-31 11:00:00,5,165.0,182.0,0,0,165.03131915202084,175.47747870235892,165.03131915202084,175.47747870235892,165.03131915202084,175.47747870235892,165.03131915202084,175.47747870235892
2021-08-31 12:00:00,5,112.0,135.0,0,0,112.01280866946949,131.13570849664546,112.01280866946949,131.13570849664546,112.01280866946949,131.13570849664546,112.01280866946949,131.13570849664546
2021-08-31 13:00:00,5,174.0,184.0,0,0,167.6093312166753,176.67615096124885,167.6093312166753,176.67615096124885,167.6093312166753,176.67615096124885,167.6093312166753,176.67615096124885
2021-08-31 14:00:00,5,182.0,187.0,1,0,169.4297251506799,177.50932540657982,169.4297251506799,177.50932540657982,169.4297251506799,177.50932540657982,169.4297251506799,177.50932540657982
2021-08-31 15:00:00,5,157.0,170.0,0,0,153.01540259757198,168.7923663320318,153.01540259757198,168.7923663320318,153.01540259757198,168.7923663320318,153.01540259757198,168.7923663320318
2021-08-31 16:00:00,5,167.0,180.0,0,0,154.9739543630078,166.42016862050494,154.9739543630078,166.42016862050494,154.9739543630078,166.42016862050494,154.9739543630078,166.42016862050494
2021-08-31 17:00:00,5,125.0,139.0,0,0,140.17153094491002,158.84415622530506,140.17153094491002,158.84415622530506,140.17153094491002,158.84415622530506,140.17153094491002,158.84415622530506
2021-08-31 18:00:00,5,156.0,162.0,0,0,154.40106589558167,161.66213389340493,154.40106589558167,161.66213389340493,154.40106589558167,161.66213389340493,154.40106589558167,161.66213389340493
2021-08-31 19:00:00,5,148.0,154.0,0,0,148.4192850026953,162.8127801948735,148.4192850026953,162.8127801948735,148.4192850026953,162.8127801948735,148.4192850026953,162.8127801948735
2021-08-31 20:00:00,5,147.0,152.0,0,0,127.34706012932439,130.80027667139572,127.34706012932439,130.80027667139572,127.34706012932439,130.80027667139572,127.34706012932439,130.80027667139572
2021-08-31 21:00:00,5,131.0,132.0,0,0,125.57567719143397,126.08812099629321,125.57567719143397,126.08812099629321,125.57567719143397,126.08812099629321,125.57567719143397,126.08812099629321
2021-08-31 22:00:00,5,119.0,127.0,0,0,113.09983289476904,119.52615241981579,113.09983289476904,119.52615241981579,113.09983289476904,119.52615241981579,113.09983289476904,119.52615241981579
2021-08-31 23:00:00,5,112.0,128.0,0,0,105.72771469021647,117.48507253004155,105.72771469021647,117.48507253004155,105.72771469021647,117.48507253004155,105.72771469021647,117.48507253004155
